timestamp,iso_time,TimeSampling,bmsVolts,bmsTemp,bmsCurrent,bmsSOC,engineTemp,ECUBattV,speed,RPM,throttle,steering,HyStatus,Gear,RawBrake,imuAx,imuAy,imuAz,imuGx,imuGy,imuGz,susp1Raw,susp2Raw,susp3Raw,susp4Raw,rpmPa15,rpmPb3,rpmPb5,rpmPb8,vescRpmLeft,vescRpmRight,apps1,apps2,pedal,duty,leftMotor,rightMotor
1777981417824,2026-05-05T11:43:37.824Z,1614713,783.5,38,8,32.4,78,1.4,41,7271,9,-30.7,0,3,983,-3.077,-13.921,,,,25.6,,,,,,,,,,,,,,,,
1777981417923,2026-05-05T11:43:37.923Z,1614813,742.4,54,31.8,61.7,86,1.22,29,9668,4,21.3,1,0,632,-4.627,-8.771,,,,12.1,,,,,,,,,,,,,,,,
1777981418023,2026-05-05T11:43:38.023Z,1614913,738.3,43,12,31.5,85,1.36,97,3356,58,31.7,1,5,882,-3.712,-0.917,,,,16.2,,,,,,,,,,,,,,,,
1777981418123,2026-05-05T11:43:38.123Z,1615013,763.8,47,2.9,39.5,100,1.29,64,2540,27,24.7,1,0,151,-5.226,14.164,,,,-25.8,,,,,,,,,,,,,,,,
1777981418223,2026-05-05T11:43:38.223Z,1615113,781.5,42,31.9,59.6,99,1.29,6,11230,36,17.3,0,6,107,-12.464,10.884,,,,-17.1,,,,,,,,,,,,,,,,
1777981418323,2026-05-05T11:43:38.323Z,1615213,793.3,54,5.3,52.3,78,1.32,96,5988,58,40.6,1,3,478,-0.209,9.217,,,,-10.8,,,,,,,,,,,,,,,,
1777981418423,2026-05-05T11:43:38.423Z,1615313,789.4,33,0.7,34.1,77,1.28,67,2475,63,-20.5,1,2,660,3.528,8.216,,,,37.1,,,,,,,,,,,,,,,,
1777981418523,2026-05-05T11:43:38.523Z,1615413,800.1,37,11.3,37.9,84,1.42,117,8236,5,-38.2,0,1,369,1.988,13.236,,,,5.5,,,,,,,,,,,,,,,,
1777981418623,2026-05-05T11:43:38.623Z,1615513,822.6,50,41.3,47.4,88,1.4,76,3196,19,19.2,1,6,118,-2.031,13.885,,,,17.5,,,,,,,,,,,,,,,,
1777981418723,2026-05-05T11:43:38.723Z,1615613,752,35,33.5,65.4,70,1.24,36,4861,64,45,0,3,997,10.848,1.893,,,,-37.5,,,,,,,,,,,,,,,,
1777981418823,2026-05-05T11:43:38.823Z,1615713,750.8,48,29.5,30.4,90,1.27,56,8056,68,17.2,1,3,720,-2.288,-5.43,,,,-23.5,,,,,,,,,,,,,,,,
1777981418923,2026-05-05T11:43:38.923Z,1615813,777.8,52,9.3,34.5,91,1.25,20,9070,18,-13.2,1,2,799,-13.35,-12.395,,,,-36.6,,,,,,,,,,,,,,,,
1777981419023,2026-05-05T11:43:39.023Z,1615913,820.5,44,45.5,86.2,92,1.3,85,10082,0,17.5,0,6,656,2.314,0.855,,,,20.9,,,,,,,,,,,,,,,,
1777981419122,2026-05-05T11:43:39.122Z,1616013,743,41,3.6,38.4,82,1.33,3,1520,17,-21.2,0,4,704,2.009,2.477,,,,27,,,,,,,,,,,,,,,,
1777981419223,2026-05-05T11:43:39.223Z,1616113,730.3,44,42.5,56.7,76,1.38,55,6241,42,8.8,0,0,295,12.178,-10.6,,,,7,,,,,,,,,,,,,,,,
1777981419323,2026-05-05T11:43:39.323Z,1616213,836.3,48,43.1,45.7,91,1.44,87,9910,14,-40.4,0,2,152,-11.953,14.562,,,,-3.5,,,,,,,,,,,,,,,,
1777981419423,2026-05-05T11:43:39.423Z,1616313,751,50,7.6,11.9,93,1.28,49,6482,45,-6.4,0,2,285,-3.583,-7.038,,,,0.9,,,,,,,,,,,,,,,,
1777981419523,2026-05-05T11:43:39.523Z,1616413,829.8,32,1.7,16.8,99,1.43,41,2403,6,-18.2,0,5,312,7.823,-10.852,,,,5.4,,,,,,,,,,,,,,,,
1777981419623,2026-05-05T11:43:39.623Z,1616513,825.5,32,11.8,75.2,93,1.4,75,1883,10,40,0,3,576,5.462,-0.682,,,,13.9,,,,,,,,,,,,,,,,
1777981419723,2026-05-05T11:43:39.723Z,1616613,746.9,30,2.1,89.7,100,1.23,47,10050,95,-16.4,0,2,1011,-1.612,-1.251,,,,-42,,,,,,,,,,,,,,,,
1777981419822,2026-05-05T11:43:39.822Z,1616713,750.4,45,1.2,99.6,75,1.22,74,906,9,40.3,1,5,233,-2.093,4.255,,,,3.6,,,,,,,,,,,,,,,,
1777981419923,2026-05-05T11:43:39.923Z,1616813,768.5,37,36.7,78.3,74,1.29,99,1555,51,-26.5,1,2,209,7.861,-5.748,,,,-9.8,,,,,,,,,,,,,,,,
1777981420023,2026-05-05T11:43:40.023Z,1616913,735.2,49,15.4,82.7,91,1.22,63,799,59,-2.6,0,4,677,-11.28,-0.43,,,,-32.1,,,,,,,,,,,,,,,,
1777981420123,2026-05-05T11:43:40.123Z,1617013,780.4,43,17.3,7.9,73,1.36,83,3374,71,41.2,1,2,218,11.833,-2.314,,,,45.5,,,,,,,,,,,,,,,,
1777981420223,2026-05-05T11:43:40.223Z,1617113,816.4,38,16.5,61.3,93,1.38,112,4130,41,-26.3,1,0,499,-11.564,-3.241,,,,-32.2,,,,,,,,,,,,,,,,
1777981420323,2026-05-05T11:43:40.323Z,1617213,808,50,44.6,59.6,83,1.32,88,2377,38,19.7,1,1,151,9.259,4.778,,,,25.5,,,,,,,,,,,,,,,,
1777981420423,2026-05-05T11:43:40.423Z,1617313,785.5,31,13.2,98.4,84,1.41,64,11353,53,38.5,0,0,760,-3.978,-6.761,,,,-43.1,,,,,,,,,,,,,,,,
1777981420523,2026-05-05T11:43:40.523Z,1617413,788.3,46,41.8,51.9,75,1.33,69,7094,83,34.9,1,6,285,-8.243,-10.785,,,,4.1,,,,,,,,,,,,,,,,
1777981420623,2026-05-05T11:43:40.623Z,1617513,727.1,37,29.5,43.6,93,1.44,62,4235,48,6,1,1,970,12.678,0.964,,,,35.1,,,,,,,,,,,,,,,,
1777981420723,2026-05-05T11:43:40.723Z,1617613,739.9,32,45.3,92.8,79,1.4,107,5944,51,11.1,0,4,838,-11.104,-3.728,,,,13.3,,,,,,,,,,,,,,,,
1777981420823,2026-05-05T11:43:40.823Z,1617713,797.8,34,11,31.1,79,1.42,28,9123,96,30.1,1,2,370,11.494,3.688,,,,-9.4,,,,,,,,,,,,,,,,
1777981420923,2026-05-05T11:43:40.923Z,1617813,721.6,33,13.8,69.5,84,1.43,79,7450,55,36.1,0,6,670,13.753,8.129,,,,40.8,,,,,,,,,,,,,,,,
1777981421023,2026-05-05T11:43:41.023Z,1617913,726.4,40,39.3,67.1,83,1.35,102,6440,46,29.6,0,1,777,1.261,-8.57,,,,-49.9,,,,,,,,,,,,,,,,
1777981421122,2026-05-05T11:43:41.122Z,1618013,829.2,45,27.8,80.8,80,1.43,34,969,57,18.4,1,4,566,6.687,7.328,,,,41.5,,,,,,,,,,,,,,,,
1777981421223,2026-05-05T11:43:41.223Z,1618113,736.2,50,48.3,45.6,93,1.23,118,10203,76,-33.5,0,0,546,13.232,4.608,,,,-38.8,,,,,,,,,,,,,,,,
1777981421323,2026-05-05T11:43:41.323Z,1618213,742.1,48,29.3,74.2,76,1.35,100,9265,69,-39.1,0,4,700,8.387,12.322,,,,38.1,,,,,,,,,,,,,,,,
1777981421422,2026-05-05T11:43:41.422Z,1618313,770,34,5.4,65.7,96,1.39,42,7564,0,-5.5,0,6,698,-0.549,-3.025,,,,-9.6,,,,,,,,,,,,,,,,
1777981421522,2026-05-05T11:43:41.522Z,1618413,746.1,46,15.4,26.3,97,1.31,83,938,26,21.1,1,0,414,4.94,5.263,,,,42.5,,,,,,,,,,,,,,,,
1777981421623,2026-05-05T11:43:41.623Z,1618513,725.2,30,42.2,32.7,76,1.42,42,11696,61,-42.8,0,5,153,-1.141,-13.808,,,,43.7,,,,,,,,,,,,,,,,
1777981421723,2026-05-05T11:43:41.723Z,1618613,768.2,54,9.4,12,78,1.22,32,6766,53,-7.7,1,3,529,-10.261,8.144,,,,41.1,,,,,,,,,,,,,,,,
1777981421823,2026-05-05T11:43:41.823Z,1618713,822.7,34,11.6,82,82,1.44,83,10295,79,3.9,1,2,692,11.888,-14.143,,,,-1.5,,,,,,,,,,,,,,,,
1777981421923,2026-05-05T11:43:41.923Z,1618813,788.5,40,47.4,24.3,76,1.34,91,10449,17,-4,0,2,1008,-9.499,5.385,,,,4.8,,,,,,,,,,,,,,,,
1777981422022,2026-05-05T11:43:42.022Z,1618913,737.5,38,2.1,23.1,74,1.36,79,9220,92,-26.8,1,1,895,9.842,7.827,,,,38.2,,,,,,,,,,,,,,,,
1777981422123,2026-05-05T11:43:42.123Z,1619013,757,43,47.9,81.3,86,1.36,7,3117,1,-20.5,0,5,737,-9.704,-13.228,,,,45.4,,,,,,,,,,,,,,,,
1777981422222,2026-05-05T11:43:42.222Z,1619113,813,44,6.7,45.1,87,1.27,40,8094,16,18.5,0,0,229,5.611,8.987,,,,38.4,,,,,,,,,,,,,,,,
1777981422324,2026-05-05T11:43:42.324Z,1619213,767.2,41,2.2,3.6,92,1.41,102,8035,12,-3.9,1,3,962,-13.088,1.186,,,,-43.2,,,,,,,,,,,,,,,,
1777981422423,2026-05-05T11:43:42.423Z,1619313,753.1,31,13.8,70.2,79,1.31,45,5604,59,26.8,1,4,930,-14.476,3.784,,,,-49.3,,,,,,,,,,,,,,,,
1777981422522,2026-05-05T11:43:42.522Z,1619413,758.7,33,8.4,93.9,78,1.39,57,1408,35,0.4,1,4,700,-11.183,3.714,,,,39.3,,,,,,,,,,,,,,,,
1777981422623,2026-05-05T11:43:42.623Z,1619513,722.8,53,48.1,14,73,1.41,109,2818,43,-0.1,0,1,982,-2.005,-7.04,,,,-6.3,,,,,,,,,,,,,,,,
1777981422723,2026-05-05T11:43:42.723Z,1619613,733.3,33,28.5,30.6,89,1.41,113,11443,76,36.7,1,4,127,6.015,-9.974,,,,-36.3,,,,,,,,,,,,,,,,
1777981422823,2026-05-05T11:43:42.823Z,1619713,822.2,52,22,92.3,97,1.33,76,8354,22,35.3,1,4,902,14.617,-3.892,,,,23.2,,,,,,,,,,,,,,,,
1777981422922,2026-05-05T11:43:42.922Z,1619813,763.5,30,25.9,38.2,78,1.4,50,185,53,20.2,1,3,368,11.271,7.865,,,,-7.1,,,,,,,,,,,,,,,,
1777981423023,2026-05-05T11:43:43.023Z,1619913,763.3,40,20.8,31.7,78,1.37,18,661,65,-18.9,1,4,628,-12.337,0.653,,,,25.3,,,,,,,,,,,,,,,,
1777981423123,2026-05-05T11:43:43.123Z,1620013,730.4,43,15.7,9.3,99,1.37,115,9387,92,37.2,1,0,792,9.016,-5.186,,,,-35.2,,,,,,,,,,,,,,,,
1777981423223,2026-05-05T11:43:43.223Z,1620113,832.8,40,23.9,25.7,77,1.44,108,5431,66,17.7,1,3,956,8.814,5.906,,,,12.2,,,,,,,,,,,,,,,,
1777981423323,2026-05-05T11:43:43.323Z,1620213,788.8,44,44.4,76,91,1.39,28,3171,16,41.3,1,2,434,-1.411,-13.291,,,,30.6,,,,,,,,,,,,,,,,
1777981423423,2026-05-05T11:43:43.423Z,1620313,774.2,40,18.7,34.9,100,1.43,70,1386,91,33.6,1,2,169,-13.641,-6.718,,,,-22.5,,,,,,,,,,,,,,,,
1777981423523,2026-05-05T11:43:43.523Z,1620413,749.7,37,2,61.6,71,1.32,83,11682,33,-35.5,1,5,967,0.781,4.803,,,,-40.2,,,,,,,,,,,,,,,,
1777981423622,2026-05-05T11:43:43.622Z,1620513,793.6,54,10.3,82.2,72,1.23,97,669,1,-28.1,1,5,53,-9.008,11.749,,,,30.5,,,,,,,,,,,,,,,,
1777981423723,2026-05-05T11:43:43.723Z,1620613,724.3,37,13,76.2,88,1.29,104,4456,74,-37.6,0,0,48,9.253,2.475,,,,48.4,,,,,,,,,,,,,,,,
1777981423823,2026-05-05T11:43:43.823Z,1620713,815.3,52,42.5,91.9,73,1.24,81,2577,69,30.5,0,4,122,-8.464,5.17,,,,-21.1,,,,,,,,,,,,,,,,
1777981423923,2026-05-05T11:43:43.923Z,1620813,803.4,41,43.2,19.7,100,1.41,104,7898,90,-4,0,6,8,-3.539,1.528,,,,-15.7,,,,,,,,,,,,,,,,
1777981424022,2026-05-05T11:43:44.022Z,1620913,831.6,48,1.8,50,80,1.33,2,9831,63,5.4,1,3,626,-0.297,2.199,,,,-29.9,,,,,,,,,,,,,,,,
1777981424122,2026-05-05T11:43:44.122Z,1621013,743.5,48,31.5,6.4,77,1.21,37,311,47,-16.7,0,0,212,6.486,0.565,,,,-47.4,,,,,,,,,,,,,,,,
1777981424223,2026-05-05T11:43:44.223Z,1621113,839,31,7,29.9,88,1.33,53,9165,10,20.1,0,1,791,13.719,6.12,,,,-4.1,,,,,,,,,,,,,,,,
1777981424323,2026-05-05T11:43:44.323Z,1621213,834.3,48,21.4,84.6,95,1.24,88,4649,14,-38.9,0,3,826,9.609,4.091,,,,-11.2,,,,,,,,,,,,,,,,
1777981424423,2026-05-05T11:43:44.423Z,1621313,736.9,46,36.8,92.6,85,1.33,93,4478,76,30.1,0,2,147,10.021,-7.593,,,,27.8,,,,,,,,,,,,,,,,
1777981424523,2026-05-05T11:43:44.523Z,1621413,725.5,40,30.4,65,77,1.34,83,3449,29,-10.5,1,0,928,-2.077,2.899,,,,43.3,,,,,,,,,,,,,,,,
1777981424623,2026-05-05T11:43:44.623Z,1621513,809.9,50,25.6,88.5,76,1.34,24,6473,66,30.3,0,3,996,-14.286,-8.369,,,,30.5,,,,,,,,,,,,,,,,
1777981424722,2026-05-05T11:43:44.722Z,1621613,789,41,0.6,60.9,85,1.28,1,8405,29,4.1,1,0,494,-14.348,-6.254,,,,-17.7,,,,,,,,,,,,,,,,
1777981424823,2026-05-05T11:43:44.823Z,1621713,777,34,8.4,76.8,97,1.37,30,10191,95,-28.1,1,5,851,-9.01,3.91,,,,-23.4,,,,,,,,,,,,,,,,
1777981424923,2026-05-05T11:43:44.923Z,1621813,780.3,55,6,1.3,80,1.24,103,9564,26,-13.4,1,4,580,-6.715,-7.571,,,,22,,,,,,,,,,,,,,,,
1777981425022,2026-05-05T11:43:45.022Z,1621913,836.1,31,28,92.5,74,1.32,91,8997,16,3,0,1,168,11.348,4.876,,,,32.8,,,,,,,,,,,,,,,,
1777981425123,2026-05-05T11:43:45.123Z,1622013,807.5,39,17.1,49.6,75,1.42,80,11483,99,-35.5,1,4,809,-1.652,11.182,,,,34.4,,,,,,,,,,,,,,,,
1777981425223,2026-05-05T11:43:45.223Z,1622113,772.7,31,22.5,54.5,95,1.37,96,2785,29,22,1,4,884,9.011,-3.546,,,,-42.6,,,,,,,,,,,,,,,,
1777981425323,2026-05-05T11:43:45.323Z,1622213,769,55,27.4,32.2,88,1.4,65,1729,67,-2.1,0,3,251,-12.151,3.137,,,,-4.1,,,,,,,,,,,,,,,,
1777981425423,2026-05-05T11:43:45.423Z,1622313,738.9,42,41.6,23.9,85,1.39,75,10212,57,17.9,0,6,679,0.138,-10.433,,,,-11.4,,,,,,,,,,,,,,,,
1777981425522,2026-05-05T11:43:45.522Z,1622413,790.8,39,29.6,9.8,71,1.21,38,8677,65,-6.5,0,0,61,4.401,-2.396,,,,-31.9,,,,,,,,,,,,,,,,
1777981425623,2026-05-05T11:43:45.623Z,1622513,780.9,39,48.9,37.4,76,1.39,107,11822,72,41.1,1,2,11,10.369,6.987,,,,-42,,,,,,,,,,,,,,,,
1777981425723,2026-05-05T11:43:45.723Z,1622613,799.6,34,45.6,21.1,78,1.3,87,4394,28,-25.8,1,6,538,-14.372,-10.671,,,,38.5,,,,,,,,,,,,,,,,
1777981425822,2026-05-05T11:43:45.822Z,1622713,829.9,41,0.7,83.3,88,1.24,90,1803,9,40.9,0,4,941,1.842,-3.074,,,,3.9,,,,,,,,,,,,,,,,
1777981425923,2026-05-05T11:43:45.923Z,1622813,799.2,41,35.3,37,95,1.44,62,9456,76,-9.3,1,5,736,12.153,3.247,,,,-3.5,,,,,,,,,,,,,,,,
1777981426022,2026-05-05T11:43:46.022Z,1622913,791.3,44,6.8,44.3,78,1.4,110,7864,35,30.8,1,6,925,9.731,13.226,,,,-3.2,,,,,,,,,,,,,,,,
1777981426122,2026-05-05T11:43:46.122Z,1623013,727.1,49,21,36.9,76,1.37,72,6527,83,5.8,0,0,308,7.711,-2.572,,,,33,,,,,,,,,,,,,,,,
1777981426222,2026-05-05T11:43:46.222Z,1623113,767.5,54,6.5,26.8,91,1.37,54,8047,45,14.2,1,0,931,6.64,-6.993,,,,-42.7,,,,,,,,,,,,,,,,
1777981426323,2026-05-05T11:43:46.323Z,1623213,805.6,32,48.9,81.2,80,1.22,65,3878,67,-30.7,1,4,589,-8.408,-9.163,,,,12.7,,,,,,,,,,,,,,,,
1777981426422,2026-05-05T11:43:46.422Z,1623313,833.2,47,23.1,2,74,1.33,33,2718,34,19.8,0,5,358,10.372,7.539,,,,-3.6,,,,,,,,,,,,,,,,
1777981426523,2026-05-05T11:43:46.523Z,1623413,810.7,54,45.3,66.7,100,1.33,102,2506,84,-18.9,0,1,309,10.956,2.598,,,,-42.1,,,,,,,,,,,,,,,,
1777981426623,2026-05-05T11:43:46.623Z,1623513,730.8,47,34.3,85.4,81,1.37,66,11042,35,37,0,4,983,-4.136,-5.466,,,,-45.2,,,,,,,,,,,,,,,,
1777981426723,2026-05-05T11:43:46.723Z,1623613,746.2,30,14.8,95.6,73,1.38,30,2814,73,23.8,1,1,191,-8.105,-12.857,,,,10.8,,,,,,,,,,,,,,,,
1777981426823,2026-05-05T11:43:46.823Z,1623713,811,33,22.6,38.7,79,1.26,28,11583,68,-22.1,1,5,808,-13.182,-0.754,,,,-27.5,,,,,,,,,,,,,,,,
1777981426922,2026-05-05T11:43:46.922Z,1623813,721.8,54,28.8,46,81,1.28,17,2027,3,23.5,0,4,942,10.457,-7.816,,,,7.3,,,,,,,,,,,,,,,,
1777981427023,2026-05-05T11:43:47.023Z,1623913,794.1,31,3.7,96.2,82,1.38,110,10746,33,26.6,0,2,648,-11.222,2.111,,,,-46.7,,,,,,,,,,,,,,,,
1777981427122,2026-05-05T11:43:47.122Z,1624013,796.1,34,29.2,7.1,73,1.22,38,1410,29,27.2,1,2,944,-9.888,6.494,,,,30.9,,,,,,,,,,,,,,,,
1777981427222,2026-05-05T11:43:47.222Z,1624113,791.2,48,10.9,79.9,79,1.33,90,67,59,-3.1,0,1,876,-6.304,6.043,,,,-7.7,,,,,,,,,,,,,,,,
1777981427322,2026-05-05T11:43:47.322Z,1624213,772.2,39,47.5,12.4,100,1.37,20,6979,56,28,0,1,713,2.769,7.862,,,,1.6,,,,,,,,,,,,,,,,
1777981427423,2026-05-05T11:43:47.423Z,1624313,768.1,51,36,13.2,71,1.24,108,2881,49,-9.1,1,3,587,-12.523,11.208,,,,37.2,,,,,,,,,,,,,,,,
1777981427522,2026-05-05T11:43:47.522Z,1624413,831.9,42,36.7,46.8,95,1.3,12,6326,95,40.6,0,6,843,7.976,-8.626,,,,43.1,,,,,,,,,,,,,,,,
1777981427622,2026-05-05T11:43:47.622Z,1624513,751.6,34,21.2,12.7,87,1.21,53,9152,39,-28.4,1,6,690,-1.388,-9.612,,,,3.8,,,,,,,,,,,,,,,,
1777981427722,2026-05-05T11:43:47.722Z,1624613,816.1,44,21.4,83.7,70,1.22,22,4634,66,-39.2,0,2,757,3.334,4.848,,,,13.2,,,,,,,,,,,,,,,,
1777981427823,2026-05-05T11:43:47.823Z,1624713,780.4,45,39.3,83.9,83,1.37,118,693,43,-21.5,1,1,124,10.924,-0.938,,,,-41.1,,,,,,,,,,,,,,,,
1777981427922,2026-05-05T11:43:47.922Z,1624813,835,45,24.2,7.6,78,1.25,63,6321,25,32.9,0,3,892,0.433,4.114,,,,-0.5,,,,,,,,,,,,,,,,
1777981428023,2026-05-05T11:43:48.023Z,1624913,801.5,38,34.1,88.7,100,1.21,73,2340,37,32.5,0,4,842,-11.095,9.436,,,,25.8,,,,,,,,,,,,,,,,
1777981428123,2026-05-05T11:43:48.123Z,1625013,739.2,36,19.2,64.7,75,1.36,31,10761,78,-25.9,0,0,533,-12.948,3.252,,,,-20.7,,,,,,,,,,,,,,,,
1777981428223,2026-05-05T11:43:48.223Z,1625113,799.8,48,16.2,28,76,1.25,28,6843,59,-11.8,1,6,246,-14.568,-12.368,,,,-6.6,,,,,,,,,,,,,,,,
1777981428322,2026-05-05T11:43:48.322Z,1625213,822.4,32,7,31.4,88,1.2,33,6445,15,15.4,1,4,122,14.341,10.659,,,,-4.2,,,,,,,,,,,,,,,,
1777981428423,2026-05-05T11:43:48.423Z,1625313,778.6,45,47.4,41.3,97,1.24,29,5231,3,36,0,1,14,6.687,1.251,,,,-28.2,,,,,,,,,,,,,,,,
1777981428523,2026-05-05T11:43:48.523Z,1625413,764.7,39,21.3,75,86,1.36,55,9061,20,-10.8,0,1,600,7.378,11.021,,,,-45.9,,,,,,,,,,,,,,,,
1777981428622,2026-05-05T11:43:48.622Z,1625513,763.8,36,0.4,11.6,99,1.43,77,8708,51,43.2,0,0,861,-2.543,-10.03,,,,38.6,,,,,,,,,,,,,,,,
1777981428723,2026-05-05T11:43:48.723Z,1625613,785.9,36,12.1,11.2,82,1.35,22,6481,43,-36.2,0,4,736,10.108,1.145,,,,-25.7,,,,,,,,,,,,,,,,
1777981428823,2026-05-05T11:43:48.823Z,1625713,770.1,55,27.4,29,100,1.35,101,10494,21,-14.6,1,5,434,13.892,11.991,,,,41.7,,,,,,,,,,,,,,,,
1777981428922,2026-05-05T11:43:48.922Z,1625813,775.8,51,23.1,63.4,81,1.38,49,5975,17,4.6,1,2,31,8.674,-11.025,,,,-28.9,,,,,,,,,,,,,,,,
1777981429023,2026-05-05T11:43:49.023Z,1625913,826.4,47,24.3,29.1,82,1.41,104,10439,23,30.9,0,4,957,-9.78,-12.744,,,,33.2,,,,,,,,,,,,,,,,
1777981429123,2026-05-05T11:43:49.123Z,1626013,747.1,50,48.9,71.6,75,1.37,95,6138,95,-38.5,0,4,565,-3.541,10.513,,,,43.5,,,,,,,,,,,,,,,,
1777981429223,2026-05-05T11:43:49.223Z,1626113,734,44,1.8,31.2,89,1.28,87,1917,66,8.5,1,3,135,11.591,-2.592,,,,38.6,,,,,,,,,,,,,,,,
1777981429323,2026-05-05T11:43:49.323Z,1626213,826.1,51,5.5,79.7,79,1.25,71,2933,36,21.2,1,4,623,-8.325,4.197,,,,48.6,,,,,,,,,,,,,,,,
1777981429423,2026-05-05T11:43:49.423Z,1626313,824.8,37,1.3,89.3,74,1.36,0,11887,77,12.5,1,5,556,14.564,7.677,,,,42.5,,,,,,,,,,,,,,,,
1777981429523,2026-05-05T11:43:49.523Z,1626413,762,49,31.2,85.3,80,1.25,68,3380,35,-5.8,0,0,117,9.144,1.848,,,,-14.6,,,,,,,,,,,,,,,,
1777981429623,2026-05-05T11:43:49.623Z,1626513,749.8,35,7.7,7,89,1.26,98,9552,58,37.1,0,3,497,-1.202,-7.433,,,,25.3,,,,,,,,,,,,,,,,
1777981429724,2026-05-05T11:43:49.724Z,1626613,814.1,38,28.3,83,100,1.21,46,1383,19,-20.1,0,6,137,-5.259,-11.872,,,,-26.3,,,,,,,,,,,,,,,,
1777981429823,2026-05-05T11:43:49.823Z,1626713,746.4,31,22.5,7.8,80,1.41,78,6923,78,-15.2,1,3,22,13.084,0.319,,,,-34.7,,,,,,,,,,,,,,,,
1777981429923,2026-05-05T11:43:49.923Z,1626813,829.1,50,27,77.6,96,1.28,10,6931,72,1.8,1,6,933,8.656,13.761,,,,47.9,,,,,,,,,,,,,,,,
1777981430024,2026-05-05T11:43:50.024Z,1626913,742.1,48,20,78.5,73,1.24,41,11421,95,-32.4,1,2,858,-13.362,4.028,,,,-21.6,,,,,,,,,,,,,,,,
1777981430123,2026-05-05T11:43:50.123Z,1627013,826.6,37,18.4,11.4,72,1.29,44,11431,61,-21.5,0,5,877,11.785,8.611,,,,19.9,,,,,,,,,,,,,,,,
1777981430223,2026-05-05T11:43:50.223Z,1627113,776.9,52,3.2,26.3,83,1.38,17,8065,44,-13.3,0,5,918,10.884,1.472,,,,36.3,,,,,,,,,,,,,,,,
1777981430323,2026-05-05T11:43:50.323Z,1627213,738.7,46,5,86,94,1.35,79,4585,0,20.3,1,3,219,0.92,-4.698,,,,11.1,,,,,,,,,,,,,,,,
1777981430424,2026-05-05T11:43:50.424Z,1627313,830.3,51,44.9,74.4,71,1.21,23,9476,13,-17.6,1,2,671,-10.457,2.622,,,,-34.5,,,,,,,,,,,,,,,,
1777981430523,2026-05-05T11:43:50.523Z,1627413,765.9,44,46.9,35.3,71,1.43,108,10889,85,-29.9,1,1,8,1.273,-4.778,,,,8.6,,,,,,,,,,,,,,,,
1777981430623,2026-05-05T11:43:50.623Z,1627513,810.5,52,5.4,27.1,87,1.38,10,3432,93,42.2,1,2,451,-3.69,-6.565,,,,-18.7,,,,,,,,,,,,,,,,
1777981430723,2026-05-05T11:43:50.723Z,1627613,837.1,55,37.8,33.7,79,1.37,60,6080,1,25.8,0,4,671,7.237,-3.342,,,,-1.7,,,,,,,,,,,,,,,,
1777981430824,2026-05-05T11:43:50.824Z,1627713,735.8,34,40.4,22.5,87,1.31,65,6785,27,-22.6,0,5,578,-4.01,-11.697,,,,23.7,,,,,,,,,,,,,,,,
1777981430923,2026-05-05T11:43:50.923Z,1627813,808.6,34,27.3,10.1,76,1.43,15,5898,11,9.7,0,2,591,-11.79,-8.53,,,,28.1,,,,,,,,,,,,,,,,
1777981431023,2026-05-05T11:43:51.023Z,1627913,756.3,48,19.5,25.9,96,1.3,20,5877,41,-39.5,1,5,21,-3.656,-3.552,,,,21,,,,,,,,,,,,,,,,
1777981431123,2026-05-05T11:43:51.123Z,1628013,751.8,47,39.5,0.5,95,1.4,29,4666,73,-15.1,1,0,1019,11.306,10.451,,,,49.9,,,,,,,,,,,,,,,,
1777981431223,2026-05-05T11:43:51.223Z,1628113,774.7,52,17.6,48.6,93,1.31,37,2489,73,44.8,1,3,649,-9.441,-1.492,,,,2.9,,,,,,,,,,,,,,,,
1777981431323,2026-05-05T11:43:51.323Z,1628213,794.7,55,48.4,82.6,71,1.41,7,2038,38,24.2,1,1,354,-10.707,-14.695,,,,43.8,,,,,,,,,,,,,,,,
1777981431424,2026-05-05T11:43:51.424Z,1628313,769.2,35,29.1,27.8,94,1.37,35,11746,17,-12.4,0,0,369,6.114,12.396,,,,-19,,,,,,,,,,,,,,,,
1777981431523,2026-05-05T11:43:51.523Z,1628413,792.5,31,12.8,77.9,77,1.4,3,7837,65,44,1,3,350,9.97,11.046,,,,10.5,,,,,,,,,,,,,,,,
1777981431624,2026-05-05T11:43:51.624Z,1628513,764.2,34,29.5,37.1,86,1.37,116,4150,89,31.6,1,2,959,-4.82,-13.957,,,,-2.7,,,,,,,,,,,,,,,,
1777981431723,2026-05-05T11:43:51.723Z,1628613,767,42,8.9,90.7,96,1.2,109,4461,61,40,0,1,566,8.262,8.889,,,,-2,,,,,,,,,,,,,,,,
1777981431823,2026-05-05T11:43:51.823Z,1628713,737,43,13.7,48.5,80,1.38,1,8320,59,41.8,1,1,51,-0.13,-8.213,,,,22.9,,,,,,,,,,,,,,,,
1777981431924,2026-05-05T11:43:51.924Z,1628813,742.1,31,41.5,46.5,79,1.32,110,8724,25,-27.8,0,6,667,4.298,-7.299,,,,-21.1,,,,,,,,,,,,,,,,
1777981432023,2026-05-05T11:43:52.023Z,1628913,798.3,32,6.8,95.5,94,1.36,72,6123,27,-19.7,1,4,998,11.557,1.173,,,,34.9,,,,,,,,,,,,,,,,
1777981432123,2026-05-05T11:43:52.123Z,1629013,800.2,55,28.3,24.9,90,1.42,30,11353,43,27.7,1,5,674,6.375,10.188,,,,-45.8,,,,,,,,,,,,,,,,
1777981432223,2026-05-05T11:43:52.223Z,1629113,771.2,30,25.2,78,72,1.32,112,787,59,-2,0,3,666,1.226,3.646,,,,46.5,,,,,,,,,,,,,,,,
1777981432324,2026-05-05T11:43:52.324Z,1629213,771.8,49,29.7,51,75,1.39,75,3522,36,-5.9,0,0,302,14.18,-14.05,,,,-32,,,,,,,,,,,,,,,,
1777981432423,2026-05-05T11:43:52.423Z,1629313,746.5,47,23.2,15.3,92,1.37,23,3116,95,0.6,1,0,682,7.828,7.491,,,,-47.6,,,,,,,,,,,,,,,,
1777981432524,2026-05-05T11:43:52.524Z,1629413,840,53,25.1,31.2,97,1.33,102,10839,43,-31,0,2,1022,6.784,-14.485,,,,-15.2,,,,,,,,,,,,,,,,
1777981432623,2026-05-05T11:43:52.623Z,1629513,749.8,53,29.3,83.8,88,1.39,52,9464,90,27.4,0,5,822,-8.992,-4.898,,,,43,,,,,,,,,,,,,,,,
1777981432723,2026-05-05T11:43:52.723Z,1629613,732.9,44,4.1,1.8,89,1.3,24,6377,86,-25.5,0,1,92,8.005,8.831,,,,-49.7,,,,,,,,,,,,,,,,
1777981432823,2026-05-05T11:43:52.823Z,1629713,779.9,45,42,36.2,75,1.44,39,6007,67,3.2,1,5,237,0.099,13.775,,,,22.6,,,,,,,,,,,,,,,,
1777981432923,2026-05-05T11:43:52.923Z,1629813,804,41,45.8,63.5,76,1.27,90,4766,95,39.5,0,6,91,4.306,8.816,,,,-11.9,,,,,,,,,,,,,,,,
1777981433023,2026-05-05T11:43:53.023Z,1629913,778.2,44,2.6,18.8,75,1.4,29,6568,31,-6.8,1,4,827,-8.538,-6.19,,,,-10,,,,,,,,,,,,,,,,
1777981433123,2026-05-05T11:43:53.123Z,1630013,799,41,6.7,40.7,87,1.29,88,2309,92,2.8,1,2,664,2.799,-0.584,,,,22.9,,,,,,,,,,,,,,,,
1777981433223,2026-05-05T11:43:53.223Z,1630113,729.4,46,30,28.2,94,1.21,62,8823,15,43.6,1,0,869,6.273,1.263,,,,36,,,,,,,,,,,,,,,,
1777981433323,2026-05-05T11:43:53.323Z,1630213,834.4,47,28.1,25.2,90,1.21,118,8936,13,-17.9,1,4,18,5.606,2.965,,,,29.8,,,,,,,,,,,,,,,,
1777981433423,2026-05-05T11:43:53.423Z,1630313,784.8,54,10.7,24.5,82,1.27,46,7939,43,35.5,1,5,361,8.8,-14.102,,,,-25.6,,,,,,,,,,,,,,,,
1777981433523,2026-05-05T11:43:53.523Z,1630413,769.5,37,44.1,96.4,98,1.42,72,1648,31,10.9,1,5,132,2.646,12.254,,,,-11.5,,,,,,,,,,,,,,,,
1777981433623,2026-05-05T11:43:53.623Z,1630513,814.7,30,34.2,94,85,1.37,1,8606,45,-16.2,0,1,65,1.004,1.993,,,,-34.8,,,,,,,,,,,,,,,,
1777981433723,2026-05-05T11:43:53.723Z,1630613,794.9,47,45.4,37.7,74,1.41,99,11899,52,-22.3,0,4,1,-12.423,-0.095,,,,38.1,,,,,,,,,,,,,,,,
1777981433823,2026-05-05T11:43:53.823Z,1630713,789.6,32,26.9,8.2,88,1.32,13,6666,99,8.3,1,6,673,7.041,10.655,,,,48.6,,,,,,,,,,,,,,,,
1777981433923,2026-05-05T11:43:53.923Z,1630813,821.4,36,22.7,51.3,83,1.28,3,147,98,30.8,0,2,100,-4.122,2.451,,,,5.3,,,,,,,,,,,,,,,,
1777981434023,2026-05-05T11:43:54.023Z,1630913,768.6,53,42.3,98.2,90,1.21,87,2613,16,4.7,0,3,654,-1.8,10.153,,,,-23.2,,,,,,,,,,,,,,,,
1777981434123,2026-05-05T11:43:54.123Z,1631013,825.9,54,10.5,25.9,80,1.39,87,5897,47,40.5,0,6,159,13.824,6.115,,,,-40.5,,,,,,,,,,,,,,,,
1777981434223,2026-05-05T11:43:54.223Z,1631113,793.9,42,17,72.7,72,1.38,98,4760,40,-36,1,1,693,-8.347,14.047,,,,30.5,,,,,,,,,,,,,,,,
1777981434323,2026-05-05T11:43:54.323Z,1631213,826.8,33,41.9,18.5,89,1.37,83,152,38,-3.6,0,5,612,4.168,2.777,,,,39.7,,,,,,,,,,,,,,,,
1777981434423,2026-05-05T11:43:54.423Z,1631313,837.5,47,48.6,73.2,73,1.41,6,10728,96,-37.8,0,4,734,14.308,-13.06,,,,-29.7,,,,,,,,,,,,,,,,
1777981434523,2026-05-05T11:43:54.523Z,1631413,802.4,46,35.1,79.9,82,1.34,43,3029,98,34.8,1,1,554,-14.309,-0.635,,,,33.7,,,,,,,,,,,,,,,,
1777981434623,2026-05-05T11:43:54.623Z,1631513,735.1,42,27.7,28.1,85,1.35,29,11641,63,0.5,0,3,497,13.394,8.696,,,,19.8,,,,,,,,,,,,,,,,
1777981434723,2026-05-05T11:43:54.723Z,1631613,780.6,50,8.7,25.6,78,1.43,116,9042,68,23.9,0,3,588,5.491,6.753,,,,-48,,,,,,,,,,,,,,,,
1777981434823,2026-05-05T11:43:54.823Z,1631713,768.5,34,40.7,39.1,97,1.23,76,840,49,33.4,1,1,925,10.834,13.338,,,,-15,,,,,,,,,,,,,,,,
1777981434923,2026-05-05T11:43:54.923Z,1631813,772,47,16.4,92.6,96,1.35,10,331,5,2.2,1,5,283,4.671,-7.106,,,,41.5,,,,,,,,,,,,,,,,
1777981435023,2026-05-05T11:43:55.023Z,1631913,781.9,50,26,79.6,92,1.44,36,7026,32,2.9,0,1,687,-13.546,-11.513,,,,-12.5,,,,,,,,,,,,,,,,
1777981435123,2026-05-05T11:43:55.123Z,1632013,738.7,34,28,52.8,85,1.25,90,9357,73,-10.9,0,6,629,-2.381,12.499,,,,28.3,,,,,,,,,,,,,,,,
1777981435223,2026-05-05T11:43:55.223Z,1632113,761.2,43,10.3,48.9,90,1.42,114,1529,59,0.8,1,4,259,-10.564,14.684,,,,-24.4,,,,,,,,,,,,,,,,
1777981435323,2026-05-05T11:43:55.323Z,1632213,780.4,53,0.2,80.9,77,1.4,54,5077,72,1.9,0,3,774,-5.847,-3.784,,,,40.9,,,,,,,,,,,,,,,,
1777981435423,2026-05-05T11:43:55.423Z,1632313,826,46,20.7,48.7,84,1.25,78,7801,68,-3.8,1,2,383,-2.342,7.047,,,,0.7,,,,,,,,,,,,,,,,
1777981435523,2026-05-05T11:43:55.523Z,1632413,751.8,46,34.6,60.3,81,1.35,60,10069,45,27.9,1,2,207,-2.99,13.253,,,,15,,,,,,,,,,,,,,,,
1777981435623,2026-05-05T11:43:55.623Z,1632513,834.5,34,34.2,56,74,1.21,63,11332,68,-40.2,1,1,718,-3.948,11.858,,,,29.7,,,,,,,,,,,,,,,,
1777981435723,2026-05-05T11:43:55.723Z,1632613,789,35,12.3,0.1,88,1.32,25,5310,50,-37.8,0,2,812,3.087,-6.524,,,,-33.4,,,,,,,,,,,,,,,,
1777981435823,2026-05-05T11:43:55.823Z,1632713,807.8,52,21.7,49.4,71,1.26,3,10364,80,17,0,4,391,12.124,3.197,,,,32.4,,,,,,,,,,,,,,,,
1777981435923,2026-05-05T11:43:55.923Z,1632813,766.3,42,24.9,20.8,78,1.27,72,10907,60,-35.5,1,2,916,-2.575,12.877,,,,4,,,,,,,,,,,,,,,,
1777981436023,2026-05-05T11:43:56.023Z,1632913,727,35,40.7,73.6,77,1.31,98,5894,31,-27.1,0,1,794,-9.003,4.844,,,,40.7,,,,,,,,,,,,,,,,
1777981436127,2026-05-05T11:43:56.127Z,1633013,768.7,51,45.2,91.9,75,1.39,116,3334,17,0.7,0,1,898,-3.848,-10.372,,,,45.9,,,,,,,,,,,,,,,,
1777981436223,2026-05-05T11:43:56.223Z,1633113,720,34,37.6,38.8,84,1.24,70,9500,92,8.2,1,0,401,12.877,-7.475,,,,22.7,,,,,,,,,,,,,,,,
1777981436323,2026-05-05T11:43:56.323Z,1633213,792.7,46,8.8,76.4,74,1.28,83,7618,35,24.6,1,1,729,8.808,6.511,,,,-38.8,,,,,,,,,,,,,,,,
1777981436423,2026-05-05T11:43:56.423Z,1633313,720.1,48,47.6,1.6,70,1.2,85,2177,45,32.1,1,5,978,10.646,5.642,,,,-16,,,,,,,,,,,,,,,,
1777981436523,2026-05-05T11:43:56.523Z,1633413,798.1,35,47.1,72.7,72,1.41,115,187,71,36,1,1,420,2.383,-11.272,,,,-4.8,,,,,,,,,,,,,,,,
1777981436624,2026-05-05T11:43:56.624Z,1633513,822,41,46.5,39.7,87,1.23,98,10368,40,14.3,1,6,105,-10.599,-10.753,,,,-46.4,,,,,,,,,,,,,,,,
1777981436723,2026-05-05T11:43:56.723Z,1633613,805.2,43,36.4,28.8,70,1.27,47,3622,13,32.7,0,4,134,12.811,-14.01,,,,42.6,,,,,,,,,,,,,,,,
1777981436823,2026-05-05T11:43:56.823Z,1633713,733.3,43,18.9,35.8,89,1.27,35,6511,69,36.5,0,1,94,-13.705,-0.348,,,,33.2,,,,,,,,,,,,,,,,
1777981436923,2026-05-05T11:43:56.923Z,1633813,800.8,54,37,86.5,77,1.42,103,2939,80,-44,0,6,277,-1.492,-2.858,,,,-29.5,,,,,,,,,,,,,,,,
1777981437023,2026-05-05T11:43:57.023Z,1633913,807.6,49,28.7,82.9,80,1.26,9,9233,53,-32.9,0,1,565,-1.573,9.261,,,,24,,,,,,,,,,,,,,,,
1777981437123,2026-05-05T11:43:57.123Z,1634013,740.5,47,48.6,42.9,78,1.33,71,6213,65,-18.7,1,0,157,1.633,8.999,,,,41.1,,,,,,,,,,,,,,,,
1777981437223,2026-05-05T11:43:57.223Z,1634113,733.2,51,31.8,20.1,79,1.33,93,2077,46,26.8,0,1,167,12.344,-2.597,,,,-14.1,,,,,,,,,,,,,,,,
1777981437323,2026-05-05T11:43:57.323Z,1634213,756.2,43,48.8,47.2,73,1.26,64,10464,31,-14.1,1,1,257,0.963,-13.12,,,,-28.6,,,,,,,,,,,,,,,,
1777981437423,2026-05-05T11:43:57.423Z,1634313,749,36,14.4,10.1,82,1.42,27,1583,97,28.2,1,1,30,-4.659,12.783,,,,24.8,,,,,,,,,,,,,,,,
1777981437523,2026-05-05T11:43:57.523Z,1634413,734.1,38,30.5,43.8,90,1.35,118,4140,90,19.8,1,3,898,-10.605,10.593,,,,-42.6,,,,,,,,,,,,,,,,
1777981437623,2026-05-05T11:43:57.623Z,1634513,790.9,42,45.4,56.1,88,1.39,4,1960,57,10.2,0,6,915,6.618,-4.377,,,,-34.1,,,,,,,,,,,,,,,,
1777981437723,2026-05-05T11:43:57.723Z,1634613,754.1,30,41.6,47.7,98,1.31,23,1598,82,-23.3,0,6,593,-6.255,-0.544,,,,15.2,,,,,,,,,,,,,,,,
1777981437823,2026-05-05T11:43:57.823Z,1634713,778.4,36,0.5,63.8,72,1.39,51,5204,51,-1.7,0,6,869,-2.84,5.66,,,,10.6,,,,,,,,,,,,,,,,
1777981437923,2026-05-05T11:43:57.923Z,1634813,796.3,47,15.2,37.1,83,1.32,93,2273,81,16.6,1,0,481,-7.047,13.347,,,,-14.1,,,,,,,,,,,,,,,,
1777981438023,2026-05-05T11:43:58.023Z,1634913,827.7,48,47.4,30,93,1.31,98,9617,69,-14,0,3,818,14.595,-6.171,,,,-12.9,,,,,,,,,,,,,,,,
1777981438123,2026-05-05T11:43:58.123Z,1635013,727.6,30,17.7,71.3,72,1.34,39,11248,1,25.2,0,0,567,14.349,-6.728,,,,-35,,,,,,,,,,,,,,,,
1777981438223,2026-05-05T11:43:58.223Z,1635113,837.3,45,31.5,94.6,99,1.36,55,6902,94,18.7,1,4,937,-11.274,-12.617,,,,-23.5,,,,,,,,,,,,,,,,
1777981438323,2026-05-05T11:43:58.323Z,1635213,811.1,41,28,87.2,84,1.39,76,4309,53,44.4,0,2,466,10.625,4.487,,,,-37.7,,,,,,,,,,,,,,,,
1777981438423,2026-05-05T11:43:58.423Z,1635313,830.5,51,29.4,56.5,97,1.38,44,6412,13,5.5,0,6,737,11.929,4.163,,,,-21.1,,,,,,,,,,,,,,,,
1777981438523,2026-05-05T11:43:58.523Z,1635413,753.4,47,39.2,33,81,1.25,112,5995,65,12.6,1,6,787,-2.963,-10.748,,,,-27.2,,,,,,,,,,,,,,,,
1777981438623,2026-05-05T11:43:58.623Z,1635513,827.6,37,29.1,11.6,77,1.29,54,9634,14,37.8,0,3,325,-8.038,-8.158,,,,38,,,,,,,,,,,,,,,,
1777981438723,2026-05-05T11:43:58.723Z,1635613,796.7,42,21.5,82.9,70,1.41,3,3363,30,34.2,0,2,798,-12.723,-11.959,,,,47.9,,,,,,,,,,,,,,,,
1777981438823,2026-05-05T11:43:58.823Z,1635713,773.4,41,26.3,15.5,76,1.42,38,4592,41,-28.1,1,2,588,10.951,9.862,,,,-6.1,,,,,,,,,,,,,,,,
1777981438923,2026-05-05T11:43:58.923Z,1635813,811.9,38,24.5,66.2,84,1.23,56,8002,13,-22.6,0,5,560,-11.749,4.387,,,,-20,,,,,,,,,,,,,,,,
1777981439023,2026-05-05T11:43:59.023Z,1635913,839.9,34,49.2,63.4,71,1.28,11,2866,19,15.9,1,5,437,-13.049,1.72,,,,20.4,,,,,,,,,,,,,,,,
1777981439123,2026-05-05T11:43:59.123Z,1636013,795.4,43,45.4,16.9,84,1.34,113,7725,33,-26.4,1,6,653,-1.753,-0.235,,,,35.5,,,,,,,,,,,,,,,,
1777981439223,2026-05-05T11:43:59.223Z,1636113,801.1,40,15,16.1,80,1.23,94,2092,62,12.8,0,3,801,13.25,2.544,,,,9.2,,,,,,,,,,,,,,,,
1777981439323,2026-05-05T11:43:59.323Z,1636213,807.8,49,10.6,28.8,78,1.28,20,319,84,-8.3,0,6,86,7.004,5.961,,,,31,,,,,,,,,,,,,,,,
1777981439423,2026-05-05T11:43:59.423Z,1636313,791.1,35,27.8,18.6,77,1.41,88,11874,23,16.8,0,1,461,-11.821,-6.329,,,,19,,,,,,,,,,,,,,,,
1777981439523,2026-05-05T11:43:59.523Z,1636413,729.5,32,25.3,57.3,98,1.24,115,1546,24,13.1,0,1,613,-11.22,-5.846,,,,27.3,,,,,,,,,,,,,,,,
1777981439623,2026-05-05T11:43:59.623Z,1636513,759.9,36,6,49.7,76,1.44,66,4888,13,15.8,0,4,903,1.569,-0.95,,,,21.9,,,,,,,,,,,,,,,,
1777981439723,2026-05-05T11:43:59.723Z,1636613,821.3,42,25.3,21.4,77,1.27,46,11221,83,33.6,0,4,61,-13.412,9.99,,,,20.9,,,,,,,,,,,,,,,,
1777981439823,2026-05-05T11:43:59.823Z,1636713,808.8,33,47,2.3,79,1.25,100,1398,99,2,0,5,410,-13.327,9.866,,,,10.1,,,,,,,,,,,,,,,,
1777981439923,2026-05-05T11:43:59.923Z,1636813,793.5,30,35.8,68,88,1.26,49,3332,93,39.9,1,1,319,6.282,-11.213,,,,0.5,,,,,,,,,,,,,,,,
1777981440023,2026-05-05T11:44:00.023Z,1636913,725.6,36,9.6,50.8,98,1.23,118,1007,17,-32.1,1,5,178,-5.589,3.423,,,,-29.8,,,,,,,,,,,,,,,,
1777981440123,2026-05-05T11:44:00.123Z,1637013,769.7,43,33.4,47.8,83,1.28,82,21,61,4.9,1,0,555,5.348,7.723,,,,-20.9,,,,,,,,,,,,,,,,
1777981440223,2026-05-05T11:44:00.223Z,1637113,770.7,38,6.4,60.3,70,1.37,102,10965,48,16.6,0,1,29,-12.236,3.092,,,,17.2,,,,,,,,,,,,,,,,
1777981440323,2026-05-05T11:44:00.323Z,1637213,781.7,38,21.3,91,90,1.28,28,1119,89,-10.9,1,3,946,1.658,5.557,,,,-39.6,,,,,,,,,,,,,,,,
1777981440423,2026-05-05T11:44:00.423Z,1637313,763.6,30,48.9,43.1,88,1.4,41,9293,68,24,0,0,594,-0.53,-2.241,,,,12.5,,,,,,,,,,,,,,,,
1777981440523,2026-05-05T11:44:00.523Z,1637413,792.9,36,46.9,47.7,70,1.25,119,9771,23,31.7,0,1,1022,-8.046,5.304,,,,-19.6,,,,,,,,,,,,,,,,
1777981440623,2026-05-05T11:44:00.623Z,1637513,791,51,30,15.3,84,1.2,77,1735,40,1.1,1,5,979,-1.825,-2.359,,,,-18.7,,,,,,,,,,,,,,,,
1777981440723,2026-05-05T11:44:00.723Z,1637613,783.4,47,41.3,69.3,75,1.35,64,2228,26,3.4,1,2,1013,5.047,-4.588,,,,19.2,,,,,,,,,,,,,,,,
1777981440823,2026-05-05T11:44:00.823Z,1637713,797,32,1.1,1.6,80,1.21,78,158,97,1.6,1,5,199,0.929,14.099,,,,-47.4,,,,,,,,,,,,,,,,
1777981440923,2026-05-05T11:44:00.923Z,1637813,825.1,50,5,85.2,90,1.42,62,4225,80,0.1,0,5,29,1.688,5.448,,,,22.3,,,,,,,,,,,,,,,,
1777981441023,2026-05-05T11:44:01.023Z,1637913,833.9,31,21.7,11,96,1.25,96,11425,4,-38.5,1,4,272,2.53,-9.185,,,,-38.1,,,,,,,,,,,,,,,,
1777981441123,2026-05-05T11:44:01.123Z,1638013,810.2,49,24.9,97.2,82,1.2,80,2198,72,-1.2,0,5,475,-8.192,-2.495,,,,38.5,,,,,,,,,,,,,,,,
1777981441223,2026-05-05T11:44:01.223Z,1638113,788.2,52,28.5,20,91,1.24,52,5347,84,-14.7,1,3,162,-7.558,2.509,,,,31.1,,,,,,,,,,,,,,,,
1777981441323,2026-05-05T11:44:01.323Z,1638213,786.6,35,40.5,73.5,73,1.42,87,657,16,28.8,1,5,788,-4.069,-0.428,,,,13.4,,,,,,,,,,,,,,,,
1777981441423,2026-05-05T11:44:01.423Z,1638313,766.1,53,16.1,25.4,81,1.35,24,4618,34,24.6,0,3,215,9,8.572,,,,22.6,,,,,,,,,,,,,,,,
1777981441523,2026-05-05T11:44:01.523Z,1638413,779.8,42,24.9,57,73,1.32,38,2628,5,36.9,0,0,308,-3.883,14.634,,,,-14.7,,,,,,,,,,,,,,,,
1777981441623,2026-05-05T11:44:01.623Z,1638513,764.6,47,17.1,58.4,94,1.31,97,9391,14,39.8,0,4,182,-8.627,2.162,,,,24.5,,,,,,,,,,,,,,,,
1777981441723,2026-05-05T11:44:01.723Z,1638613,755,44,37.1,44.3,95,1.29,30,4590,65,19.8,1,3,183,-14.68,-8.37,,,,19.5,,,,,,,,,,,,,,,,
1777981441823,2026-05-05T11:44:01.823Z,1638713,834.2,41,47.8,53.1,83,1.4,7,7346,16,-8.1,0,4,578,-12.834,5.481,,,,-35.3,,,,,,,,,,,,,,,,
1777981441923,2026-05-05T11:44:01.923Z,1638813,800.3,53,36.8,94.4,87,1.37,3,1701,39,-44.5,1,6,330,-0.03,9.756,,,,-31.2,,,,,,,,,,,,,,,,
1777981442023,2026-05-05T11:44:02.023Z,1638913,792.3,54,38,63.8,96,1.33,47,10536,46,-21.2,1,2,82,6.567,-6.802,,,,-8.4,,,,,,,,,,,,,,,,
1777981442123,2026-05-05T11:44:02.123Z,1639013,834,30,42.8,13.7,80,1.42,50,3670,94,33.5,1,4,924,5.664,-12.152,,,,42.5,,,,,,,,,,,,,,,,
1777981442223,2026-05-05T11:44:02.223Z,1639113,777.8,45,15.4,95.5,72,1.27,6,5796,84,-35.1,1,1,46,10.145,-6.637,,,,14.3,,,,,,,,,,,,,,,,
1777981442323,2026-05-05T11:44:02.323Z,1639213,823.3,30,48.3,25.2,83,1.35,44,10821,7,22.8,1,4,689,12.839,1.419,,,,10,,,,,,,,,,,,,,,,
1777981442423,2026-05-05T11:44:02.423Z,1639313,730.9,39,20.2,72.7,73,1.2,48,3220,15,26.3,1,3,370,-7.436,-6.848,,,,1.1,,,,,,,,,,,,,,,,
1777981442523,2026-05-05T11:44:02.523Z,1639413,822.1,35,22.3,2.7,84,1.43,108,5414,25,34.5,0,1,408,-14.655,-2.262,,,,-15.7,,,,,,,,,,,,,,,,
1777981442623,2026-05-05T11:44:02.623Z,1639513,722.2,30,10.2,87.3,93,1.35,92,8123,56,-18.6,1,3,247,10.159,5.308,,,,17.6,,,,,,,,,,,,,,,,
1777981442723,2026-05-05T11:44:02.723Z,1639613,770.2,40,41.8,91.2,97,1.39,19,230,78,40.2,1,1,519,-10.926,-6.737,,,,-6.4,,,,,,,,,,,,,,,,
1777981442823,2026-05-05T11:44:02.823Z,1639713,804,33,48.7,68.4,93,1.35,64,3052,8,-30.6,1,1,384,4.751,-8.988,,,,2.6,,,,,,,,,,,,,,,,
1777981442923,2026-05-05T11:44:02.923Z,1639813,759.8,32,7.2,8.6,85,1.28,85,8004,26,-25.2,0,3,311,6.225,-11.937,,,,7.5,,,,,,,,,,,,,,,,
1777981443023,2026-05-05T11:44:03.023Z,1639913,803.7,48,30.2,82.5,85,1.25,50,7265,94,-26.8,0,2,62,-9.912,10.584,,,,-14.7,,,,,,,,,,,,,,,,
1777981443123,2026-05-05T11:44:03.123Z,1640013,768.5,41,19.5,18.9,80,1.2,104,8989,25,20.5,0,4,273,11.656,13.867,,,,-48.1,,,,,,,,,,,,,,,,
1777981443223,2026-05-05T11:44:03.223Z,1640113,740.1,53,21.2,49.8,81,1.21,118,8629,45,28.9,1,3,452,2.467,-13.586,,,,48.2,,,,,,,,,,,,,,,,
1777981443323,2026-05-05T11:44:03.323Z,1640213,799.3,53,22.9,62.8,80,1.37,27,1836,24,-8.4,0,6,368,-3.106,0.283,,,,33.5,,,,,,,,,,,,,,,,
1777981443423,2026-05-05T11:44:03.423Z,1640313,792.2,43,37.6,97.4,93,1.2,98,10198,24,14.3,1,3,618,-0.691,-2.208,,,,-26.7,,,,,,,,,,,,,,,,
1777981443523,2026-05-05T11:44:03.523Z,1640413,740.5,50,0.1,39,73,1.41,57,8799,8,-29.5,1,5,2,-2.439,-9.266,,,,-42.7,,,,,,,,,,,,,,,,
1777981443623,2026-05-05T11:44:03.623Z,1640513,817.2,39,37.7,12.2,94,1.36,117,150,70,-7.1,1,6,460,4.11,-7.567,,,,-45.1,,,,,,,,,,,,,,,,
1777981443723,2026-05-05T11:44:03.723Z,1640613,806.5,42,28.4,1.1,72,1.32,62,7428,63,1.2,0,6,790,-5.507,13.837,,,,46.2,,,,,,,,,,,,,,,,
1777981443823,2026-05-05T11:44:03.823Z,1640713,775.6,51,14.8,79.5,100,1.41,113,7085,0,-3.2,1,1,521,0.25,-14.548,,,,-3.8,,,,,,,,,,,,,,,,
1777981443923,2026-05-05T11:44:03.923Z,1640813,782,42,22.1,69.2,76,1.3,103,4240,50,11.4,1,5,934,-7.179,0.1,,,,-33,,,,,,,,,,,,,,,,
1777981444023,2026-05-05T11:44:04.023Z,1640913,760.8,50,42.2,77.9,95,1.23,49,5321,1,-0.3,0,4,871,10.409,-6.243,,,,14.9,,,,,,,,,,,,,,,,
1777981444123,2026-05-05T11:44:04.123Z,1641013,813.4,43,6,5.3,86,1.36,99,4916,82,-23.6,0,5,480,-6.103,-13.645,,,,-49.5,,,,,,,,,,,,,,,,
1777981444223,2026-05-05T11:44:04.223Z,1641113,798.6,30,10.9,68.1,100,1.31,87,5575,17,21.2,1,0,588,6.224,-11.943,,,,-11.9,,,,,,,,,,,,,,,,
1777981444323,2026-05-05T11:44:04.323Z,1641213,814.4,41,24,10.9,87,1.21,90,927,2,-33.1,1,3,565,-7.928,1.696,,,,32.3,,,,,,,,,,,,,,,,
1777981444423,2026-05-05T11:44:04.423Z,1641313,826.4,47,39.7,72.6,99,1.29,9,2332,51,-23.3,0,4,51,0.825,-11.029,,,,6.6,,,,,,,,,,,,,,,,
1777981444523,2026-05-05T11:44:04.523Z,1641413,821.7,53,13.5,35.9,79,1.3,22,9673,99,42.1,1,0,832,5.667,9.614,,,,-0.8,,,,,,,,,,,,,,,,
1777981444623,2026-05-05T11:44:04.623Z,1641513,725.4,38,15.9,32.2,70,1.21,115,4797,26,39.6,1,1,257,6.749,12.813,,,,-22.6,,,,,,,,,,,,,,,,
1777981444723,2026-05-05T11:44:04.723Z,1641613,753.8,37,13.2,52.2,81,1.42,4,8538,86,23.4,1,4,864,8.033,3.208,,,,-28.8,,,,,,,,,,,,,,,,
1777981444823,2026-05-05T11:44:04.823Z,1641713,730.9,50,36.4,2.7,83,1.31,96,9520,21,35.4,0,0,326,8.369,0.031,,,,-28.1,,,,,,,,,,,,,,,,
1777981444923,2026-05-05T11:44:04.923Z,1641813,825.2,33,44.3,62.6,78,1.35,53,9799,1,31.9,0,4,897,8.232,-8.749,,,,36,,,,,,,,,,,,,,,,
1777981445023,2026-05-05T11:44:05.023Z,1641913,804.1,41,34.3,73.8,70,1.4,8,8538,55,-35.9,0,4,159,0.39,4.713,,,,15.2,,,,,,,,,,,,,,,,
1777981445123,2026-05-05T11:44:05.123Z,1642013,765.6,32,35.1,92.2,77,1.21,4,5146,74,-25.9,0,6,447,10.514,1.979,,,,41.5,,,,,,,,,,,,,,,,
1777981445223,2026-05-05T11:44:05.223Z,1642113,730,48,17.2,5.5,72,1.28,26,1798,14,-40.5,1,4,460,11.172,-13.514,,,,12.8,,,,,,,,,,,,,,,,
1777981445323,2026-05-05T11:44:05.323Z,1642213,789.4,48,13.4,25,84,1.32,80,8769,30,0,0,6,388,-6.633,-3.641,,,,48.9,,,,,,,,,,,,,,,,
1777981445423,2026-05-05T11:44:05.423Z,1642313,796,40,42.3,18.1,94,1.34,48,3133,66,-10.6,1,1,273,12.671,-4.852,,,,-48.6,,,,,,,,,,,,,,,,
1777981445523,2026-05-05T11:44:05.523Z,1642413,768.6,40,30.5,30.2,100,1.34,89,10575,82,19.9,0,3,693,-8.209,4.052,,,,30.3,,,,,,,,,,,,,,,,
1777981445623,2026-05-05T11:44:05.623Z,1642513,787,55,46.9,17.8,72,1.27,45,4947,48,23.1,0,2,824,-6.293,-9.247,,,,45.5,,,,,,,,,,,,,,,,
1777981445723,2026-05-05T11:44:05.723Z,1642613,815.3,33,24.9,50.3,93,1.37,12,2819,48,-22.6,1,1,753,14.373,-10.937,,,,-13.3,,,,,,,,,,,,,,,,
1777981445823,2026-05-05T11:44:05.823Z,1642713,736,51,46.7,52.4,96,1.29,16,5259,33,-33.9,0,4,671,-9.444,6.702,,,,34.7,,,,,,,,,,,,,,,,
1777981445923,2026-05-05T11:44:05.923Z,1642813,837.3,30,40.2,9.3,80,1.3,73,6168,97,-18.3,0,0,380,-12.497,-9.665,,,,7.4,,,,,,,,,,,,,,,,
1777981446023,2026-05-05T11:44:06.023Z,1642913,757.5,37,41.2,77.3,73,1.24,69,5894,96,-2,0,0,86,-9.997,-5.658,,,,22.7,,,,,,,,,,,,,,,,
1777981446123,2026-05-05T11:44:06.123Z,1643013,732.7,55,24.1,18.7,85,1.33,70,3379,71,-17.6,0,0,85,-1.269,-6.1,,,,-35.6,,,,,,,,,,,,,,,,
1777981446223,2026-05-05T11:44:06.223Z,1643113,784.7,43,28.8,92.1,89,1.35,113,937,49,21.6,0,6,826,1.571,-3.032,,,,-45.2,,,,,,,,,,,,,,,,
1777981446323,2026-05-05T11:44:06.323Z,1643213,777.6,55,5.3,7.9,86,1.3,33,6690,42,23.4,1,4,266,10.907,-13.51,,,,36.4,,,,,,,,,,,,,,,,
1777981446423,2026-05-05T11:44:06.423Z,1643313,779.5,51,38,18.2,97,1.3,38,1919,42,-19.5,1,4,340,4.309,-4.887,,,,0.4,,,,,,,,,,,,,,,,
1777981446523,2026-05-05T11:44:06.523Z,1643413,791.6,33,0.1,65.9,94,1.2,62,11219,79,-36.6,0,2,231,-8.469,-11.29,,,,-4.1,,,,,,,,,,,,,,,,
1777981446623,2026-05-05T11:44:06.623Z,1643513,766.5,39,27,45.9,97,1.32,78,2473,50,20.7,0,4,486,-11.936,-13.493,,,,-4,,,,,,,,,,,,,,,,
1777981446723,2026-05-05T11:44:06.723Z,1643613,834.2,45,26.3,66.1,75,1.41,31,7228,31,7.2,0,6,876,9.131,0.881,,,,11.2,,,,,,,,,,,,,,,,
1777981446823,2026-05-05T11:44:06.823Z,1643713,823.4,44,45.7,93.4,79,1.41,115,11799,23,19.4,1,4,649,-11.799,-4.408,,,,-48.2,,,,,,,,,,,,,,,,
1777981446923,2026-05-05T11:44:06.923Z,1643813,786.9,39,7.7,67.4,80,1.26,91,4777,74,-20,0,1,467,-5.997,14.685,,,,-39.3,,,,,,,,,,,,,,,,
1777981447023,2026-05-05T11:44:07.023Z,1643913,803.5,39,44.9,50.7,77,1.38,40,9019,48,18.8,1,1,263,-6.914,7.765,,,,49.9,,,,,,,,,,,,,,,,
1777981447123,2026-05-05T11:44:07.123Z,1644013,795.6,39,14,63.1,85,1.33,30,10201,55,39.8,1,2,233,-1.154,13.407,,,,38.4,,,,,,,,,,,,,,,,
1777981447223,2026-05-05T11:44:07.223Z,1644113,735.1,36,34,74.7,88,1.32,42,8714,96,42.1,0,4,848,-8.328,12.482,,,,31.7,,,,,,,,,,,,,,,,
1777981447323,2026-05-05T11:44:07.323Z,1644213,752.8,30,23,79.2,70,1.42,78,5631,48,-39.5,0,6,40,12.855,6.949,,,,31.7,,,,,,,,,,,,,,,,
1777981447423,2026-05-05T11:44:07.423Z,1644313,793.3,41,35.5,95.3,91,1.22,48,5282,86,34.4,1,4,735,-5.883,1.738,,,,3.4,,,,,,,,,,,,,,,,
1777981447523,2026-05-05T11:44:07.523Z,1644413,782,50,30.1,3.8,85,1.24,59,6999,80,-15.2,0,3,995,6.721,-1.512,,,,31.3,,,,,,,,,,,,,,,,
1777981447623,2026-05-05T11:44:07.623Z,1644513,821.2,47,10.7,48.2,71,1.36,110,6750,64,-7.2,1,5,1022,2.462,11.033,,,,47.1,,,,,,,,,,,,,,,,
1777981447723,2026-05-05T11:44:07.723Z,1644613,832.2,37,25.2,43.3,85,1.37,51,8730,34,41.4,1,6,8,-10.591,-13.249,,,,22.6,,,,,,,,,,,,,,,,
1777981447823,2026-05-05T11:44:07.823Z,1644713,743,38,14.3,74.8,86,1.44,77,1122,61,-20.5,0,0,481,-5.786,14.322,,,,-12,,,,,,,,,,,,,,,,
1777981447923,2026-05-05T11:44:07.923Z,1644813,784.5,48,9.8,4.4,85,1.42,105,11185,90,6.4,0,5,526,-11.524,13.175,,,,48.8,,,,,,,,,,,,,,,,
1777981448023,2026-05-05T11:44:08.023Z,1644913,745.1,43,0.2,22.8,99,1.2,104,3395,28,-30.3,0,1,315,-7.841,-6.14,,,,-38.1,,,,,,,,,,,,,,,,
1777981448123,2026-05-05T11:44:08.123Z,1645013,750.3,32,9.3,85.1,98,1.4,28,1519,81,44,0,3,558,-14.276,-9.675,,,,47,,,,,,,,,,,,,,,,
1777981448223,2026-05-05T11:44:08.223Z,1645113,763.7,33,40,9.9,73,1.23,2,9154,43,31,1,6,318,-6.833,-12.139,,,,-30.8,,,,,,,,,,,,,,,,
1777981448323,2026-05-05T11:44:08.323Z,1645213,738,55,33.8,81.7,80,1.33,84,1810,62,-9.3,0,1,100,14.037,2.531,,,,10.4,,,,,,,,,,,,,,,,
1777981448423,2026-05-05T11:44:08.423Z,1645313,721.2,41,29.1,60.5,99,1.34,37,10418,10,-11.9,0,2,269,-11.747,11.73,,,,-2.2,,,,,,,,,,,,,,,,
1777981448523,2026-05-05T11:44:08.523Z,1645413,837.5,39,19.9,24.5,70,1.25,56,6815,23,-5.5,1,1,908,5.657,7.331,,,,0.2,,,,,,,,,,,,,,,,
1777981448623,2026-05-05T11:44:08.623Z,1645513,746.2,38,49.5,82.2,80,1.22,32,4335,80,4.9,1,5,229,2.336,12.696,,,,28.6,,,,,,,,,,,,,,,,
1777981448723,2026-05-05T11:44:08.723Z,1645613,836.4,33,49.7,97.3,95,1.28,115,4414,16,-34,0,3,374,-12.428,-5.007,,,,-38.8,,,,,,,,,,,,,,,,
1777981448823,2026-05-05T11:44:08.823Z,1645713,791.1,47,25.1,64.4,71,1.25,41,34,10,9.5,0,0,733,-11.657,0.605,,,,15.7,,,,,,,,,,,,,,,,
1777981448923,2026-05-05T11:44:08.923Z,1645813,820.2,51,44.3,3.2,88,1.42,111,9057,97,-9.6,0,0,363,-0.577,-13.716,,,,36.3,,,,,,,,,,,,,,,,
1777981449023,2026-05-05T11:44:09.023Z,1645913,820.2,45,16,8.9,70,1.44,29,1592,94,31.7,1,3,417,-3.505,9.606,,,,-12.5,,,,,,,,,,,,,,,,
1777981449123,2026-05-05T11:44:09.123Z,1646013,760.1,50,12.3,64.2,72,1.44,59,2934,79,43.1,1,3,691,0.114,-13.666,,,,14,,,,,,,,,,,,,,,,
1777981449223,2026-05-05T11:44:09.223Z,1646113,801.8,53,2.7,47,80,1.43,51,3632,3,-43.7,1,5,44,5.675,0.905,,,,-16.3,,,,,,,,,,,,,,,,
1777981449323,2026-05-05T11:44:09.323Z,1646213,816.5,52,6.6,43.2,72,1.34,22,618,9,-41.1,1,1,116,12.802,8.707,,,,-21.7,,,,,,,,,,,,,,,,
1777981449423,2026-05-05T11:44:09.423Z,1646313,725.9,41,36.8,12.2,90,1.43,30,7200,11,44.8,1,4,462,11.672,-11.013,,,,7.1,,,,,,,,,,,,,,,,
1777981449523,2026-05-05T11:44:09.523Z,1646413,824.7,40,33.4,89.1,89,1.32,26,7931,41,0.4,0,4,802,-11.257,7.114,,,,-44.8,,,,,,,,,,,,,,,,
1777981449623,2026-05-05T11:44:09.623Z,1646513,829.4,38,31.2,27.4,84,1.28,17,11482,64,-21.2,1,3,849,-14.263,-13.996,,,,-27.1,,,,,,,,,,,,,,,,
1777981449723,2026-05-05T11:44:09.723Z,1646613,767.7,39,0,74.1,82,1.27,77,121,88,-0.8,0,5,819,-10.642,8.872,,,,8.2,,,,,,,,,,,,,,,,
1777981449823,2026-05-05T11:44:09.823Z,1646713,785.3,36,49.7,63.5,73,1.29,43,8416,56,8.7,0,0,434,-11.834,-3.525,,,,1.9,,,,,,,,,,,,,,,,
1777981449923,2026-05-05T11:44:09.923Z,1646813,789,46,42.2,93.6,75,1.28,40,4300,52,-28,0,4,269,-12.004,-12.451,,,,30.9,,,,,,,,,,,,,,,,
1777981450023,2026-05-05T11:44:10.023Z,1646913,797.8,33,41.6,53.5,81,1.43,9,6394,34,26.1,0,4,349,5.626,-10.968,,,,18.6,,,,,,,,,,,,,,,,
1777981450123,2026-05-05T11:44:10.123Z,1647013,726.7,42,46.8,28.3,90,1.29,103,10201,8,-4,0,0,890,-0.023,9.089,,,,-9.8,,,,,,,,,,,,,,,,
1777981450223,2026-05-05T11:44:10.223Z,1647113,775.7,46,44.4,57.6,92,1.37,67,10330,25,0.2,1,5,952,7.189,4.551,,,,27.3,,,,,,,,,,,,,,,,
1777981450323,2026-05-05T11:44:10.323Z,1647213,780.2,36,34.8,87.9,81,1.25,94,15,86,-16.4,1,3,601,-12.115,-8.648,,,,15,,,,,,,,,,,,,,,,
1777981450423,2026-05-05T11:44:10.423Z,1647313,722.8,55,17.7,23.2,94,1.34,119,9827,1,-23.3,0,1,792,13.992,3.89,,,,37.8,,,,,,,,,,,,,,,,
1777981450522,2026-05-05T11:44:10.522Z,1647413,777.5,49,14.2,1.1,83,1.29,12,3392,3,16.6,0,4,90,-2.382,-9.852,,,,19,,,,,,,,,,,,,,,,
1777981450623,2026-05-05T11:44:10.623Z,1647513,729.2,31,31.5,91,75,1.21,100,5159,4,-22.4,1,5,908,13.192,-2.134,,,,-11.1,,,,,,,,,,,,,,,,
1777981450723,2026-05-05T11:44:10.723Z,1647613,731.9,49,26.1,2.5,77,1.34,32,11183,36,-37.9,0,2,146,5.479,3.342,,,,48.2,,,,,,,,,,,,,,,,
1777981450823,2026-05-05T11:44:10.823Z,1647713,735.5,38,43.2,17.4,89,1.27,17,5258,17,-35.3,1,4,666,6.672,0.483,,,,-27.9,,,,,,,,,,,,,,,,
1777981450923,2026-05-05T11:44:10.923Z,1647813,782.7,39,8.3,49.4,81,1.29,15,2833,58,2.4,0,0,640,1.343,12.843,,,,-14.4,,,,,,,,,,,,,,,,
1777981451023,2026-05-05T11:44:11.023Z,1647913,819.6,37,12,37.2,71,1.43,91,3521,71,-29,0,1,170,-5.637,3.534,,,,32.2,,,,,,,,,,,,,,,,
1777981451122,2026-05-05T11:44:11.122Z,1648013,786.2,30,33.9,2.9,79,1.37,56,2563,53,28.2,1,6,101,11.889,5.222,,,,2.9,,,,,,,,,,,,,,,,
1777981451223,2026-05-05T11:44:11.223Z,1648113,835.6,54,34.3,69.2,75,1.28,118,11520,91,40.5,1,6,191,-13.712,0.164,,,,20.3,,,,,,,,,,,,,,,,
1777981451323,2026-05-05T11:44:11.323Z,1648213,838.3,31,44.7,59.6,79,1.36,98,4696,12,-2.6,0,5,831,13.539,9.713,,,,-11.7,,,,,,,,,,,,,,,,
1777981451423,2026-05-05T11:44:11.423Z,1648313,745.9,41,16.3,99.9,70,1.3,67,1850,95,37.1,1,6,830,-13.274,-14.141,,,,45.4,,,,,,,,,,,,,,,,
1777981451522,2026-05-05T11:44:11.522Z,1648413,788.7,37,38.2,8.6,88,1.37,85,29,84,6.9,1,0,418,0.252,6.926,,,,-15.9,,,,,,,,,,,,,,,,
1777981451623,2026-05-05T11:44:11.623Z,1648513,751.5,38,17,20.9,100,1.23,113,4282,19,8.2,1,3,250,-3.937,-0.438,,,,-43.1,,,,,,,,,,,,,,,,
1777981451723,2026-05-05T11:44:11.723Z,1648613,746.4,49,30.5,44.7,100,1.36,30,3882,34,-21.1,0,5,992,7.152,3.464,,,,35.3,,,,,,,,,,,,,,,,
1777981451823,2026-05-05T11:44:11.823Z,1648713,762.8,36,9.6,28.8,92,1.25,97,4822,26,-19.6,0,2,846,-5.134,0.164,,,,29.2,,,,,,,,,,,,,,,,
1777981451923,2026-05-05T11:44:11.923Z,1648813,733.5,35,1.5,48.5,89,1.3,41,9280,87,-34.5,1,6,303,-8.131,11.156,,,,-6.1,,,,,,,,,,,,,,,,
1777981452023,2026-05-05T11:44:12.023Z,1648913,827,32,27.3,44.7,83,1.36,91,5362,16,-14.4,0,2,371,-5.38,6.038,,,,10.6,,,,,,,,,,,,,,,,
1777981452123,2026-05-05T11:44:12.123Z,1649013,756.2,32,29.5,87.5,99,1.4,104,5436,76,-29.8,0,2,719,-11.274,9.952,,,,16.9,,,,,,,,,,,,,,,,
1777981452223,2026-05-05T11:44:12.223Z,1649113,737.6,41,41.7,81.3,92,1.3,26,6176,34,35,0,4,274,8.663,14.467,,,,-6.7,,,,,,,,,,,,,,,,
1777981452323,2026-05-05T11:44:12.323Z,1649213,749,53,1.7,17.4,70,1.35,63,11802,69,-40,0,0,1013,-6.918,-5.94,,,,19,,,,,,,,,,,,,,,,
1777981452423,2026-05-05T11:44:12.423Z,1649313,794.1,38,11.6,51.6,73,1.22,7,1729,81,-6.4,1,6,722,9.569,-1.551,,,,22.6,,,,,,,,,,,,,,,,
1777981452523,2026-05-05T11:44:12.523Z,1649413,832.3,42,14,89.5,88,1.24,115,2720,66,44.6,0,0,682,-0.209,10.711,,,,-21.9,,,,,,,,,,,,,,,,
1777981452623,2026-05-05T11:44:12.623Z,1649513,783.5,53,29,29.2,78,1.27,69,1768,78,-18.6,0,5,160,7.068,-3.667,,,,11.6,,,,,,,,,,,,,,,,
1777981452723,2026-05-05T11:44:12.723Z,1649613,782.1,47,42.7,16.5,90,1.39,66,9996,8,-17.8,0,4,905,0.206,-11.975,,,,36.6,,,,,,,,,,,,,,,,
1777981452823,2026-05-05T11:44:12.823Z,1649713,793.2,51,29.2,53.2,80,1.43,16,10528,92,-12.2,0,3,8,-10.295,-2.681,,,,-43.1,,,,,,,,,,,,,,,,
1777981452923,2026-05-05T11:44:12.923Z,1649813,723.8,39,24,33.1,100,1.25,63,7151,42,-43.5,1,1,168,-13.378,14.104,,,,-1.8,,,,,,,,,,,,,,,,
1777981453023,2026-05-05T11:44:13.023Z,1649913,723.3,54,31.8,26.5,75,1.2,66,4787,18,-6.9,1,1,121,-0.389,13.172,,,,15.5,,,,,,,,,,,,,,,,
1777981453123,2026-05-05T11:44:13.123Z,1650013,753.2,45,21,13.7,77,1.2,30,2133,94,16.1,0,4,871,-8.236,5.174,,,,17.1,,,,,,,,,,,,,,,,
1777981453223,2026-05-05T11:44:13.223Z,1650113,767.1,55,26.4,4.6,81,1.22,13,5307,42,-19.2,0,5,999,12.37,2.37,,,,41.7,,,,,,,,,,,,,,,,
1777981453322,2026-05-05T11:44:13.322Z,1650213,807,33,15,39.9,94,1.35,117,555,4,25.1,1,1,242,0.445,6.222,,,,33.2,,,,,,,,,,,,,,,,
1777981453423,2026-05-05T11:44:13.423Z,1650313,787.4,45,48,23.5,93,1.35,7,6479,60,-36.2,1,4,428,-10.474,-13.923,,,,27.4,,,,,,,,,,,,,,,,
1777981453522,2026-05-05T11:44:13.522Z,1650413,806.4,54,4.6,54.6,89,1.4,66,126,34,-7.8,0,6,747,3.505,7.641,,,,13.5,,,,,,,,,,,,,,,,
1777981453623,2026-05-05T11:44:13.623Z,1650513,823.8,42,46.1,61.7,77,1.35,65,7141,53,-24,1,1,125,14.523,8.255,,,,-5.8,,,,,,,,,,,,,,,,
1777981453723,2026-05-05T11:44:13.723Z,1650613,801,48,17.8,71.5,73,1.44,40,3209,5,-3.6,0,5,668,-11.914,11.547,,,,-20.7,,,,,,,,,,,,,,,,
1777981453823,2026-05-05T11:44:13.823Z,1650713,802.4,36,8.5,96.3,93,1.24,117,1212,59,-10.4,1,4,341,5.327,10.385,,,,-34.8,,,,,,,,,,,,,,,,
1777981453923,2026-05-05T11:44:13.923Z,1650813,825.5,41,22.8,31.8,95,1.3,60,9660,58,-7.3,0,3,739,3.546,12.542,,,,-10.3,,,,,,,,,,,,,,,,
1777981454023,2026-05-05T11:44:14.023Z,1650913,740.5,38,47.6,54.5,77,1.21,54,360,65,-15.9,1,0,882,14.542,-10.17,,,,-33.8,,,,,,,,,,,,,,,,
1777981454123,2026-05-05T11:44:14.123Z,1651013,786.1,55,28.5,65.4,73,1.41,5,5250,75,19.4,1,3,459,7.746,-4.214,,,,-43.7,,,,,,,,,,,,,,,,
1777981454223,2026-05-05T11:44:14.223Z,1651113,770,37,30,12.1,87,1.43,97,1964,16,22.2,0,0,262,-2.338,11.341,,,,25.6,,,,,,,,,,,,,,,,
1777981454323,2026-05-05T11:44:14.323Z,1651213,730.7,55,42.9,49.6,91,1.23,43,10080,33,16.7,0,5,422,10.402,6.935,,,,-23.5,,,,,,,,,,,,,,,,
1777981454423,2026-05-05T11:44:14.423Z,1651313,729.2,31,16.2,20.5,96,1.23,90,6020,65,-31.4,1,2,68,-9.725,-5.866,,,,-12.6,,,,,,,,,,,,,,,,
1777981454523,2026-05-05T11:44:14.523Z,1651413,795.9,50,20.9,17.4,94,1.39,26,4025,11,-27,0,4,1003,-12.886,-2.529,,,,47.5,,,,,,,,,,,,,,,,
1777981454622,2026-05-05T11:44:14.622Z,1651513,801.9,53,43.2,10,90,1.26,46,1233,63,14.6,1,4,537,6.227,7.827,,,,20.6,,,,,,,,,,,,,,,,
1777981454723,2026-05-05T11:44:14.723Z,1651613,821,34,32.3,88.7,81,1.27,61,8148,93,23.8,0,1,66,5.509,-13.07,,,,33,,,,,,,,,,,,,,,,
1777981454822,2026-05-05T11:44:14.822Z,1651713,806.7,31,44.6,15.6,99,1.42,33,11099,2,29.6,0,3,788,3.396,11.642,,,,9.7,,,,,,,,,,,,,,,,
1777981454923,2026-05-05T11:44:14.923Z,1651813,754.7,45,4.8,35.1,100,1.27,14,6071,67,6.5,0,3,93,2.063,-10.991,,,,-16.7,,,,,,,,,,,,,,,,
1777981455023,2026-05-05T11:44:15.023Z,1651913,790.1,44,30.4,29.5,93,1.21,21,9648,55,-37.6,0,0,781,-3.477,12.283,,,,17.8,,,,,,,,,,,,,,,,
1777981455123,2026-05-05T11:44:15.123Z,1652013,837.4,36,8.5,12.1,77,1.39,87,3330,90,-44.3,0,2,846,7.002,-13.039,,,,-27.8,,,,,,,,,,,,,,,,
1777981455223,2026-05-05T11:44:15.223Z,1652113,787.7,44,49.2,23.1,92,1.29,91,4601,62,11.4,1,6,39,-1.113,14.13,,,,21.4,,,,,,,,,,,,,,,,
1777981455323,2026-05-05T11:44:15.323Z,1652213,764.5,53,48.2,96.6,85,1.2,88,574,13,-16.6,0,3,288,-10.423,-5.329,,,,37.9,,,,,,,,,,,,,,,,
1777981455423,2026-05-05T11:44:15.423Z,1652313,745.4,36,24.6,53.5,85,1.3,56,5382,35,36.4,0,4,582,-7.296,-9.512,,,,19.6,,,,,,,,,,,,,,,,
1777981455523,2026-05-05T11:44:15.523Z,1652413,758.9,48,35.2,13.6,99,1.28,47,9140,23,-43.1,0,4,469,-7.251,-7.527,,,,-30.1,,,,,,,,,,,,,,,,
1777981455623,2026-05-05T11:44:15.623Z,1652513,811.1,51,23.7,77.5,94,1.39,110,11595,50,18,0,0,829,-13.767,7.928,,,,-12.3,,,,,,,,,,,,,,,,
1777981455722,2026-05-05T11:44:15.722Z,1652613,775.9,32,17.8,6.8,75,1.35,89,8283,93,8.8,0,1,778,2.207,-1.117,,,,-29,,,,,,,,,,,,,,,,
1777981455822,2026-05-05T11:44:15.822Z,1652713,815.7,55,24.4,38.6,78,1.41,60,53,75,40.8,1,3,584,-1.851,-2.184,,,,-32.1,,,,,,,,,,,,,,,,
1777981455923,2026-05-05T11:44:15.923Z,1652813,748.3,36,44.7,51.7,74,1.27,105,5759,75,44.5,0,6,556,-11.305,-12.245,,,,-49.6,,,,,,,,,,,,,,,,
1777981456022,2026-05-05T11:44:16.022Z,1652913,747.9,32,1,74.4,70,1.3,96,1196,8,-23.2,0,0,330,-8.811,3.107,,,,36.4,,,,,,,,,,,,,,,,
1777981456122,2026-05-05T11:44:16.122Z,1653013,729.4,52,32.6,12.1,72,1.41,11,2398,93,-35.3,0,3,359,7.169,1.66,,,,16.4,,,,,,,,,,,,,,,,
1777981456222,2026-05-05T11:44:16.222Z,1653113,789.6,44,13.7,83.7,81,1.28,7,8527,99,-33.1,1,1,1019,-1.717,7.395,,,,4.2,,,,,,,,,,,,,,,,
1777981456322,2026-05-05T11:44:16.322Z,1653213,819.1,41,16.2,83,72,1.44,23,2790,23,0.3,1,5,955,10.99,11.009,,,,32.1,,,,,,,,,,,,,,,,
1777981456423,2026-05-05T11:44:16.423Z,1653313,790.8,35,14.9,56.4,94,1.32,21,7573,53,31.7,0,5,274,-12.091,-2.3,,,,-47.4,,,,,,,,,,,,,,,,
1777981456522,2026-05-05T11:44:16.522Z,1653413,763.7,34,18.2,86.6,72,1.29,35,6997,23,29.6,1,6,423,5.24,1.431,,,,7.5,,,,,,,,,,,,,,,,
1777981456623,2026-05-05T11:44:16.623Z,1653513,821.5,40,36.1,83,74,1.42,86,1707,55,-29.5,1,4,638,-6.063,-14.225,,,,-27.9,,,,,,,,,,,,,,,,
1777981456722,2026-05-05T11:44:16.722Z,1653613,720,48,29.2,8.9,91,1.27,79,4490,9,8.2,1,2,156,-13.435,-5.608,,,,11.7,,,,,,,,,,,,,,,,
1777981456823,2026-05-05T11:44:16.823Z,1653713,765.6,52,22.6,40.7,87,1.27,41,10242,27,40.5,0,1,540,-14.375,-7.392,,,,32.5,,,,,,,,,,,,,,,,
1777981456922,2026-05-05T11:44:16.922Z,1653813,794.6,52,3.6,21,92,1.28,77,10703,75,3.4,1,1,798,-9.688,2.951,,,,44.7,,,,,,,,,,,,,,,,
1777981457023,2026-05-05T11:44:17.023Z,1653913,772.4,34,35.2,52.1,95,1.42,50,4153,15,-12.2,1,0,260,-6.631,4.76,,,,49.2,,,,,,,,,,,,,,,,
1777981457122,2026-05-05T11:44:17.122Z,1654013,771.5,44,29.9,69.2,100,1.36,53,3464,50,-22,0,4,539,9.87,8.603,,,,8,,,,,,,,,,,,,,,,
1777981457223,2026-05-05T11:44:17.223Z,1654113,780.8,37,35.5,74.5,96,1.33,63,1592,37,18.4,0,5,843,10.681,-12.618,,,,39,,,,,,,,,,,,,,,,
1777981457322,2026-05-05T11:44:17.322Z,1654213,835,39,23.7,49,72,1.42,13,3553,70,43.6,0,3,555,-7.046,1.969,,,,17.8,,,,,,,,,,,,,,,,
1777981457423,2026-05-05T11:44:17.423Z,1654313,751.8,52,12.4,68.9,87,1.24,40,4415,69,-1.3,0,2,433,10.106,14.551,,,,30.3,,,,,,,,,,,,,,,,
1777981457523,2026-05-05T11:44:17.523Z,1654413,752.3,38,37.4,78,86,1.26,109,3112,29,-39.1,0,2,348,-13.887,-6.475,,,,18.2,,,,,,,,,,,,,,,,
1777981457622,2026-05-05T11:44:17.622Z,1654513,770.5,30,20.6,83.7,70,1.3,17,910,68,-22.5,0,2,880,1.936,0.105,,,,44.5,,,,,,,,,,,,,,,,
1777981457722,2026-05-05T11:44:17.722Z,1654613,807.7,49,44.1,57.9,88,1.33,8,1690,93,16.4,1,4,838,11.33,-6.64,,,,-19.9,,,,,,,,,,,,,,,,
1777981457822,2026-05-05T11:44:17.822Z,1654713,804.5,43,15.1,52.8,88,1.33,27,7679,70,6.1,0,5,766,-5.838,8.707,,,,36.5,,,,,,,,,,,,,,,,
1777981457922,2026-05-05T11:44:17.922Z,1654813,774.6,37,46.1,54.8,71,1.44,13,9274,25,27,1,2,77,-12.264,6.309,,,,16.8,,,,,,,,,,,,,,,,
1777981458022,2026-05-05T11:44:18.022Z,1654913,748.7,32,17.5,97.2,81,1.31,83,4540,83,-1.5,1,0,38,-6.518,-6.817,,,,37.6,,,,,,,,,,,,,,,,
1777981458123,2026-05-05T11:44:18.123Z,1655013,764.1,39,13.2,0.8,91,1.44,36,11735,61,41.6,0,1,102,-12.81,-1.925,,,,-4.2,,,,,,,,,,,,,,,,
1777981458222,2026-05-05T11:44:18.222Z,1655113,782,31,40.3,40.7,84,1.23,27,6288,18,42.4,1,6,494,2.951,-1.573,,,,24.1,,,,,,,,,,,,,,,,
1777981458323,2026-05-05T11:44:18.323Z,1655213,828.3,35,45.2,76.1,82,1.31,85,7252,36,0.8,1,0,235,-9.98,-10.966,,,,-20.3,,,,,,,,,,,,,,,,
1777981458422,2026-05-05T11:44:18.422Z,1655313,764.4,51,5.2,7.4,85,1.26,20,4157,50,-41.3,1,5,627,12.199,-11.418,,,,47.8,,,,,,,,,,,,,,,,
1777981458523,2026-05-05T11:44:18.523Z,1655413,740,30,25.2,8.7,79,1.21,49,6865,75,10.8,1,0,761,13.079,-14.217,,,,-13.8,,,,,,,,,,,,,,,,
1777981458623,2026-05-05T11:44:18.623Z,1655513,730,39,44.2,26.7,90,1.35,53,10496,45,-35.4,1,5,977,11.597,-6.28,,,,-19.1,,,,,,,,,,,,,,,,
1777981458723,2026-05-05T11:44:18.723Z,1655613,735.8,39,38.6,10.2,79,1.37,101,2731,54,-14.7,1,1,742,14.36,3.178,,,,-5.9,,,,,,,,,,,,,,,,
1777981458823,2026-05-05T11:44:18.823Z,1655713,744.5,31,34,59.1,92,1.27,43,9703,99,-9.1,1,5,940,-7.203,-0.982,,,,-18.1,,,,,,,,,,,,,,,,
1777981458922,2026-05-05T11:44:18.922Z,1655813,726.3,46,0.4,5.1,93,1.23,84,6022,68,-37,0,4,9,5.174,-11.994,,,,45.1,,,,,,,,,,,,,,,,
1777981459022,2026-05-05T11:44:19.022Z,1655913,803,33,24.9,96.4,77,1.4,2,2373,83,-22.8,0,5,258,0.467,11.2,,,,10.3,,,,,,,,,,,,,,,,
1777981459123,2026-05-05T11:44:19.123Z,1656013,799.5,34,38,85.2,80,1.22,84,3829,62,-13.8,0,5,702,-12.818,-11.258,,,,-39.7,,,,,,,,,,,,,,,,
1777981459222,2026-05-05T11:44:19.222Z,1656113,808.3,32,48.1,56.4,93,1.26,98,8286,8,17.9,1,2,953,-2.662,-8.017,,,,7.8,,,,,,,,,,,,,,,,
1777981459322,2026-05-05T11:44:19.322Z,1656213,738.1,46,48.9,5,90,1.32,2,266,66,-14.3,0,3,947,-7.973,4.19,,,,-11.8,,,,,,,,,,,,,,,,
1777981459423,2026-05-05T11:44:19.423Z,1656313,735.1,54,35.8,21,99,1.36,37,9848,69,-14.1,1,3,186,-1.909,-14.708,,,,0.9,,,,,,,,,,,,,,,,
1777981459522,2026-05-05T11:44:19.522Z,1656413,748.7,54,25.3,90.7,70,1.39,47,9035,74,-23.4,0,6,794,4.984,8.683,,,,-23.5,,,,,,,,,,,,,,,,
1777981459622,2026-05-05T11:44:19.622Z,1656513,801.5,34,30,74.8,93,1.3,111,1861,87,32.1,1,3,696,3.783,3.984,,,,36,,,,,,,,,,,,,,,,
1777981459722,2026-05-05T11:44:19.722Z,1656613,731.7,51,2.2,26.5,89,1.38,10,8985,43,4.6,0,1,338,-9.787,-9.292,,,,-13.1,,,,,,,,,,,,,,,,
1777981459822,2026-05-05T11:44:19.822Z,1656713,791.6,41,12.8,76.1,92,1.24,59,4803,53,27.3,0,6,795,6.883,-12.677,,,,32.8,,,,,,,,,,,,,,,,
1777981459922,2026-05-05T11:44:19.922Z,1656813,818.6,50,32,29,88,1.34,73,7765,88,32,1,4,669,-7.659,11.716,,,,3.7,,,,,,,,,,,,,,,,
1777981460022,2026-05-05T11:44:20.022Z,1656913,780.7,38,39.6,67.4,97,1.28,59,2511,71,1,1,2,760,-1.932,-6.13,,,,32.7,,,,,,,,,,,,,,,,
1777981460122,2026-05-05T11:44:20.122Z,1657013,789,31,31.2,38.1,82,1.2,105,4164,48,5.6,0,5,136,10.725,2.063,,,,48.3,,,,,,,,,,,,,,,,
1777981460223,2026-05-05T11:44:20.223Z,1657113,730.5,52,19,88.3,75,1.42,75,4457,24,-30.4,1,2,980,-1.543,-3.651,,,,-29.4,,,,,,,,,,,,,,,,
1777981460323,2026-05-05T11:44:20.323Z,1657213,734.3,53,17,47.2,100,1.44,82,5908,58,35.3,1,2,261,14.708,-5.285,,,,18.8,,,,,,,,,,,,,,,,
1777981460422,2026-05-05T11:44:20.422Z,1657313,779.7,44,20.8,7.4,97,1.22,28,10870,82,30.7,1,3,640,7.846,-12.319,,,,31.3,,,,,,,,,,,,,,,,
1777981460523,2026-05-05T11:44:20.523Z,1657413,751.8,31,21.4,16.7,82,1.41,12,8887,19,-27.1,0,6,625,14.672,-7.502,,,,-12,,,,,,,,,,,,,,,,
1777981460622,2026-05-05T11:44:20.622Z,1657513,836.4,38,10,17.3,73,1.21,16,2366,89,42.2,1,1,242,5.626,12.458,,,,-10.8,,,,,,,,,,,,,,,,
1777981460722,2026-05-05T11:44:20.722Z,1657613,796.8,47,25.8,17,80,1.22,98,5613,47,15.7,1,4,550,-5.076,13.67,,,,14.4,,,,,,,,,,,,,,,,
1777981460822,2026-05-05T11:44:20.822Z,1657713,769.2,35,49.2,77.6,91,1.3,36,7767,0,-44.9,0,0,717,9.877,12.115,,,,34.3,,,,,,,,,,,,,,,,
1777981460922,2026-05-05T11:44:20.922Z,1657813,756.6,53,26.2,31.1,70,1.38,60,1289,24,1.4,1,0,413,7.3,1.523,,,,-33.7,,,,,,,,,,,,,,,,
1777981461022,2026-05-05T11:44:21.022Z,1657913,724.4,32,30.3,63.6,90,1.4,106,6670,91,13.6,0,5,136,14.44,-5.599,,,,25.7,,,,,,,,,,,,,,,,
1777981461123,2026-05-05T11:44:21.123Z,1658013,789.3,55,24.7,54.3,99,1.32,54,10005,50,-28,0,3,416,11.601,-1.019,,,,-8.3,,,,,,,,,,,,,,,,
1777981461222,2026-05-05T11:44:21.222Z,1658113,811.2,34,0.1,97,90,1.31,105,3297,66,24.1,0,2,376,5.57,-12.185,,,,18,,,,,,,,,,,,,,,,
1777981461322,2026-05-05T11:44:21.322Z,1658213,768.3,55,8.5,52.2,76,1.38,25,11817,3,8.5,0,2,808,1.49,4.834,,,,6.1,,,,,,,,,,,,,,,,
1777981461422,2026-05-05T11:44:21.422Z,1658313,782.9,54,38.3,95,73,1.23,16,4599,63,-1.5,1,5,56,-4.375,-11.642,,,,21.9,,,,,,,,,,,,,,,,
1777981461522,2026-05-05T11:44:21.522Z,1658413,795.3,55,2.1,33.4,84,1.28,6,4270,36,6.6,1,1,265,-3.246,10.266,,,,-23,,,,,,,,,,,,,,,,
1777981461623,2026-05-05T11:44:21.623Z,1658513,798.6,42,44.1,98.7,88,1.32,108,6883,11,-37.4,0,0,807,-14.019,11.587,,,,35,,,,,,,,,,,,,,,,
1777981461722,2026-05-05T11:44:21.722Z,1658613,818.9,32,12.2,62.4,73,1.22,8,2323,46,-19.8,0,6,673,3.323,-7.824,,,,-27.3,,,,,,,,,,,,,,,,
1777981461822,2026-05-05T11:44:21.822Z,1658713,726.7,53,30.1,97.5,82,1.42,73,8583,70,-24.8,0,2,4,-7.02,-2.825,,,,36.6,,,,,,,,,,,,,,,,
1777981461922,2026-05-05T11:44:21.922Z,1658813,815.6,53,17.6,49.8,79,1.28,62,7899,30,-4.2,0,5,965,-4.884,-4.514,,,,-47.3,,,,,,,,,,,,,,,,
1777981462022,2026-05-05T11:44:22.022Z,1658913,828.6,36,44.2,18.1,75,1.29,78,6737,79,21.2,1,2,846,6.124,11.949,,,,-46.2,,,,,,,,,,,,,,,,
1777981462122,2026-05-05T11:44:22.122Z,1659013,736.4,52,2.9,15.6,74,1.25,113,4983,11,-43.2,0,2,849,-9.736,2.411,,,,-33.9,,,,,,,,,,,,,,,,
1777981462223,2026-05-05T11:44:22.223Z,1659113,815.6,43,39.1,78.7,77,1.27,110,2792,68,16.2,1,5,1022,-1.352,14.585,,,,17,,,,,,,,,,,,,,,,
1777981462322,2026-05-05T11:44:22.322Z,1659213,790.7,39,10.2,55.1,87,1.34,19,9431,57,-1.1,1,3,341,7.903,-0.681,,,,-1.2,,,,,,,,,,,,,,,,
1777981462422,2026-05-05T11:44:22.422Z,1659313,739.8,41,21.1,38.3,70,1.28,62,778,48,-4.3,1,1,205,-7.401,2.427,,,,27.4,,,,,,,,,,,,,,,,
1777981462522,2026-05-05T11:44:22.522Z,1659413,737.6,41,38.8,72.2,84,1.31,60,4355,4,39.7,1,4,495,-4.508,-10.956,,,,-46.7,,,,,,,,,,,,,,,,
1777981462623,2026-05-05T11:44:22.623Z,1659513,771.4,41,29.4,97.8,70,1.38,112,11920,81,-13.2,1,5,604,4.727,-2.17,,,,11.6,,,,,,,,,,,,,,,,
1777981462722,2026-05-05T11:44:22.722Z,1659613,754.9,48,41.2,52.4,70,1.34,79,9306,13,1.2,0,5,386,4.755,0.503,,,,22.1,,,,,,,,,,,,,,,,
1777981462822,2026-05-05T11:44:22.822Z,1659713,811.2,42,4.7,87.7,70,1.31,26,3207,9,12.6,1,5,36,2.975,-12.075,,,,3.4,,,,,,,,,,,,,,,,
1777981462922,2026-05-05T11:44:22.922Z,1659813,829.6,37,26,67.1,93,1.35,17,6030,25,-7.5,0,6,682,13.314,-2.545,,,,-20.3,,,,,,,,,,,,,,,,
1777981463022,2026-05-05T11:44:23.022Z,1659913,800,39,20.4,89,92,1.25,67,1796,24,8.9,1,1,603,-12.907,13.128,,,,43.7,,,,,,,,,,,,,,,,
1777981463122,2026-05-05T11:44:23.122Z,1660013,837.3,37,32.5,60.4,92,1.43,24,7908,36,26,1,6,480,-7.578,7.431,,,,22.6,,,,,,,,,,,,,,,,
1777981463222,2026-05-05T11:44:23.222Z,1660113,804.6,42,21.6,97.3,99,1.42,116,5241,75,-6.2,1,1,181,14.43,-0.267,,,,18,,,,,,,,,,,,,,,,
1777981463322,2026-05-05T11:44:23.322Z,1660213,780.3,54,12,21.1,70,1.38,44,616,47,33.2,0,3,909,5.966,11.462,,,,23.8,,,,,,,,,,,,,,,,
1777981463422,2026-05-05T11:44:23.422Z,1660313,759,33,9,68.1,73,1.4,115,4685,70,27.6,1,3,642,-5.204,14.445,,,,22.1,,,,,,,,,,,,,,,,
1777981463523,2026-05-05T11:44:23.523Z,1660413,825.9,40,19.9,58,74,1.4,74,7517,49,-36.3,0,0,85,-12.005,-11.579,,,,39,,,,,,,,,,,,,,,,
1777981463622,2026-05-05T11:44:23.622Z,1660513,732.7,37,3.2,4.5,82,1.38,27,3917,83,28.9,1,5,341,5.637,8.018,,,,-42.2,,,,,,,,,,,,,,,,
1777981463722,2026-05-05T11:44:23.722Z,1660613,729.2,53,37.5,62.1,84,1.35,43,10557,68,-42.5,1,4,160,-4.25,5.157,,,,29.7,,,,,,,,,,,,,,,,
1777981463823,2026-05-05T11:44:23.823Z,1660713,831.2,37,22.2,32.2,75,1.26,67,2721,33,-19.3,1,4,565,-10.932,4.38,,,,-21.6,,,,,,,,,,,,,,,,
1777981463922,2026-05-05T11:44:23.922Z,1660813,771.9,35,16.5,98.8,76,1.38,82,11433,93,-4.9,0,1,270,-14.227,2.563,,,,16.6,,,,,,,,,,,,,,,,
1777981464022,2026-05-05T11:44:24.022Z,1660913,838.4,38,34.2,97.6,83,1.31,75,2592,28,-9.3,1,3,955,-0.465,9.031,,,,-41.9,,,,,,,,,,,,,,,,
1777981464122,2026-05-05T11:44:24.122Z,1661013,768.9,55,44.2,7.9,100,1.28,74,2510,2,23.6,0,5,36,2.208,-7.109,,,,-36.8,,,,,,,,,,,,,,,,
1777981464222,2026-05-05T11:44:24.222Z,1661113,793.4,51,37.4,52.9,73,1.29,10,9060,32,28.7,1,3,673,-13.641,-0.598,,,,3.1,,,,,,,,,,,,,,,,
1777981464322,2026-05-05T11:44:24.322Z,1661213,768.3,46,22.6,48,78,1.3,29,1985,67,38.2,1,1,154,-5.492,-9.403,,,,-29.5,,,,,,,,,,,,,,,,
1777981464422,2026-05-05T11:44:24.422Z,1661313,721.2,31,23.3,7.6,91,1.4,88,1130,78,36.1,1,2,900,-2.625,7.67,,,,37.6,,,,,,,,,,,,,,,,
1777981464522,2026-05-05T11:44:24.522Z,1661413,820,50,21.7,9.3,79,1.23,92,9993,5,-12.1,1,6,859,0.317,-0.074,,,,-34.5,,,,,,,,,,,,,,,,
1777981464622,2026-05-05T11:44:24.622Z,1661513,765,33,13,85.4,85,1.25,38,276,22,-30.7,1,3,475,6.609,-10.245,,,,-43.3,,,,,,,,,,,,,,,,
1777981464722,2026-05-05T11:44:24.722Z,1661613,758.9,38,5,26.2,78,1.41,87,10394,1,-21.6,1,3,63,7.84,-8.656,,,,13.2,,,,,,,,,,,,,,,,
1777981464822,2026-05-05T11:44:24.822Z,1661713,827.1,55,22.9,67.5,83,1.21,29,462,32,8.6,0,0,817,-6.373,-12.918,,,,-5.5,,,,,,,,,,,,,,,,
1777981464922,2026-05-05T11:44:24.922Z,1661813,800.5,54,24.9,59,82,1.3,115,2097,43,-27.3,0,5,767,13.822,-5.713,,,,38.3,,,,,,,,,,,,,,,,
1777981465022,2026-05-05T11:44:25.022Z,1661913,827.5,44,44.8,23.8,98,1.26,7,6448,82,-40.7,1,2,142,-5.028,1.074,,,,5.1,,,,,,,,,,,,,,,,
1777981465122,2026-05-05T11:44:25.122Z,1662013,767.7,50,43.1,65.5,89,1.31,51,5890,76,14.3,1,3,935,-0.726,-8.708,,,,-49.9,,,,,,,,,,,,,,,,
1777981465222,2026-05-05T11:44:25.222Z,1662113,728.4,43,17.8,46.5,70,1.23,42,7448,23,-29.9,1,5,564,10.383,8.678,,,,48.5,,,,,,,,,,,,,,,,
1777981465322,2026-05-05T11:44:25.322Z,1662213,727.7,48,7.1,42.6,87,1.33,62,1179,84,25.8,1,0,98,-14.14,-9.872,,,,41.5,,,,,,,,,,,,,,,,
1777981465422,2026-05-05T11:44:25.422Z,1662313,753.8,49,7.7,36.4,76,1.42,77,5129,40,30.4,1,3,347,-9.447,0.105,,,,43.9,,,,,,,,,,,,,,,,
1777981465522,2026-05-05T11:44:25.522Z,1662413,787.3,46,45.2,18.7,97,1.34,24,6142,15,-30.7,0,2,840,-12.713,7.389,,,,-18.1,,,,,,,,,,,,,,,,
1777981465622,2026-05-05T11:44:25.622Z,1662513,720.2,49,14.8,56,72,1.36,49,5895,44,-7.1,1,5,964,11.661,7.177,,,,-11.5,,,,,,,,,,,,,,,,
1777981465722,2026-05-05T11:44:25.722Z,1662613,728.9,32,47.9,92.3,100,1.35,98,11321,11,13,1,1,694,-2.964,0.75,,,,-31,,,,,,,,,,,,,,,,
1777981465822,2026-05-05T11:44:25.822Z,1662713,722.7,33,35.1,84.1,76,1.33,94,8424,81,-38.1,0,6,480,10.964,-4.825,,,,12.3,,,,,,,,,,,,,,,,
1777981465922,2026-05-05T11:44:25.922Z,1662813,826.8,34,48.6,78,84,1.24,38,5651,29,-37.8,0,2,866,-0.71,-13.776,,,,-50,,,,,,,,,,,,,,,,
1777981466022,2026-05-05T11:44:26.022Z,1662913,758.3,47,44.8,67,100,1.39,18,2325,19,-30.6,0,1,221,1.283,5.258,,,,11.9,,,,,,,,,,,,,,,,
1777981466122,2026-05-05T11:44:26.122Z,1663013,813,33,26.2,73.8,91,1.24,74,2510,84,37,0,1,348,13.399,-1.689,,,,1.7,,,,,,,,,,,,,,,,
1777981466222,2026-05-05T11:44:26.222Z,1663113,722.5,33,0.1,49,97,1.37,36,11693,54,12.7,1,2,859,4.359,2.076,,,,-16,,,,,,,,,,,,,,,,
1777981466322,2026-05-05T11:44:26.322Z,1663213,736.7,36,43.6,71.1,86,1.26,2,4933,15,9.8,0,3,449,-12.122,8.779,,,,24.6,,,,,,,,,,,,,,,,
1777981466422,2026-05-05T11:44:26.422Z,1663313,836.7,53,36.2,3.4,98,1.4,84,4160,57,40.2,1,6,691,13.015,-13.492,,,,-16,,,,,,,,,,,,,,,,
1777981466522,2026-05-05T11:44:26.522Z,1663413,792.4,37,32.3,70.2,96,1.42,34,9560,86,23.9,1,6,223,5.698,8.004,,,,10.8,,,,,,,,,,,,,,,,
1777981466622,2026-05-05T11:44:26.622Z,1663513,725.4,40,18.2,44.5,78,1.38,63,6673,58,11.5,0,0,480,-1.258,1.684,,,,19.6,,,,,,,,,,,,,,,,
1777981466722,2026-05-05T11:44:26.722Z,1663613,827.3,40,40.7,77.6,94,1.35,74,8176,39,2.3,1,2,1019,11.327,8.161,,,,14.1,,,,,,,,,,,,,,,,
1777981466822,2026-05-05T11:44:26.822Z,1663713,809.3,47,12.1,49.4,84,1.44,57,2609,12,9.7,1,5,953,2.518,-10.041,,,,9,,,,,,,,,,,,,,,,
1777981466922,2026-05-05T11:44:26.922Z,1663813,832.7,31,2.1,24,79,1.36,19,4710,71,-28.2,1,1,642,-6.768,7.88,,,,-13.9,,,,,,,,,,,,,,,,
1777981467022,2026-05-05T11:44:27.022Z,1663913,798.9,35,11.7,68.1,94,1.25,108,1583,68,-15.9,0,5,650,13.849,0.231,,,,-45.9,,,,,,,,,,,,,,,,
1777981467122,2026-05-05T11:44:27.122Z,1664013,761,43,13.7,85.2,100,1.29,32,807,99,-31.6,1,5,15,-6.764,-4.125,,,,-49,,,,,,,,,,,,,,,,
1777981467222,2026-05-05T11:44:27.222Z,1664113,747.8,51,31.3,63.8,84,1.4,97,10981,51,0,1,5,979,-5.974,-3.849,,,,-21.5,,,,,,,,,,,,,,,,
1777981467322,2026-05-05T11:44:27.322Z,1664213,779.9,47,19.3,3.7,98,1.42,92,4106,97,17.5,0,6,981,3.03,-8.792,,,,45,,,,,,,,,,,,,,,,
1777981467422,2026-05-05T11:44:27.422Z,1664313,775.4,33,0.8,72.1,83,1.41,97,9907,46,3.7,1,5,662,-6.47,7.826,,,,16.6,,,,,,,,,,,,,,,,
1777981467522,2026-05-05T11:44:27.522Z,1664413,749.6,47,18,70.9,74,1.21,8,4666,0,1.8,0,1,24,6.228,-8.422,,,,-18.1,,,,,,,,,,,,,,,,
1777981467622,2026-05-05T11:44:27.622Z,1664513,805,41,37.6,34.4,83,1.31,104,6557,99,-9.5,0,6,616,-0.464,-11.667,,,,-14.9,,,,,,,,,,,,,,,,
1777981467722,2026-05-05T11:44:27.722Z,1664613,813.9,39,41.6,95.1,96,1.26,59,10187,43,-33.2,0,2,423,-12.494,5.737,,,,44.4,,,,,,,,,,,,,,,,
1777981467822,2026-05-05T11:44:27.822Z,1664713,740.7,55,12.5,55.3,91,1.44,20,10014,51,-13.1,0,6,786,-6.178,4.759,,,,14.4,,,,,,,,,,,,,,,,
1777981467922,2026-05-05T11:44:27.922Z,1664813,725.2,49,3.7,84.3,82,1.23,21,3920,23,-19,1,3,1004,4.592,11.461,,,,31.1,,,,,,,,,,,,,,,,
1777981468022,2026-05-05T11:44:28.022Z,1664913,839.3,36,48.4,90.3,86,1.41,70,11014,23,-36.8,1,4,735,10.311,7.455,,,,24.6,,,,,,,,,,,,,,,,
1777981468122,2026-05-05T11:44:28.122Z,1665013,726.7,54,25.6,95.9,96,1.31,51,6000,78,24.1,0,4,594,-3.857,10.722,,,,35.1,,,,,,,,,,,,,,,,
1777981468222,2026-05-05T11:44:28.222Z,1665113,812.4,49,20.8,93.1,83,1.3,44,6293,58,27.5,1,0,618,-6.331,-6.976,,,,-11.5,,,,,,,,,,,,,,,,
1777981468322,2026-05-05T11:44:28.322Z,1665213,753.5,30,42.5,77.8,99,1.22,90,10040,60,-12,1,0,70,-0.623,-13.491,,,,-8.6,,,,,,,,,,,,,,,,
1777981468422,2026-05-05T11:44:28.422Z,1665313,815.5,30,36.5,9.9,89,1.35,82,10963,63,-34.7,0,0,742,-0.051,-0.433,,,,47.8,,,,,,,,,,,,,,,,
1777981468522,2026-05-05T11:44:28.522Z,1665413,730.7,31,30.6,63.7,82,1.33,85,8518,40,27.3,1,0,307,3.232,13.074,,,,11.4,,,,,,,,,,,,,,,,
1777981468622,2026-05-05T11:44:28.622Z,1665513,786.2,52,0,20.3,84,1.29,77,3009,36,-38.1,1,1,903,5.307,0.845,,,,-47,,,,,,,,,,,,,,,,
1777981468722,2026-05-05T11:44:28.722Z,1665613,759.3,49,27.6,59.4,98,1.31,66,8230,81,22.8,1,0,382,-5.029,-10.73,,,,-31.6,,,,,,,,,,,,,,,,
1777981468822,2026-05-05T11:44:28.822Z,1665713,728.2,46,34.4,76.6,83,1.27,12,4623,26,-16.8,1,4,877,8.099,11.401,,,,7.6,,,,,,,,,,,,,,,,
1777981468922,2026-05-05T11:44:28.922Z,1665813,769.9,53,41.9,16.8,96,1.22,45,8250,3,-39.8,0,6,269,-12.184,6.705,,,,-25.3,,,,,,,,,,,,,,,,
1777981469022,2026-05-05T11:44:29.022Z,1665913,720.4,45,24.4,29,99,1.43,38,2581,37,-1,1,5,262,2.49,-12.337,,,,-33.5,,,,,,,,,,,,,,,,
1777981469122,2026-05-05T11:44:29.122Z,1666013,774.5,53,12.7,34.7,76,1.29,70,5130,16,-10.5,0,6,185,-10.282,1.88,,,,-11,,,,,,,,,,,,,,,,
1777981469222,2026-05-05T11:44:29.222Z,1666113,745.9,31,32.9,97.5,92,1.29,9,2964,34,-44.3,0,0,516,6.447,-3.654,,,,-43.2,,,,,,,,,,,,,,,,
1777981469322,2026-05-05T11:44:29.322Z,1666213,832.5,41,7.6,97.5,91,1.39,105,1073,62,16.4,0,6,996,8.478,-11.298,,,,-44.8,,,,,,,,,,,,,,,,
1777981469422,2026-05-05T11:44:29.422Z,1666313,729.7,38,13.6,57.5,89,1.22,13,11165,79,-12.5,1,6,313,8.101,-5.811,,,,-16.4,,,,,,,,,,,,,,,,
1777981469522,2026-05-05T11:44:29.522Z,1666413,780.5,52,7.7,52.7,87,1.39,110,11882,90,29.8,0,6,83,-3.087,-3.95,,,,-23.7,,,,,,,,,,,,,,,,
1777981469622,2026-05-05T11:44:29.622Z,1666513,818.5,36,26.8,69.8,100,1.23,52,3041,75,7.8,0,3,88,-3.42,-6.027,,,,5.1,,,,,,,,,,,,,,,,
1777981469722,2026-05-05T11:44:29.722Z,1666613,736.5,44,23.6,59.7,93,1.25,44,8079,35,-11.7,1,5,642,7.726,11.469,,,,35.4,,,,,,,,,,,,,,,,
1777981469822,2026-05-05T11:44:29.822Z,1666713,745.3,34,3.3,23.8,91,1.39,92,11944,15,14.5,0,6,269,-5.428,-5.152,,,,4.9,,,,,,,,,,,,,,,,
1777981469922,2026-05-05T11:44:29.922Z,1666813,767.5,47,39.3,1.3,80,1.3,65,5496,7,10.7,1,3,441,-7.921,-3.364,,,,-13.3,,,,,,,,,,,,,,,,
1777981470022,2026-05-05T11:44:30.022Z,1666913,755.8,42,34,90.8,99,1.37,101,2849,97,-36.2,0,0,679,-1.237,12.4,,,,-20.2,,,,,,,,,,,,,,,,
1777981470122,2026-05-05T11:44:30.122Z,1667013,737.3,45,15.9,41.3,99,1.35,30,10359,75,14.4,0,5,231,6.962,0.972,,,,-17.5,,,,,,,,,,,,,,,,
1777981470222,2026-05-05T11:44:30.222Z,1667113,745.6,40,28,84.9,96,1.28,65,11976,63,34.8,0,5,189,12.19,-12.508,,,,-8.3,,,,,,,,,,,,,,,,
1777981470322,2026-05-05T11:44:30.322Z,1667213,829.7,55,2.3,45.8,92,1.25,76,4045,33,28.4,1,5,669,0.441,2.985,,,,48,,,,,,,,,,,,,,,,
1777981470422,2026-05-05T11:44:30.422Z,1667313,768.1,39,22.7,50.6,94,1.34,75,6527,9,39.5,0,4,555,11.941,-13.612,,,,-30.5,,,,,,,,,,,,,,,,
1777981470522,2026-05-05T11:44:30.522Z,1667413,744.2,47,46.6,51.1,70,1.3,97,6357,92,-14.9,0,1,753,2.545,3.235,,,,-31.4,,,,,,,,,,,,,,,,
1777981470622,2026-05-05T11:44:30.622Z,1667513,827.6,47,20.8,25,86,1.4,91,10629,91,-4.8,0,6,290,-0.904,-13.632,,,,-43,,,,,,,,,,,,,,,,
1777981470722,2026-05-05T11:44:30.722Z,1667613,800.3,31,37.1,26.1,83,1.38,97,7537,4,-22.7,0,4,435,7.483,0.935,,,,43,,,,,,,,,,,,,,,,
1777981470822,2026-05-05T11:44:30.822Z,1667713,749.2,53,40.4,86.5,75,1.24,59,965,92,-33.4,1,1,999,10.263,-12.991,,,,19.7,,,,,,,,,,,,,,,,
1777981470922,2026-05-05T11:44:30.922Z,1667813,733.1,33,30.3,43,88,1.23,79,5748,67,-18.7,0,4,497,3.822,4.894,,,,-23,,,,,,,,,,,,,,,,
1777981471022,2026-05-05T11:44:31.022Z,1667913,822.6,48,41.1,95.6,90,1.31,62,6748,48,2.3,0,1,8,-13.781,-1.716,,,,-45.7,,,,,,,,,,,,,,,,
1777981471122,2026-05-05T11:44:31.122Z,1668013,779.8,44,21.8,25.1,75,1.43,97,4873,0,41.4,1,1,345,-3.048,14.406,,,,28.4,,,,,,,,,,,,,,,,
1777981471222,2026-05-05T11:44:31.222Z,1668113,825.6,40,43.2,66.6,82,1.31,86,3532,6,-18.5,0,2,1006,-14.481,-4.193,,,,44.7,,,,,,,,,,,,,,,,
1777981471322,2026-05-05T11:44:31.322Z,1668213,793.8,31,25.5,46.6,84,1.37,2,275,51,9,0,5,717,0.525,10.711,,,,13,,,,,,,,,,,,,,,,
1777981471422,2026-05-05T11:44:31.422Z,1668313,786.9,50,13.5,51.3,88,1.44,27,651,36,38.2,1,0,351,13.858,6.325,,,,-4.5,,,,,,,,,,,,,,,,
1777981471522,2026-05-05T11:44:31.522Z,1668413,761.3,50,20.4,90.6,99,1.44,10,3280,32,21.5,1,6,330,-14.655,-9.842,,,,-33.9,,,,,,,,,,,,,,,,
1777981471622,2026-05-05T11:44:31.622Z,1668513,803.8,46,21.4,56.1,84,1.35,5,1661,96,23.1,1,4,690,11.035,5.285,,,,-9.5,,,,,,,,,,,,,,,,
1777981471722,2026-05-05T11:44:31.722Z,1668613,828.9,47,48.5,63.1,83,1.28,39,6084,77,43.6,0,1,790,-2.225,3.533,,,,-37.2,,,,,,,,,,,,,,,,
1777981471822,2026-05-05T11:44:31.822Z,1668713,743.5,49,41.2,51.4,73,1.33,89,1680,17,-1,0,1,624,5.785,3.654,,,,-12.9,,,,,,,,,,,,,,,,
1777981471922,2026-05-05T11:44:31.922Z,1668813,790.3,30,3.9,82.2,92,1.39,50,9994,63,-5.1,0,1,824,-3.516,-2.499,,,,11.7,,,,,,,,,,,,,,,,
1777981472022,2026-05-05T11:44:32.022Z,1668913,772.6,36,26.5,73.4,73,1.3,63,5487,77,-0.2,0,0,204,12.306,-8.708,,,,-6.4,,,,,,,,,,,,,,,,
1777981472122,2026-05-05T11:44:32.122Z,1669013,734.4,33,45.8,44.6,86,1.21,65,7467,89,31.5,0,2,898,2.495,-3.659,,,,3.2,,,,,,,,,,,,,,,,
1777981472222,2026-05-05T11:44:32.222Z,1669113,808.1,46,31.3,7.2,89,1.23,91,10261,39,-25.9,0,1,779,7.406,14.656,,,,19.2,,,,,,,,,,,,,,,,
1777981472322,2026-05-05T11:44:32.322Z,1669213,804.6,36,21.8,86.4,82,1.26,21,2085,93,-44.5,0,6,903,-13.392,-5.626,,,,-28.3,,,,,,,,,,,,,,,,
1777981472422,2026-05-05T11:44:32.422Z,1669313,785.7,47,37,11.2,95,1.44,51,8774,38,-25.3,1,0,464,-4.216,-12.76,,,,13.6,,,,,,,,,,,,,,,,
1777981472522,2026-05-05T11:44:32.522Z,1669413,731.9,47,29.6,63.8,84,1.32,113,5195,71,-37.4,1,6,4,-5.609,3.412,,,,-42,,,,,,,,,,,,,,,,
1777981472622,2026-05-05T11:44:32.622Z,1669513,769.7,55,29.8,13.9,86,1.25,58,2039,75,7.3,0,0,767,-4.385,6.011,,,,-31,,,,,,,,,,,,,,,,
1777981472722,2026-05-05T11:44:32.722Z,1669613,805.5,38,3.5,20.3,98,1.2,114,10295,8,-4.9,0,5,32,-9.168,2.719,,,,-44.3,,,,,,,,,,,,,,,,
1777981472822,2026-05-05T11:44:32.822Z,1669713,764.1,47,18.6,60.4,77,1.38,73,8577,23,-16,0,0,616,-4.913,-0.249,,,,-4,,,,,,,,,,,,,,,,
1777981472922,2026-05-05T11:44:32.922Z,1669813,763.1,47,25.2,99.5,83,1.38,102,11454,94,34.9,0,3,890,-11.479,-11.514,,,,30,,,,,,,,,,,,,,,,
1777981473022,2026-05-05T11:44:33.022Z,1669913,801.8,50,1.6,53.9,100,1.39,32,7777,51,12.2,1,6,903,-12.77,2.488,,,,19.4,,,,,,,,,,,,,,,,
1777981473122,2026-05-05T11:44:33.122Z,1670013,771.1,51,8.7,25.5,83,1.28,79,883,93,-10.8,0,4,393,9.334,3.365,,,,-3.6,,,,,,,,,,,,,,,,
1777981473222,2026-05-05T11:44:33.222Z,1670113,731.9,48,15,33.6,93,1.37,58,2431,14,20.6,1,3,990,-7.122,9.988,,,,-29.2,,,,,,,,,,,,,,,,
1777981473322,2026-05-05T11:44:33.322Z,1670213,827.9,32,38.7,25.1,73,1.2,107,3334,5,32.4,1,4,570,13.265,-13.407,,,,-8.4,,,,,,,,,,,,,,,,
1777981473422,2026-05-05T11:44:33.422Z,1670313,793.1,49,31,87.3,75,1.21,74,537,69,23.8,0,6,22,-11.117,-6.098,,,,14.8,,,,,,,,,,,,,,,,
1777981473522,2026-05-05T11:44:33.522Z,1670413,828.6,37,17.5,42.4,78,1.36,76,4448,98,37.1,0,4,418,6.988,4.814,,,,-28.9,,,,,,,,,,,,,,,,
1777981473622,2026-05-05T11:44:33.622Z,1670513,741.8,41,42.3,39.5,85,1.43,8,9499,47,-18.4,1,5,86,-13.398,-5.068,,,,4.2,,,,,,,,,,,,,,,,
1777981473722,2026-05-05T11:44:33.722Z,1670613,815.8,42,10.3,34.3,81,1.3,92,5986,55,34.5,0,2,285,8.359,-14.63,,,,-40.8,,,,,,,,,,,,,,,,
1777981473822,2026-05-05T11:44:33.822Z,1670713,789.9,55,20.3,32.3,89,1.28,71,6929,44,42.2,0,2,330,3.956,1.819,,,,38.8,,,,,,,,,,,,,,,,
1777981473922,2026-05-05T11:44:33.922Z,1670813,826.4,49,32.3,91,86,1.29,73,2658,10,-0.3,0,0,432,-13.696,13.888,,,,2.8,,,,,,,,,,,,,,,,
1777981474022,2026-05-05T11:44:34.022Z,1670913,744.2,43,46.1,63.1,79,1.38,44,4551,63,-38.2,0,5,971,11.47,-11.24,,,,-25.8,,,,,,,,,,,,,,,,
1777981474122,2026-05-05T11:44:34.122Z,1671013,776.3,51,34.3,35.1,94,1.32,91,10511,62,-6.9,0,5,142,-5.368,-7.55,,,,20.9,,,,,,,,,,,,,,,,
1777981474222,2026-05-05T11:44:34.222Z,1671113,785.6,55,35.7,57.3,92,1.43,106,4040,45,0.4,0,0,743,3.724,13.478,,,,28.3,,,,,,,,,,,,,,,,
1777981474322,2026-05-05T11:44:34.322Z,1671213,821.9,53,3.4,86.4,77,1.44,117,5917,31,-39.5,0,6,642,10.858,-7.803,,,,-47.5,,,,,,,,,,,,,,,,
1777981474422,2026-05-05T11:44:34.422Z,1671313,824.2,34,2.3,53.3,100,1.38,48,4605,72,44.9,0,1,763,-0.248,4.798,,,,12.3,,,,,,,,,,,,,,,,
1777981474522,2026-05-05T11:44:34.522Z,1671413,765.6,45,36.2,33.1,78,1.21,99,1922,90,-26.6,1,5,620,-12.8,-11.238,,,,-32.1,,,,,,,,,,,,,,,,
1777981474622,2026-05-05T11:44:34.622Z,1671513,799.6,31,13.6,89.1,81,1.39,37,5891,4,-5,1,4,64,-10.416,-9.334,,,,-24,,,,,,,,,,,,,,,,
1777981474722,2026-05-05T11:44:34.722Z,1671613,780.3,46,43.5,81.4,81,1.22,57,6068,58,-37.2,1,2,949,-2.328,8.504,,,,9.3,,,,,,,,,,,,,,,,
1777981474822,2026-05-05T11:44:34.822Z,1671713,832.1,45,19.2,68.5,82,1.23,117,8567,61,-26.6,1,5,409,-1.12,0.218,,,,-27.5,,,,,,,,,,,,,,,,
1777981474922,2026-05-05T11:44:34.922Z,1671813,799,44,11.3,46,75,1.29,15,391,46,41.3,0,1,725,14.433,-13.238,,,,-25.9,,,,,,,,,,,,,,,,
1777981475022,2026-05-05T11:44:35.022Z,1671913,780.6,51,39.8,64.5,96,1.41,30,4895,42,-40.8,1,0,625,-0.613,-2.954,,,,48.3,,,,,,,,,,,,,,,,
1777981475122,2026-05-05T11:44:35.122Z,1672013,720.6,39,7.1,22.5,83,1.21,41,11643,47,-4.6,0,4,853,0.295,-8.619,,,,13,,,,,,,,,,,,,,,,
1777981475222,2026-05-05T11:44:35.222Z,1672113,797.2,51,44.1,48.2,73,1.34,11,7703,77,8.4,0,1,949,9.901,-11.779,,,,-40.7,,,,,,,,,,,,,,,,
1777981475322,2026-05-05T11:44:35.322Z,1672213,761.9,55,35,10.3,91,1.27,22,11494,58,-26.5,1,5,923,0.834,-5.253,,,,45.6,,,,,,,,,,,,,,,,
1777981475422,2026-05-05T11:44:35.422Z,1672313,746.8,54,15.3,22.1,90,1.32,42,547,53,-33.7,0,6,257,-7.346,-12.175,,,,-3.6,,,,,,,,,,,,,,,,
1777981475522,2026-05-05T11:44:35.522Z,1672413,736.3,36,42.6,33.7,84,1.36,112,1288,67,-39,1,3,36,-5.598,-7.199,,,,22.5,,,,,,,,,,,,,,,,
1777981475622,2026-05-05T11:44:35.622Z,1672513,745.5,51,48.9,73.9,88,1.27,25,4713,57,-19,1,3,833,-2.436,-10.14,,,,-45.3,,,,,,,,,,,,,,,,
1777981475722,2026-05-05T11:44:35.722Z,1672613,749.9,40,16.7,94.7,70,1.33,6,9697,44,-15.3,1,6,713,-1.941,-2.924,,,,13.7,,,,,,,,,,,,,,,,
1777981475822,2026-05-05T11:44:35.822Z,1672713,771.6,40,27.2,4.9,89,1.21,86,2642,37,43.6,1,3,592,14.1,6.981,,,,-17.9,,,,,,,,,,,,,,,,
1777981475922,2026-05-05T11:44:35.922Z,1672813,743.7,42,39.8,60.6,88,1.39,32,5149,11,43.5,0,1,773,-9.628,5.943,,,,40.5,,,,,,,,,,,,,,,,
1777981476022,2026-05-05T11:44:36.022Z,1672913,766.1,34,28.1,47.2,99,1.36,92,7025,8,-25.3,1,5,8,14.43,-9.418,,,,-8.5,,,,,,,,,,,,,,,,
1777981476122,2026-05-05T11:44:36.122Z,1673013,748.9,45,12.5,67.3,84,1.28,2,9246,39,-33.7,1,2,124,13.706,-11.293,,,,-9.1,,,,,,,,,,,,,,,,
1777981476222,2026-05-05T11:44:36.222Z,1673113,737.4,50,38,24.5,79,1.37,39,10302,85,11.3,1,0,431,-9.249,-11.383,,,,29.5,,,,,,,,,,,,,,,,
1777981476322,2026-05-05T11:44:36.322Z,1673213,759.1,38,48.3,33.2,74,1.28,85,9064,22,43.8,1,3,727,4.888,12.686,,,,12.5,,,,,,,,,,,,,,,,
1777981476422,2026-05-05T11:44:36.422Z,1673313,768,33,41.6,16.1,96,1.3,22,849,74,-43.8,1,5,201,-11.473,5.104,,,,-41.6,,,,,,,,,,,,,,,,
1777981476522,2026-05-05T11:44:36.522Z,1673413,824.3,42,17.4,1.6,81,1.35,114,7583,88,41.3,1,3,933,4.91,-12.794,,,,42.1,,,,,,,,,,,,,,,,
1777981476622,2026-05-05T11:44:36.622Z,1673513,776.6,36,32,46.4,75,1.36,73,8175,60,7.7,0,5,435,-14.495,-5.123,,,,-16.3,,,,,,,,,,,,,,,,
1777981476722,2026-05-05T11:44:36.722Z,1673613,790,33,2.2,6,91,1.34,28,3645,28,0,1,6,400,7.383,-9.272,,,,30.9,,,,,,,,,,,,,,,,
1777981476822,2026-05-05T11:44:36.822Z,1673713,782.5,43,29.1,69.9,73,1.33,111,11093,50,-1.7,1,3,181,-9.463,-11.763,,,,-19,,,,,,,,,,,,,,,,
1777981476922,2026-05-05T11:44:36.922Z,1673813,829.2,41,33.9,92.4,93,1.2,82,7816,50,-3.8,1,3,77,-2.613,10.275,,,,-23,,,,,,,,,,,,,,,,
1777981477022,2026-05-05T11:44:37.022Z,1673913,780,30,32.4,51.3,71,1.4,44,10180,82,-30.9,0,3,273,11.782,-3.856,,,,8.4,,,,,,,,,,,,,,,,
1777981477122,2026-05-05T11:44:37.122Z,1674013,737.6,39,23.8,99.3,76,1.38,34,11408,7,-43.2,0,5,6,1.841,7.635,,,,-4.8,,,,,,,,,,,,,,,,
1777981477222,2026-05-05T11:44:37.222Z,1674113,809.5,30,27,51.2,73,1.3,38,2220,43,42.4,1,3,915,3.837,11.069,,,,-1.2,,,,,,,,,,,,,,,,
1777981477322,2026-05-05T11:44:37.322Z,1674213,791.1,39,40.2,70.9,85,1.28,77,4241,30,-0.3,1,6,363,-10.429,14.688,,,,20.3,,,,,,,,,,,,,,,,
1777981477422,2026-05-05T11:44:37.422Z,1674313,771.4,30,16.7,74.4,81,1.25,29,10607,23,-34.9,0,4,213,6.065,13.956,,,,-26.2,,,,,,,,,,,,,,,,
1777981477522,2026-05-05T11:44:37.522Z,1674413,778.6,39,22.2,12.2,93,1.29,101,11097,32,-32.7,0,6,178,11.16,14.457,,,,7.5,,,,,,,,,,,,,,,,
1777981477622,2026-05-05T11:44:37.622Z,1674513,767.8,52,6.2,55.9,95,1.22,21,3648,25,34.8,0,3,353,-5.817,-7.725,,,,14.3,,,,,,,,,,,,,,,,
1777981477722,2026-05-05T11:44:37.722Z,1674613,723.4,35,31.7,18.6,87,1.31,50,9629,73,8.4,0,0,830,-0.346,0.945,,,,-26.5,,,,,,,,,,,,,,,,
1777981477822,2026-05-05T11:44:37.822Z,1674713,813.3,40,2,42.7,94,1.44,90,10506,82,-13.6,1,5,699,8.903,-10.347,,,,12.4,,,,,,,,,,,,,,,,
1777981477922,2026-05-05T11:44:37.922Z,1674813,797.7,39,9.7,18,96,1.35,58,1309,56,-5,0,6,448,-2.702,-12.366,,,,40.1,,,,,,,,,,,,,,,,
1777981478022,2026-05-05T11:44:38.022Z,1674913,791.5,37,31.9,27.2,75,1.21,25,10143,8,-6.1,0,2,84,5.528,9.464,,,,40.2,,,,,,,,,,,,,,,,
1777981478122,2026-05-05T11:44:38.122Z,1675013,728,47,8.8,0,98,1.28,22,4058,78,8.5,0,0,637,5.426,10.73,,,,-45.7,,,,,,,,,,,,,,,,
1777981478222,2026-05-05T11:44:38.222Z,1675113,735.8,37,7.8,59.7,95,1.36,73,10841,25,-14.2,0,0,58,-2.013,3.446,,,,-3,,,,,,,,,,,,,,,,
1777981478322,2026-05-05T11:44:38.322Z,1675213,837.6,51,6.7,6,75,1.23,14,5002,19,-24.4,1,1,375,1.934,8.048,,,,-41.2,,,,,,,,,,,,,,,,
1777981478422,2026-05-05T11:44:38.422Z,1675313,816.1,53,21.7,60.5,86,1.22,85,7879,60,-30.6,0,6,832,-9.149,9.737,,,,37.5,,,,,,,,,,,,,,,,
1777981478522,2026-05-05T11:44:38.522Z,1675413,743,39,14.5,55.2,72,1.44,47,8646,85,3.2,1,5,277,10.148,2.831,,,,-16.6,,,,,,,,,,,,,,,,
1777981478622,2026-05-05T11:44:38.622Z,1675513,736.2,39,21.6,72.9,97,1.29,62,10236,55,-44.4,1,2,605,-9.905,13.884,,,,-40.3,,,,,,,,,,,,,,,,
1777981478722,2026-05-05T11:44:38.722Z,1675613,832,41,28,38,71,1.38,117,11421,0,-5.2,1,4,689,-8.283,12.344,,,,-32.4,,,,,,,,,,,,,,,,
1777981478822,2026-05-05T11:44:38.822Z,1675713,765,42,43.9,46.1,83,1.42,44,6512,61,12.6,0,6,814,0.725,-2.038,,,,28.6,,,,,,,,,,,,,,,,
1777981478922,2026-05-05T11:44:38.922Z,1675813,836.3,32,7.1,95.7,92,1.41,109,10671,81,-40.5,0,1,237,-9.505,-4.42,,,,-37,,,,,,,,,,,,,,,,
1777981479022,2026-05-05T11:44:39.022Z,1675913,815.3,42,38.9,19.4,87,1.39,115,8332,28,3.6,1,6,470,3.959,-10.556,,,,-24.7,,,,,,,,,,,,,,,,
1777981479122,2026-05-05T11:44:39.122Z,1676013,805.1,37,27.6,54,78,1.36,95,6409,37,14.8,1,5,4,14.357,-7.35,,,,-34.9,,,,,,,,,,,,,,,,
1777981479222,2026-05-05T11:44:39.222Z,1676113,784.5,49,20.2,43.3,71,1.23,66,8915,25,-15.4,0,6,384,-13.804,-1.347,,,,-33.1,,,,,,,,,,,,,,,,
1777981479321,2026-05-05T11:44:39.321Z,1676213,773.3,31,2.4,73.3,86,1.24,8,281,48,-36.4,1,4,211,-6.681,-1.086,,,,-32.8,,,,,,,,,,,,,,,,
1777981479422,2026-05-05T11:44:39.422Z,1676313,831,52,6.1,58.8,94,1.27,47,6898,68,30.2,0,0,731,0.425,-9.357,,,,-22.3,,,,,,,,,,,,,,,,
1777981479522,2026-05-05T11:44:39.522Z,1676413,809.6,38,36.2,43.8,87,1.35,27,10067,45,-3.9,1,0,183,-2.165,-8.125,,,,1,,,,,,,,,,,,,,,,
1777981479622,2026-05-05T11:44:39.622Z,1676513,747.8,30,28.9,85.8,72,1.31,5,9090,24,-12.5,1,1,540,5.154,9.709,,,,-14.5,,,,,,,,,,,,,,,,
1777981479722,2026-05-05T11:44:39.722Z,1676613,802.7,46,14.2,79.9,96,1.33,114,8281,50,1.5,1,1,339,11.895,-4.175,,,,-27.2,,,,,,,,,,,,,,,,
1777981479822,2026-05-05T11:44:39.822Z,1676713,811.3,52,16,47.6,74,1.24,20,2974,43,36.5,1,2,10,-3.848,9.179,,,,-29.2,,,,,,,,,,,,,,,,
1777981479922,2026-05-05T11:44:39.922Z,1676813,823.7,35,15.5,46.8,89,1.2,57,3224,4,-9.5,0,3,954,-8.878,11.304,,,,-16.1,,,,,,,,,,,,,,,,
1777981480022,2026-05-05T11:44:40.022Z,1676913,736.7,36,40.5,14,89,1.26,27,3437,95,-28.6,0,2,991,0.5,7.584,,,,-39.9,,,,,,,,,,,,,,,,
1777981480122,2026-05-05T11:44:40.122Z,1677013,763.9,51,34.8,59.8,89,1.36,4,4364,12,-24.1,0,5,310,9.204,-7.074,,,,42.9,,,,,,,,,,,,,,,,
1777981480222,2026-05-05T11:44:40.222Z,1677113,802.1,40,37.4,61,70,1.43,60,9657,82,-10.9,0,2,221,12.757,-12.811,,,,-25,,,,,,,,,,,,,,,,
1777981480322,2026-05-05T11:44:40.322Z,1677213,839.8,41,18.4,40.7,99,1.21,24,8132,97,17,0,2,235,6.872,-3.559,,,,-23.3,,,,,,,,,,,,,,,,
1777981480422,2026-05-05T11:44:40.422Z,1677313,827.2,35,41,75.4,70,1.38,118,9358,70,34.8,1,2,888,-8.46,-1.718,,,,35.6,,,,,,,,,,,,,,,,
1777981480522,2026-05-05T11:44:40.522Z,1677413,812.3,40,19.1,88,83,1.39,109,82,28,27.6,0,3,897,-12.74,-14.571,,,,-7.3,,,,,,,,,,,,,,,,
1777981480622,2026-05-05T11:44:40.622Z,1677513,835.5,30,4.7,99.1,74,1.31,33,4871,30,-28.6,1,6,343,0.811,-7.445,,,,37.8,,,,,,,,,,,,,,,,
1777981480722,2026-05-05T11:44:40.722Z,1677613,789,30,9,80,71,1.3,42,3023,14,2,1,2,248,1.689,4.311,,,,-37.6,,,,,,,,,,,,,,,,
1777981480822,2026-05-05T11:44:40.822Z,1677713,826.7,41,2.1,38.4,93,1.4,90,6173,18,-33.5,0,0,59,-9.44,-9.417,,,,19.6,,,,,,,,,,,,,,,,
1777981480936,2026-05-05T11:44:40.936Z,1677813,768.5,55,8.5,84.5,72,1.29,82,11563,50,15.1,1,4,242,2.616,9.461,,,,35.3,,,,,,,,,,,,,,,,
1777981481021,2026-05-05T11:44:41.021Z,1677913,733.3,38,9,57.2,76,1.25,70,7044,21,3.6,1,0,368,4.785,5.432,,,,-7.4,,,,,,,,,,,,,,,,
1777981481122,2026-05-05T11:44:41.122Z,1678013,753.5,48,22.8,40.5,85,1.4,81,741,32,0.9,0,1,938,-7.06,1.318,,,,-33.5,,,,,,,,,,,,,,,,
1777981481221,2026-05-05T11:44:41.221Z,1678113,793,41,11.2,8.6,90,1.43,3,7566,0,43.4,1,5,262,7.735,-9.585,,,,-14.8,,,,,,,,,,,,,,,,
1777981481322,2026-05-05T11:44:41.322Z,1678213,814.5,53,6.4,95.2,95,1.21,85,6533,16,-31.9,0,0,172,-9.007,-10.409,,,,47.2,,,,,,,,,,,,,,,,
1777981481422,2026-05-05T11:44:41.422Z,1678313,829.1,43,12.5,21.5,89,1.36,69,5809,70,34,1,3,182,-10.811,-5.869,,,,5.3,,,,,,,,,,,,,,,,
1777981481522,2026-05-05T11:44:41.522Z,1678413,825.9,53,39,15.4,76,1.24,70,5146,80,-20.8,1,2,721,10.26,8.656,,,,-48.1,,,,,,,,,,,,,,,,
1777981481622,2026-05-05T11:44:41.622Z,1678513,722.2,49,33.2,50.9,75,1.44,75,1582,63,11,1,2,465,0.309,-5.64,,,,27.6,,,,,,,,,,,,,,,,
1777981481722,2026-05-05T11:44:41.722Z,1678613,783.8,44,31,63.5,99,1.22,83,9771,61,38.5,1,2,198,10.549,0.81,,,,31.3,,,,,,,,,,,,,,,,
1777981481822,2026-05-05T11:44:41.822Z,1678713,766.8,51,45.3,34.4,83,1.39,97,4465,26,33,0,2,158,8.971,-10.085,,,,43.6,,,,,,,,,,,,,,,,
1777981481922,2026-05-05T11:44:41.922Z,1678813,764.8,41,34.3,24.2,92,1.34,13,7471,69,18.1,1,0,648,5.535,-13.792,,,,27.2,,,,,,,,,,,,,,,,
1777981482022,2026-05-05T11:44:42.022Z,1678913,783.6,47,21.2,80.3,81,1.25,30,7100,15,18.4,0,5,11,-10.822,8.908,,,,20.6,,,,,,,,,,,,,,,,
1777981482122,2026-05-05T11:44:42.122Z,1679013,723.1,43,1.5,22.4,86,1.24,49,11437,17,16.7,0,3,805,-6.806,3.682,,,,-43.8,,,,,,,,,,,,,,,,
1777981482222,2026-05-05T11:44:42.222Z,1679113,790.3,40,27.6,27.8,85,1.36,61,9817,99,-13,0,4,749,-1.186,2.147,,,,24.6,,,,,,,,,,,,,,,,
1777981482322,2026-05-05T11:44:42.322Z,1679213,733.8,32,16.2,34.8,90,1.23,23,3156,1,-1.3,1,3,842,-9.582,-2.137,,,,-29.8,,,,,,,,,,,,,,,,
1777981482422,2026-05-05T11:44:42.422Z,1679313,814.7,44,43,18.5,100,1.4,51,8452,52,38.9,1,0,611,3.99,-2.368,,,,30,,,,,,,,,,,,,,,,
1777981482522,2026-05-05T11:44:42.522Z,1679413,810.6,48,40.6,23.8,74,1.25,18,4580,61,6.3,1,5,882,-4.937,11.071,,,,-10.2,,,,,,,,,,,,,,,,
1777981482622,2026-05-05T11:44:42.622Z,1679513,766.9,33,46.7,32.9,90,1.25,64,9213,10,21.7,1,1,805,7.827,3.49,,,,-19.7,,,,,,,,,,,,,,,,
1777981482722,2026-05-05T11:44:42.722Z,1679613,764.1,31,23.4,42.3,72,1.34,60,9738,84,31.5,0,0,790,10.098,13.2,,,,-21.6,,,,,,,,,,,,,,,,
1777981482822,2026-05-05T11:44:42.822Z,1679713,769.2,32,37.7,72.8,75,1.33,107,8578,76,-5.7,1,1,15,-7.615,-6.31,,,,-9.2,,,,,,,,,,,,,,,,
1777981482922,2026-05-05T11:44:42.922Z,1679813,741.3,42,1.8,58,90,1.4,7,8650,81,31.5,0,4,379,-6.269,8.171,,,,-39.3,,,,,,,,,,,,,,,,
1777981483022,2026-05-05T11:44:43.022Z,1679913,757.4,52,44.5,2.7,87,1.42,73,11346,5,2.5,0,5,505,0.906,-11.468,,,,29.9,,,,,,,,,,,,,,,,
1777981483122,2026-05-05T11:44:43.122Z,1680013,733.9,43,6.8,75.1,92,1.35,1,4519,38,-8.5,1,4,991,-3.357,-3.446,,,,30.4,,,,,,,,,,,,,,,,
1777981483221,2026-05-05T11:44:43.221Z,1680113,761.2,45,12.4,49.3,80,1.4,30,1458,44,-19.6,1,1,451,-3.596,6.704,,,,-41.8,,,,,,,,,,,,,,,,
1777981483321,2026-05-05T11:44:43.321Z,1680213,831.7,43,46.3,19.7,91,1.42,42,9635,84,-1,0,4,629,5.235,5.328,,,,7.1,,,,,,,,,,,,,,,,
1777981483421,2026-05-05T11:44:43.421Z,1680313,800.3,52,6.6,84.6,93,1.29,21,2379,87,-10.6,0,5,764,-14.2,-5.904,,,,0.4,,,,,,,,,,,,,,,,
1777981483522,2026-05-05T11:44:43.522Z,1680413,790.1,44,37,47.2,98,1.27,83,4492,89,-33.9,1,6,1009,-4.608,-2.107,,,,-43.3,,,,,,,,,,,,,,,,
1777981483622,2026-05-05T11:44:43.622Z,1680513,725.8,53,48.5,54.1,85,1.39,13,7188,1,27.5,1,2,421,-0.608,12.653,,,,-18.2,,,,,,,,,,,,,,,,
1777981483721,2026-05-05T11:44:43.721Z,1680613,725.8,45,34.8,84.1,95,1.28,16,8131,46,12.2,0,5,48,9.026,10.103,,,,32.2,,,,,,,,,,,,,,,,
1777981483822,2026-05-05T11:44:43.822Z,1680713,794.2,48,34.8,10.4,77,1.3,100,9314,61,16.1,1,1,394,6.993,11.974,,,,-34.3,,,,,,,,,,,,,,,,
1777981483922,2026-05-05T11:44:43.922Z,1680813,782.6,34,43.6,43.8,82,1.41,65,8656,24,32.2,1,3,169,4.825,-8.417,,,,-2.9,,,,,,,,,,,,,,,,
1777981484022,2026-05-05T11:44:44.022Z,1680913,741.3,41,37.9,0.5,79,1.32,86,11613,42,6.9,0,3,934,-6.243,9.812,,,,-38,,,,,,,,,,,,,,,,
1777981484121,2026-05-05T11:44:44.121Z,1681013,728.5,39,24.9,73.1,76,1.39,67,444,21,35.1,1,1,751,7.131,-4.895,,,,20.1,,,,,,,,,,,,,,,,
1777981484221,2026-05-05T11:44:44.221Z,1681113,758.8,53,25.1,83.9,84,1.27,12,4706,60,40.2,1,1,289,-4.675,3.469,,,,8.6,,,,,,,,,,,,,,,,
1777981484321,2026-05-05T11:44:44.321Z,1681213,750.8,32,44.7,44.6,98,1.44,71,5581,44,0.4,1,0,705,9.321,-9.129,,,,9.3,,,,,,,,,,,,,,,,
1777981484421,2026-05-05T11:44:44.421Z,1681313,729.7,34,39.1,55.3,76,1.3,79,9733,6,-8.9,0,1,527,0.534,-4.233,,,,5.5,,,,,,,,,,,,,,,,
1777981484522,2026-05-05T11:44:44.522Z,1681413,809.8,41,25.8,13.3,88,1.3,19,2746,4,13.5,1,2,698,-4.363,7.633,,,,-33.3,,,,,,,,,,,,,,,,
1777981484621,2026-05-05T11:44:44.621Z,1681513,769.3,45,1,47.8,72,1.37,52,9286,13,8.9,0,1,74,-5.974,11.947,,,,38.6,,,,,,,,,,,,,,,,
1777981484721,2026-05-05T11:44:44.721Z,1681613,791.9,41,30.2,74.7,85,1.42,95,10166,98,-17.5,0,2,253,-1.711,9.642,,,,11.8,,,,,,,,,,,,,,,,
1777981484822,2026-05-05T11:44:44.822Z,1681713,831.2,34,37.2,4.1,92,1.21,0,6926,69,18.8,0,4,231,12.713,11.445,,,,-17.7,,,,,,,,,,,,,,,,
1777981484922,2026-05-05T11:44:44.922Z,1681813,765.4,35,32.4,18.3,91,1.3,33,3971,40,-27.1,0,3,333,10.853,-0.184,,,,25.9,,,,,,,,,,,,,,,,
1777981485021,2026-05-05T11:44:45.021Z,1681913,812,53,11.6,72.3,81,1.26,83,9479,82,17.8,0,5,353,-10.298,10.256,,,,22.4,,,,,,,,,,,,,,,,
1777981485122,2026-05-05T11:44:45.122Z,1682013,743.4,48,0.4,13.3,80,1.42,10,6504,25,21.7,0,6,505,11.784,-0.521,,,,-36.1,,,,,,,,,,,,,,,,
1777981485222,2026-05-05T11:44:45.222Z,1682113,811.5,50,4.4,91.9,87,1.44,16,7471,83,-16.3,0,0,805,-12.015,0.375,,,,26.8,,,,,,,,,,,,,,,,
1777981485321,2026-05-05T11:44:45.321Z,1682213,833.6,45,39.2,87.2,96,1.35,61,6069,83,16.8,1,0,56,-8.413,4.299,,,,15,,,,,,,,,,,,,,,,
1777981485422,2026-05-05T11:44:45.422Z,1682313,762.5,32,10.4,68.3,94,1.21,108,4444,56,33.6,0,2,698,-12.882,5.988,,,,-48.4,,,,,,,,,,,,,,,,
1777981485522,2026-05-05T11:44:45.522Z,1682413,762,54,7.3,68.9,89,1.44,34,11842,7,20,0,0,629,11.346,3.502,,,,-36.1,,,,,,,,,,,,,,,,
1777981485622,2026-05-05T11:44:45.622Z,1682513,798.2,40,39.1,57.7,85,1.32,15,1085,22,-13,0,6,508,-13.785,-12.067,,,,-39.1,,,,,,,,,,,,,,,,
1777981485721,2026-05-05T11:44:45.721Z,1682613,792.7,43,31.8,20,83,1.32,32,121,50,-19.3,1,3,392,9.745,9.53,,,,38,,,,,,,,,,,,,,,,
1777981485821,2026-05-05T11:44:45.821Z,1682713,776.5,45,7.3,8.7,82,1.31,64,7162,41,2.3,1,6,420,-0.806,13.879,,,,3.3,,,,,,,,,,,,,,,,
1777981485921,2026-05-05T11:44:45.921Z,1682813,817.5,52,35.1,68.4,76,1.27,81,11780,60,35.6,0,1,0,-4.868,-2.074,,,,-14.8,,,,,,,,,,,,,,,,
1777981486021,2026-05-05T11:44:46.021Z,1682913,810.6,55,26.8,8.1,72,1.26,64,5616,22,27.7,1,5,638,7.623,13.065,,,,24.8,,,,,,,,,,,,,,,,
1777981486122,2026-05-05T11:44:46.122Z,1683013,730,44,47.9,25.2,97,1.44,95,1961,53,16.2,0,5,924,-5.276,6.761,,,,-17.2,,,,,,,,,,,,,,,,
1777981486222,2026-05-05T11:44:46.222Z,1683113,821.2,55,2.2,73.6,82,1.42,109,6365,0,-22.1,0,4,558,-11.843,6.732,,,,5.8,,,,,,,,,,,,,,,,
1777981486321,2026-05-05T11:44:46.321Z,1683213,794,36,12.8,5.1,98,1.22,4,8950,25,13.6,0,3,399,10.22,1.426,,,,40.4,,,,,,,,,,,,,,,,
1777981486422,2026-05-05T11:44:46.422Z,1683313,751.3,47,22.4,2.1,84,1.31,67,9087,93,-32.3,0,1,698,3.267,12.265,,,,-41.9,,,,,,,,,,,,,,,,
1777981486522,2026-05-05T11:44:46.522Z,1683413,831.1,40,21,53.5,94,1.2,74,11854,42,-17.4,0,2,954,-13.446,12.845,,,,5.2,,,,,,,,,,,,,,,,
1777981486621,2026-05-05T11:44:46.621Z,1683513,756.9,44,46.5,43.2,75,1.3,35,662,62,9.6,0,4,571,7.361,8.468,,,,-33.5,,,,,,,,,,,,,,,,
1777981486722,2026-05-05T11:44:46.722Z,1683613,822.4,37,25.6,12.4,86,1.28,64,7199,90,-18.9,1,6,431,7.986,-11.66,,,,3.1,,,,,,,,,,,,,,,,
1777981486822,2026-05-05T11:44:46.822Z,1683713,829.3,38,49.5,23,90,1.2,85,5132,94,-11.8,0,3,224,14.698,-1.688,,,,29.8,,,,,,,,,,,,,,,,
1777981486922,2026-05-05T11:44:46.922Z,1683813,791.4,53,15.6,30,76,1.41,54,9183,94,25.2,1,4,774,-4.892,14.68,,,,36.7,,,,,,,,,,,,,,,,
1777981487022,2026-05-05T11:44:47.022Z,1683913,836.5,32,30.7,56.1,79,1.21,75,11665,90,0.4,0,3,134,13.171,9.28,,,,-48.4,,,,,,,,,,,,,,,,
1777981487122,2026-05-05T11:44:47.122Z,1684013,822.1,48,37.1,11.8,82,1.39,34,9820,71,-18.2,1,5,57,-12.523,-13.866,,,,-31.6,,,,,,,,,,,,,,,,
1777981487222,2026-05-05T11:44:47.222Z,1684113,772.8,31,14.1,61.3,89,1.26,19,3873,3,-21.9,0,5,444,10.283,-7.551,,,,22.8,,,,,,,,,,,,,,,,
1777981487321,2026-05-05T11:44:47.321Z,1684213,781.3,35,3.1,7.6,80,1.28,112,4079,27,16.7,1,0,759,7.277,-0.939,,,,41.3,,,,,,,,,,,,,,,,
1777981487422,2026-05-05T11:44:47.422Z,1684313,816.5,41,15.2,11.3,92,1.24,96,10226,71,-13.4,1,1,464,2.487,4.606,,,,30.5,,,,,,,,,,,,,,,,
1777981487521,2026-05-05T11:44:47.521Z,1684413,762.5,36,12.9,68.1,74,1.39,50,6726,88,2.5,1,4,283,2.025,-6.556,,,,-22,,,,,,,,,,,,,,,,
1777981487622,2026-05-05T11:44:47.622Z,1684513,818.8,50,36.8,90.9,85,1.36,92,7786,77,-25.1,0,3,895,10.371,-5.141,,,,-16.9,,,,,,,,,,,,,,,,
1777981487721,2026-05-05T11:44:47.721Z,1684613,752.8,50,34.7,99.7,79,1.38,50,8866,13,15.3,1,5,48,-11.265,9.577,,,,-6.6,,,,,,,,,,,,,,,,
1777981487822,2026-05-05T11:44:47.822Z,1684713,804,35,23.7,7.5,75,1.41,87,3044,49,-44.6,1,1,158,-4.817,-1.449,,,,-13.1,,,,,,,,,,,,,,,,
1777981487921,2026-05-05T11:44:47.921Z,1684813,766,46,23.8,72.2,86,1.2,93,1002,5,26,0,0,32,-0.477,13.018,,,,-36.8,,,,,,,,,,,,,,,,
1777981488021,2026-05-05T11:44:48.021Z,1684913,815.7,41,8.4,78.9,70,1.33,56,1251,65,11.5,1,2,970,6.464,2.9,,,,-14.1,,,,,,,,,,,,,,,,
1777981488122,2026-05-05T11:44:48.122Z,1685013,827.7,34,20.8,62,99,1.38,50,1621,84,-4.7,1,5,317,-0.007,9.352,,,,-44.8,,,,,,,,,,,,,,,,
1777981488221,2026-05-05T11:44:48.221Z,1685113,756.4,42,16.3,32.7,85,1.4,48,4213,95,6.8,0,2,209,14.169,-5.924,,,,12.3,,,,,,,,,,,,,,,,
1777981488322,2026-05-05T11:44:48.322Z,1685213,751.1,35,43.1,4.2,80,1.32,115,2693,37,-11.1,1,4,385,-2.683,-7.901,,,,19.8,,,,,,,,,,,,,,,,
1777981488422,2026-05-05T11:44:48.422Z,1685313,827.2,35,10.5,24.4,84,1.22,58,3597,92,26.6,0,4,865,2.494,-13.773,,,,31.6,,,,,,,,,,,,,,,,
1777981488522,2026-05-05T11:44:48.522Z,1685413,829.1,45,38.8,37.4,85,1.29,33,10650,4,10.9,0,5,978,-12.413,13.096,,,,47.4,,,,,,,,,,,,,,,,
1777981488622,2026-05-05T11:44:48.622Z,1685513,793.3,42,22.1,2.3,74,1.27,56,6776,18,-19.8,0,0,25,-13.35,-3.251,,,,-14.6,,,,,,,,,,,,,,,,
1777981488722,2026-05-05T11:44:48.722Z,1685613,765.3,34,34.5,65.5,72,1.41,11,9798,57,-27.1,1,1,707,-1.427,-3.758,,,,-9.8,,,,,,,,,,,,,,,,
1777981488822,2026-05-05T11:44:48.822Z,1685713,838.7,42,38.8,36.7,72,1.2,97,11129,50,15.1,1,0,111,-0.527,-13.741,,,,36.1,,,,,,,,,,,,,,,,
1777981488922,2026-05-05T11:44:48.922Z,1685813,764.4,41,22.6,78.3,73,1.22,71,3817,29,42.6,1,0,555,-6.39,-6.951,,,,-2,,,,,,,,,,,,,,,,
1777981489021,2026-05-05T11:44:49.021Z,1685913,787.9,38,26.7,88.9,97,1.2,56,502,44,14.1,0,0,21,5.317,-5.061,,,,-18.1,,,,,,,,,,,,,,,,
1777981489121,2026-05-05T11:44:49.121Z,1686013,771.1,47,49.4,52.4,96,1.35,29,470,61,21.5,0,6,759,-1.19,2.819,,,,38.4,,,,,,,,,,,,,,,,
1777981489222,2026-05-05T11:44:49.222Z,1686113,722.7,32,41.3,60.6,100,1.29,103,11651,45,22.3,1,0,524,-11.079,-10.65,,,,10.5,,,,,,,,,,,,,,,,
1777981489320,2026-05-05T11:44:49.320Z,1686213,824.6,35,19.6,75.9,87,1.26,31,5646,85,15.9,1,2,38,-0.517,10.932,,,,9.5,,,,,,,,,,,,,,,,
1777981489420,2026-05-05T11:44:49.420Z,1686313,782.2,32,19.8,96,75,1.43,21,4381,44,10.2,1,3,203,3.925,3.992,,,,-18.3,,,,,,,,,,,,,,,,
1777981489520,2026-05-05T11:44:49.520Z,1686413,776,34,36.7,77.7,92,1.36,68,2443,9,28.8,0,3,165,-5.235,7.52,,,,43.2,,,,,,,,,,,,,,,,
1777981489620,2026-05-05T11:44:49.620Z,1686513,738.4,39,44.3,76.4,86,1.25,33,10272,51,14.7,0,0,27,-2.286,0.413,,,,-26.6,,,,,,,,,,,,,,,,
1777981489721,2026-05-05T11:44:49.721Z,1686613,826.9,38,43.4,92.6,100,1.2,106,7187,65,-5.9,0,3,129,-11.685,-1.636,,,,28.5,,,,,,,,,,,,,,,,
1777981489820,2026-05-05T11:44:49.820Z,1686713,766.5,40,22.5,43,92,1.43,21,7565,86,-6.5,0,6,341,-8.219,-7.172,,,,20.3,,,,,,,,,,,,,,,,
1777981489920,2026-05-05T11:44:49.920Z,1686813,816.3,42,12.5,4.6,83,1.21,91,11987,8,12.1,0,2,786,4.646,14.112,,,,26.7,,,,,,,,,,,,,,,,
1777981490020,2026-05-05T11:44:50.020Z,1686913,762.9,38,41.2,80.7,90,1.37,59,7138,7,8.2,1,6,951,0.216,14.437,,,,34.6,,,,,,,,,,,,,,,,
1777981490121,2026-05-05T11:44:50.121Z,1687013,723.1,43,8.2,61.6,80,1.2,86,9449,31,-44.8,1,5,602,-12.607,9.58,,,,-40.6,,,,,,,,,,,,,,,,
1777981490221,2026-05-05T11:44:50.221Z,1687113,726.5,33,7.2,96.9,84,1.25,44,10066,32,27.2,0,2,717,-11.944,-1.312,,,,22,,,,,,,,,,,,,,,,
1777981490320,2026-05-05T11:44:50.320Z,1687213,744.5,36,28.1,21.4,85,1.32,77,7030,7,33.5,0,2,42,6.336,3.021,,,,-44.4,,,,,,,,,,,,,,,,
1777981490420,2026-05-05T11:44:50.420Z,1687313,737.8,46,7.5,36.6,72,1.2,54,8197,80,-23.4,0,4,73,-11.75,-6.048,,,,38.1,,,,,,,,,,,,,,,,
1777981490520,2026-05-05T11:44:50.520Z,1687413,753.7,51,40.2,73.3,91,1.37,100,9005,72,30.8,1,1,964,-9.57,6.95,,,,-3.5,,,,,,,,,,,,,,,,
1777981490620,2026-05-05T11:44:50.620Z,1687513,819.1,46,44.8,70.2,73,1.33,12,16,2,2.3,1,6,672,-13.24,10.077,,,,-38.8,,,,,,,,,,,,,,,,
1777981490720,2026-05-05T11:44:50.720Z,1687613,766.9,44,11.8,80.2,86,1.21,99,2464,37,-15.2,0,0,701,-9.128,9.67,,,,43.2,,,,,,,,,,,,,,,,
1777981490821,2026-05-05T11:44:50.821Z,1687713,831.5,49,9.8,50.6,79,1.41,16,2584,49,-16.7,0,4,631,-14.642,-11.225,,,,9.3,,,,,,,,,,,,,,,,
1777981490921,2026-05-05T11:44:50.921Z,1687813,720.2,40,41.2,49.7,73,1.38,112,10612,32,19.7,0,5,549,-4.725,9.232,,,,-1.8,,,,,,,,,,,,,,,,
1777981491021,2026-05-05T11:44:51.021Z,1687913,756.6,51,10,42.9,86,1.42,92,5757,54,30.5,1,3,216,-2.979,-6.488,,,,-24.2,,,,,,,,,,,,,,,,
1777981491120,2026-05-05T11:44:51.120Z,1688013,789.2,51,18.2,6.6,95,1.3,29,8647,75,43.1,0,4,128,-6.833,-8.713,,,,-49.3,,,,,,,,,,,,,,,,
1777981491220,2026-05-05T11:44:51.220Z,1688113,757.5,34,4.2,43.2,75,1.37,76,3768,82,-9.4,0,4,480,5.553,-1.692,,,,27.9,,,,,,,,,,,,,,,,
1777981491320,2026-05-05T11:44:51.320Z,1688213,761.1,53,38.5,25.7,94,1.25,33,4265,36,20.9,0,0,250,-9.984,-9.222,,,,25.2,,,,,,,,,,,,,,,,
1777981491420,2026-05-05T11:44:51.420Z,1688313,784.1,52,30.3,2.7,78,1.3,82,5203,65,-15.4,1,3,431,-4.215,6.19,,,,49.6,,,,,,,,,,,,,,,,
1777981491521,2026-05-05T11:44:51.521Z,1688413,838.1,40,30,59.8,89,1.3,102,4763,77,25.2,1,6,1015,11.894,1.621,,,,-41.9,,,,,,,,,,,,,,,,
1777981491621,2026-05-05T11:44:51.621Z,1688513,772.9,48,11,37.4,80,1.43,51,10861,85,-15.2,1,6,576,11.463,-3.443,,,,34.4,,,,,,,,,,,,,,,,
1777981491720,2026-05-05T11:44:51.720Z,1688613,816,53,40.6,45.2,89,1.38,6,6160,26,38.9,1,0,270,-1.206,-4.354,,,,34.5,,,,,,,,,,,,,,,,
1777981491820,2026-05-05T11:44:51.820Z,1688713,780.5,31,43.7,19,76,1.42,88,6783,16,21.7,0,5,303,-9.686,-3.653,,,,-10.1,,,,,,,,,,,,,,,,
1777981491920,2026-05-05T11:44:51.920Z,1688813,739.8,50,25.1,72.7,96,1.32,7,3452,64,32.1,0,6,45,10.453,-4.759,,,,-0.4,,,,,,,,,,,,,,,,
1777981492020,2026-05-05T11:44:52.020Z,1688913,744.4,55,33.7,14.1,93,1.36,43,6782,31,9.1,0,4,582,1.227,-13.261,,,,-48.5,,,,,,,,,,,,,,,,
1777981492120,2026-05-05T11:44:52.120Z,1689013,814.1,34,32.2,19.4,72,1.32,8,7043,85,44.2,1,5,554,13.528,-1.335,,,,11.9,,,,,,,,,,,,,,,,
1777981492220,2026-05-05T11:44:52.220Z,1689113,753.3,31,38.8,69.7,79,1.4,58,9275,65,-37.1,0,1,122,4.785,-14.355,,,,46.5,,,,,,,,,,,,,,,,
1777981492320,2026-05-05T11:44:52.320Z,1689213,750.4,54,14.9,70.1,74,1.2,48,4357,32,-21.3,1,0,527,0.071,-0.114,,,,22.5,,,,,,,,,,,,,,,,
1777981492420,2026-05-05T11:44:52.420Z,1689313,746.4,30,4.5,92.4,73,1.32,79,1005,83,35.2,0,4,235,11.778,-1.269,,,,14.9,,,,,,,,,,,,,,,,
1777981492520,2026-05-05T11:44:52.520Z,1689413,813.5,30,1.9,5.3,72,1.26,118,7415,39,22.6,1,5,883,-0.383,-13.008,,,,-5.6,,,,,,,,,,,,,,,,
1777981492621,2026-05-05T11:44:52.621Z,1689513,780.1,32,40.3,41.2,72,1.43,110,193,71,22,0,4,656,-3.989,-12.277,,,,-46.3,,,,,,,,,,,,,,,,
1777981492720,2026-05-05T11:44:52.720Z,1689613,777.3,48,13.8,51.8,83,1.24,73,4331,50,27,0,1,55,-14.094,3.388,,,,-47.3,,,,,,,,,,,,,,,,
1777981492821,2026-05-05T11:44:52.821Z,1689713,775.4,43,40.5,66.2,100,1.25,79,9471,58,-44.7,1,0,441,13.373,-6.041,,,,-44.9,,,,,,,,,,,,,,,,
1777981492921,2026-05-05T11:44:52.921Z,1689813,780.2,33,19.3,36.2,75,1.26,37,10752,13,18.7,0,5,570,14.689,13.583,,,,-34.2,,,,,,,,,,,,,,,,
1777981493020,2026-05-05T11:44:53.020Z,1689913,754.9,47,4.5,70.4,79,1.39,71,9511,62,14.8,0,1,726,7.296,7.043,,,,-17.6,,,,,,,,,,,,,,,,
1777981493120,2026-05-05T11:44:53.120Z,1690013,814,50,32.6,80.8,88,1.24,114,7005,24,14.6,1,6,761,5.737,7.468,,,,0.5,,,,,,,,,,,,,,,,
1777981493220,2026-05-05T11:44:53.220Z,1690113,835.8,50,33.3,10.6,91,1.35,10,5001,41,-25.3,0,1,749,-6.201,-6.586,,,,10.7,,,,,,,,,,,,,,,,
1777981493320,2026-05-05T11:44:53.320Z,1690213,762.6,36,7.4,68.6,78,1.43,8,3127,27,3.7,1,3,639,-14.293,4.842,,,,-23.7,,,,,,,,,,,,,,,,
1777981493420,2026-05-05T11:44:53.420Z,1690313,814.3,39,20.9,65.8,93,1.26,55,10899,93,37.5,0,3,283,5.932,-1.669,,,,0.1,,,,,,,,,,,,,,,,
1777981493520,2026-05-05T11:44:53.520Z,1690413,823,39,15.8,6.2,77,1.35,96,7650,49,-39.6,0,0,736,-1.813,-0.591,,,,7.4,,,,,,,,,,,,,,,,
1777981493620,2026-05-05T11:44:53.620Z,1690513,728.3,33,49.1,21.2,82,1.33,27,611,20,-13.9,0,0,247,13.538,-6.992,,,,17,,,,,,,,,,,,,,,,
1777981493721,2026-05-05T11:44:53.721Z,1690613,722.9,45,11.2,83.8,87,1.35,79,10484,28,-25.7,0,3,351,-11.431,-2.571,,,,42.7,,,,,,,,,,,,,,,,
1777981493820,2026-05-05T11:44:53.820Z,1690713,823,44,11,37.5,75,1.24,45,9421,34,21.4,0,6,871,2.966,-13.505,,,,-8.6,,,,,,,,,,,,,,,,
1777981493920,2026-05-05T11:44:53.920Z,1690813,795.4,33,49.9,74.4,86,1.42,46,1549,34,-34.3,1,1,61,-0.903,11.166,,,,14.4,,,,,,,,,,,,,,,,
1777981494020,2026-05-05T11:44:54.020Z,1690913,738.6,38,12.1,70.3,81,1.28,101,600,25,-34.5,1,5,804,8.826,-3.814,,,,-38.6,,,,,,,,,,,,,,,,
1777981494121,2026-05-05T11:44:54.121Z,1691013,796.7,41,31,12.2,91,1.28,85,10728,35,-13.7,1,5,789,-14.372,-4.25,,,,21.1,,,,,,,,,,,,,,,,
1777981494220,2026-05-05T11:44:54.220Z,1691113,788.7,53,29.2,37.5,82,1.33,117,129,19,6.2,0,6,227,5.055,-14.46,,,,13.9,,,,,,,,,,,,,,,,
1777981494320,2026-05-05T11:44:54.320Z,1691213,818.6,31,11,43.6,100,1.26,44,9023,7,1.4,0,1,519,0.492,9.721,,,,-32.3,,,,,,,,,,,,,,,,
1777981494420,2026-05-05T11:44:54.420Z,1691313,750.3,38,7,55.5,85,1.42,116,592,12,4.1,0,0,784,-7.09,-4.589,,,,47.8,,,,,,,,,,,,,,,,
1777981494520,2026-05-05T11:44:54.520Z,1691413,767.7,36,13.5,99.2,92,1.32,24,1915,36,25,1,2,741,-7.422,-2.005,,,,18.1,,,,,,,,,,,,,,,,
1777981494620,2026-05-05T11:44:54.620Z,1691513,783.1,50,32.7,61.1,82,1.25,41,8240,32,33.9,1,3,594,11.553,8.521,,,,-10.8,,,,,,,,,,,,,,,,
1777981494720,2026-05-05T11:44:54.720Z,1691613,768.5,49,35.5,8.5,91,1.41,9,7595,91,-13.7,1,5,868,0.374,-10.634,,,,17.3,,,,,,,,,,,,,,,,
1777981494820,2026-05-05T11:44:54.820Z,1691713,831.2,43,43.7,0.7,82,1.32,31,1935,97,43.1,1,3,506,0.058,-11.474,,,,22.5,,,,,,,,,,,,,,,,
1777981494921,2026-05-05T11:44:54.921Z,1691813,733.3,54,27.3,70.4,79,1.26,96,4826,30,-10.6,0,2,411,-11.055,-10.497,,,,38.4,,,,,,,,,,,,,,,,
1777981495020,2026-05-05T11:44:55.020Z,1691913,829.5,53,35.3,87.8,75,1.21,49,2946,10,-20.8,0,3,88,-7.289,8.875,,,,-40.8,,,,,,,,,,,,,,,,
1777981495120,2026-05-05T11:44:55.120Z,1692013,767.3,32,39.5,10.8,81,1.43,103,934,99,-41.4,0,2,740,13.73,6.306,,,,-16.6,,,,,,,,,,,,,,,,
1777981495220,2026-05-05T11:44:55.220Z,1692113,739.9,46,46.8,75.9,94,1.37,24,8062,50,-26.1,1,3,714,-4.555,-10.181,,,,44.3,,,,,,,,,,,,,,,,
1777981495320,2026-05-05T11:44:55.320Z,1692213,764,34,31.5,9.6,98,1.31,29,2516,81,-28.5,0,0,156,-1.984,0.708,,,,-37.8,,,,,,,,,,,,,,,,
1777981495420,2026-05-05T11:44:55.420Z,1692313,825.4,37,16.7,87.2,100,1.39,103,3214,90,37.8,0,5,98,-6.522,3.23,,,,-5.9,,,,,,,,,,,,,,,,
1777981495520,2026-05-05T11:44:55.520Z,1692413,827.3,54,43.4,74.7,74,1.23,116,4779,83,10.9,1,0,651,7.872,9.127,,,,5.7,,,,,,,,,,,,,,,,
1777981495620,2026-05-05T11:44:55.620Z,1692513,745.7,38,24.2,2.9,73,1.44,24,6567,41,25.3,0,3,435,-0.53,12.183,,,,49.6,,,,,,,,,,,,,,,,
1777981495720,2026-05-05T11:44:55.720Z,1692613,786.2,43,6,49.2,77,1.26,63,3653,5,28.7,1,3,68,1.711,12.562,,,,-16.4,,,,,,,,,,,,,,,,
1777981495820,2026-05-05T11:44:55.820Z,1692713,730.9,50,37.7,66.3,99,1.21,50,2866,84,4.7,1,4,636,7.091,-9.415,,,,32,,,,,,,,,,,,,,,,
1777981495920,2026-05-05T11:44:55.920Z,1692813,785.8,33,45.7,17.6,81,1.37,42,11571,47,-2.8,1,2,848,10.971,-12.68,,,,21.7,,,,,,,,,,,,,,,,
1777981496020,2026-05-05T11:44:56.020Z,1692913,783.2,31,2.9,67.7,85,1.33,37,5424,87,-44.6,1,4,160,-1.607,4.713,,,,45,,,,,,,,,,,,,,,,
1777981496120,2026-05-05T11:44:56.120Z,1693013,794.9,51,29.4,35.2,100,1.32,78,3276,91,20,0,1,335,-3.667,8.404,,,,35.3,,,,,,,,,,,,,,,,
1777981496220,2026-05-05T11:44:56.220Z,1693113,801.3,48,26.6,48.4,96,1.42,9,11466,71,12.7,0,6,990,0.754,-0.43,,,,12.8,,,,,,,,,,,,,,,,
1777981496320,2026-05-05T11:44:56.320Z,1693213,813.2,54,8.9,89.2,72,1.44,0,2188,72,15.3,0,5,736,-10.644,-13.367,,,,30.2,,,,,,,,,,,,,,,,
1777981496420,2026-05-05T11:44:56.420Z,1693313,759.8,53,27.5,59,94,1.34,110,10781,54,4.5,1,2,670,-2.608,9.671,,,,-15.6,,,,,,,,,,,,,,,,
1777981496520,2026-05-05T11:44:56.520Z,1693413,775.1,50,39.3,96.3,95,1.34,24,1336,75,30.9,0,4,145,-3.043,-11.428,,,,17,,,,,,,,,,,,,,,,
1777981496620,2026-05-05T11:44:56.620Z,1693513,784.2,41,29.3,10.7,83,1.2,108,1329,24,-18,1,4,508,7.381,6.081,,,,-23.9,,,,,,,,,,,,,,,,
1777981496720,2026-05-05T11:44:56.720Z,1693613,817.2,36,18.1,25,84,1.38,11,62,40,6.4,0,1,143,-7.017,4.368,,,,32,,,,,,,,,,,,,,,,
1777981496820,2026-05-05T11:44:56.820Z,1693713,765.7,37,7.7,22.4,98,1.28,14,4595,47,-27.3,1,3,366,5.211,5.575,,,,-31.7,,,,,,,,,,,,,,,,
1777981496921,2026-05-05T11:44:56.921Z,1693813,809.8,33,27.5,21.6,82,1.22,11,10752,24,-11.9,1,0,599,9.104,-10.902,,,,-32.3,,,,,,,,,,,,,,,,
1777981497020,2026-05-05T11:44:57.020Z,1693913,812.4,31,12.4,62.6,85,1.38,8,5688,37,-11.6,1,5,728,5.861,-1.631,,,,-33.4,,,,,,,,,,,,,,,,
1777981497120,2026-05-05T11:44:57.120Z,1694013,797.5,35,7.8,72.1,95,1.35,19,7884,56,-44.9,0,2,714,2.377,-7.483,,,,20.3,,,,,,,,,,,,,,,,
1777981497220,2026-05-05T11:44:57.220Z,1694113,769,47,43.2,71.6,93,1.26,105,3870,28,6.3,1,3,737,-0.386,-1.964,,,,-44.2,,,,,,,,,,,,,,,,
1777981497320,2026-05-05T11:44:57.320Z,1694213,781.1,43,19.9,16.4,96,1.4,25,8784,94,-10.3,0,1,735,-14.097,-1.131,,,,46.9,,,,,,,,,,,,,,,,
1777981497420,2026-05-05T11:44:57.420Z,1694313,801.7,39,19.5,36.9,93,1.22,18,10409,78,-31.7,0,2,425,5.143,-5.823,,,,-7.2,,,,,,,,,,,,,,,,
1777981497520,2026-05-05T11:44:57.520Z,1694413,749.6,30,45.4,6.6,85,1.35,1,3157,78,3.8,1,6,741,-0.409,4.869,,,,-24.9,,,,,,,,,,,,,,,,
1777981497620,2026-05-05T11:44:57.620Z,1694513,724.4,44,0.2,69.1,89,1.37,118,5558,29,-17.3,1,5,241,-2.056,-10.192,,,,-28.6,,,,,,,,,,,,,,,,
1777981497720,2026-05-05T11:44:57.720Z,1694613,739.6,49,12.1,21.9,84,1.42,63,6321,88,4.8,0,2,175,3.288,-6.92,,,,43.8,,,,,,,,,,,,,,,,
1777981497820,2026-05-05T11:44:57.820Z,1694713,767.1,32,40.3,62.6,70,1.29,1,1305,90,17.2,0,3,205,-6.381,-3.704,,,,-45.2,,,,,,,,,,,,,,,,
1777981497920,2026-05-05T11:44:57.920Z,1694813,782.2,30,14.5,86.4,76,1.36,80,7501,1,32,0,2,546,2.703,11.468,,,,-40.2,,,,,,,,,,,,,,,,
1777981498020,2026-05-05T11:44:58.020Z,1694913,741.6,41,2.9,63.2,71,1.35,97,8638,48,-38.2,0,1,826,12.527,-0.146,,,,40.8,,,,,,,,,,,,,,,,
1777981498120,2026-05-05T11:44:58.120Z,1695013,722.8,33,44.8,62.5,85,1.42,22,636,23,-17,0,0,928,-10.524,-8.45,,,,35,,,,,,,,,,,,,,,,
1777981498220,2026-05-05T11:44:58.220Z,1695113,835.9,30,43.7,47,75,1.39,11,3781,3,19,1,6,286,11.576,10.901,,,,-44.4,,,,,,,,,,,,,,,,
1777981498320,2026-05-05T11:44:58.320Z,1695213,793.9,34,20.7,4.8,92,1.35,19,6336,87,-2.1,1,2,1019,-9.197,-4.774,,,,17.1,,,,,,,,,,,,,,,,
1777981498420,2026-05-05T11:44:58.420Z,1695313,805.4,51,23.2,31.6,75,1.28,1,3970,47,5.1,0,6,740,-2.491,10.688,,,,7.4,,,,,,,,,,,,,,,,
1777981498520,2026-05-05T11:44:58.520Z,1695413,770.2,55,40.2,66.6,91,1.3,30,2157,88,9.4,0,4,990,5.911,11.546,,,,-44.2,,,,,,,,,,,,,,,,
1777981498620,2026-05-05T11:44:58.620Z,1695513,830.2,40,13.8,93.9,78,1.34,98,9963,88,4.5,1,4,571,-5.294,-0.085,,,,-10.9,,,,,,,,,,,,,,,,
1777981498720,2026-05-05T11:44:58.720Z,1695613,742.3,49,6.9,19.8,87,1.39,102,7578,57,3.4,0,0,803,-10.113,0.008,,,,0.3,,,,,,,,,,,,,,,,
1777981498820,2026-05-05T11:44:58.820Z,1695713,808.5,51,3.8,97.7,79,1.26,55,3091,41,29,1,2,343,9.685,-11.854,,,,-7,,,,,,,,,,,,,,,,
1777981498920,2026-05-05T11:44:58.920Z,1695813,740.4,52,41.5,51.3,73,1.39,64,9158,51,-22.2,0,3,137,-1.038,-11.046,,,,-1.8,,,,,,,,,,,,,,,,
1777981499020,2026-05-05T11:44:59.020Z,1695913,798.5,47,36.2,14.9,90,1.25,91,9204,69,-26.3,0,1,274,14.062,1.989,,,,18.4,,,,,,,,,,,,,,,,
1777981499120,2026-05-05T11:44:59.120Z,1696013,739.8,49,17.1,71.3,98,1.28,5,10877,42,35.8,0,4,1019,12.204,-8.331,,,,-22.6,,,,,,,,,,,,,,,,
1777981499220,2026-05-05T11:44:59.220Z,1696113,756,46,29.2,22.1,75,1.36,51,3956,67,6.1,0,0,886,-10.307,13.293,,,,49.7,,,,,,,,,,,,,,,,
1777981499320,2026-05-05T11:44:59.320Z,1696213,811.8,50,41.8,68.6,99,1.21,80,5691,93,38.8,0,1,1013,-11.29,6.937,,,,13.3,,,,,,,,,,,,,,,,
1777981499420,2026-05-05T11:44:59.420Z,1696313,755.4,40,22.8,75.7,70,1.43,3,1725,36,-22.3,1,6,1010,10.582,4.624,,,,20,,,,,,,,,,,,,,,,
1777981499520,2026-05-05T11:44:59.520Z,1696413,747.7,42,21.4,25.6,91,1.38,93,6298,89,-33.6,0,4,150,-5.467,9.171,,,,-38,,,,,,,,,,,,,,,,
1777981499620,2026-05-05T11:44:59.620Z,1696513,761.7,52,25.2,4.1,86,1.26,70,8497,85,-14.3,0,5,834,2.394,6.862,,,,23.1,,,,,,,,,,,,,,,,
1777981499720,2026-05-05T11:44:59.720Z,1696613,787.2,44,42.7,69.5,80,1.31,114,7323,35,11.1,0,4,295,-13.865,-1.421,,,,5.6,,,,,,,,,,,,,,,,
1777981499820,2026-05-05T11:44:59.820Z,1696713,765.8,42,14.5,78.5,85,1.41,99,10252,9,26.1,0,0,174,-14.017,-0.362,,,,19.9,,,,,,,,,,,,,,,,
1777981499920,2026-05-05T11:44:59.920Z,1696813,808,33,18.1,29.9,70,1.24,72,2121,76,-42.9,0,4,268,14.652,4.062,,,,20.9,,,,,,,,,,,,,,,,
1777981500020,2026-05-05T11:45:00.020Z,1696913,813,31,10,37.5,98,1.38,54,1011,26,-10.2,1,2,1010,11.503,3.458,,,,45.5,,,,,,,,,,,,,,,,
1777981500120,2026-05-05T11:45:00.120Z,1697013,767.6,49,26.5,45,97,1.36,4,766,22,-12.6,0,1,308,-10.876,13.91,,,,-28.7,,,,,,,,,,,,,,,,
1777981500220,2026-05-05T11:45:00.220Z,1697113,779.2,53,9.2,73.6,78,1.41,36,10943,39,5.7,0,5,244,4.046,2.13,,,,13.9,,,,,,,,,,,,,,,,
1777981500320,2026-05-05T11:45:00.320Z,1697213,747.6,31,1.8,56.4,73,1.37,54,1834,70,-8.6,0,2,674,-9.957,-12.17,,,,-33.7,,,,,,,,,,,,,,,,
1777981500420,2026-05-05T11:45:00.420Z,1697313,772.8,33,12.9,18,80,1.36,61,4904,77,-12.5,1,1,261,10.921,-12.497,,,,-9.9,,,,,,,,,,,,,,,,
1777981500520,2026-05-05T11:45:00.520Z,1697413,724.9,55,23.6,86.6,81,1.41,39,8683,24,18.2,0,0,0,3.332,-0.472,,,,32.9,,,,,,,,,,,,,,,,
1777981500620,2026-05-05T11:45:00.620Z,1697513,777.5,31,7.6,89.9,95,1.36,74,1473,95,3.3,1,1,287,7.704,12.518,,,,7.7,,,,,,,,,,,,,,,,
1777981500720,2026-05-05T11:45:00.720Z,1697613,730.1,53,26.5,28.3,76,1.33,23,6264,30,-5.1,0,0,269,9.832,-9.16,,,,-2.3,,,,,,,,,,,,,,,,
1777981500820,2026-05-05T11:45:00.820Z,1697713,763.9,40,0.4,28.1,96,1.25,96,6688,84,-17.7,1,6,790,-6.952,-1.882,,,,-8.4,,,,,,,,,,,,,,,,
1777981500920,2026-05-05T11:45:00.920Z,1697813,839,44,44,33.9,70,1.26,100,11820,88,39.8,1,3,937,2.092,-13.58,,,,2.5,,,,,,,,,,,,,,,,
1777981501020,2026-05-05T11:45:01.020Z,1697913,811.7,53,44,35,84,1.43,89,8803,0,-42.9,0,0,275,-1.44,10.677,,,,45.8,,,,,,,,,,,,,,,,
1777981501120,2026-05-05T11:45:01.120Z,1698013,801.6,36,44.9,51.6,95,1.36,30,3165,90,28,1,1,682,-1.872,-2.548,,,,22.7,,,,,,,,,,,,,,,,
1777981501220,2026-05-05T11:45:01.220Z,1698113,754.9,46,25.6,98.6,88,1.27,94,7948,16,0.7,0,4,1019,11.541,-5.191,,,,38.4,,,,,,,,,,,,,,,,
1777981501320,2026-05-05T11:45:01.320Z,1698213,762,36,19.7,78,78,1.43,64,7565,58,-42.2,1,5,826,-6.16,2.836,,,,-33.6,,,,,,,,,,,,,,,,
1777981501420,2026-05-05T11:45:01.420Z,1698313,776.8,49,5.4,39.8,97,1.44,27,3896,6,-7,0,5,911,7.453,11.688,,,,-41.3,,,,,,,,,,,,,,,,
1777981501520,2026-05-05T11:45:01.520Z,1698413,794.3,46,41.8,6,70,1.42,23,5341,42,18.8,1,3,812,9.057,-8.596,,,,38.1,,,,,,,,,,,,,,,,
1777981501620,2026-05-05T11:45:01.620Z,1698513,815.6,53,17,97.9,96,1.29,82,426,99,-25.7,1,6,852,-9.771,1.981,,,,42.9,,,,,,,,,,,,,,,,
1777981501720,2026-05-05T11:45:01.720Z,1698613,724.4,44,42.8,27.1,98,1.33,94,2349,33,-8.1,0,4,328,7.863,-13.28,,,,21.5,,,,,,,,,,,,,,,,
1777981501820,2026-05-05T11:45:01.820Z,1698713,744.8,48,2.3,97.2,100,1.38,73,2670,43,-24.1,1,1,633,-3.37,8.84,,,,-5.9,,,,,,,,,,,,,,,,
1777981501920,2026-05-05T11:45:01.920Z,1698813,785.2,52,2.5,52.2,76,1.29,71,474,55,10.7,1,2,872,-7.705,9.505,,,,-23.2,,,,,,,,,,,,,,,,
1777981502020,2026-05-05T11:45:02.020Z,1698913,835.4,49,9.1,77.4,84,1.24,61,5434,95,-11,0,2,213,8.646,9.293,,,,13.9,,,,,,,,,,,,,,,,
1777981502120,2026-05-05T11:45:02.120Z,1699013,805.5,38,32.3,11,81,1.39,47,9078,65,-21.4,1,6,406,-11.211,-8.554,,,,10.3,,,,,,,,,,,,,,,,
1777981502220,2026-05-05T11:45:02.220Z,1699113,820,38,0.4,94.1,77,1.37,7,9417,22,9.9,1,1,962,-7.973,-8.713,,,,-43.1,,,,,,,,,,,,,,,,
1777981502320,2026-05-05T11:45:02.320Z,1699213,742.2,30,1.8,76.2,95,1.23,110,8096,80,10.6,0,3,455,-6.816,-11.246,,,,38.6,,,,,,,,,,,,,,,,
1777981502420,2026-05-05T11:45:02.420Z,1699313,727.7,55,39,5.6,97,1.4,58,6338,3,23.3,0,0,861,-13.081,11.176,,,,-20,,,,,,,,,,,,,,,,
1777981502520,2026-05-05T11:45:02.520Z,1699413,785.1,35,31.2,8.6,70,1.27,63,979,15,9.3,0,3,763,12.676,-8.612,,,,-2.5,,,,,,,,,,,,,,,,
1777981502620,2026-05-05T11:45:02.620Z,1699513,746,32,46.9,87.9,83,1.41,66,9536,9,8.1,1,1,437,-9.924,7.171,,,,12,,,,,,,,,,,,,,,,
1777981502720,2026-05-05T11:45:02.720Z,1699613,835.1,39,36.4,92.9,77,1.29,28,11492,24,29.2,1,6,415,13.935,5.094,,,,-21.9,,,,,,,,,,,,,,,,
1777981502820,2026-05-05T11:45:02.820Z,1699713,796.3,30,15.9,24,73,1.4,37,6451,62,2.3,1,6,419,-8.186,-5.131,,,,23.7,,,,,,,,,,,,,,,,
1777981502920,2026-05-05T11:45:02.920Z,1699813,798.3,52,40.8,49,94,1.34,42,9051,46,36.1,1,3,446,-0.882,-0.776,,,,45.1,,,,,,,,,,,,,,,,
1777981503020,2026-05-05T11:45:03.020Z,1699913,837.6,33,9,50.9,90,1.41,49,4473,26,31.5,0,5,446,-3.651,7.749,,,,1,,,,,,,,,,,,,,,,
1777981503120,2026-05-05T11:45:03.120Z,1700013,742.7,37,10.1,3.7,95,1.32,74,9554,67,-13.4,1,3,361,-6.541,-13.793,,,,-27.1,,,,,,,,,,,,,,,,
1777981503220,2026-05-05T11:45:03.220Z,1700113,741.4,31,38.7,28,93,1.25,14,11786,43,16.5,1,6,70,6.045,-13.046,,,,46.3,,,,,,,,,,,,,,,,
1777981503320,2026-05-05T11:45:03.320Z,1700213,729.3,43,37.9,28.4,75,1.36,45,11378,38,-33.9,1,1,793,-3.742,3.296,,,,49.7,,,,,,,,,,,,,,,,
1777981503420,2026-05-05T11:45:03.420Z,1700313,785.7,36,15.3,86.2,80,1.26,33,9911,49,31.9,1,1,660,-9.067,-14.024,,,,16.7,,,,,,,,,,,,,,,,
1777981503520,2026-05-05T11:45:03.520Z,1700413,757.5,52,23.3,60.1,76,1.26,8,5005,37,41.2,0,4,604,5.314,6.499,,,,33.7,,,,,,,,,,,,,,,,
1777981503620,2026-05-05T11:45:03.620Z,1700513,768.2,50,39.4,86.3,76,1.29,46,6149,84,-9.1,0,1,969,13.049,4.459,,,,-21.2,,,,,,,,,,,,,,,,
1777981503720,2026-05-05T11:45:03.720Z,1700613,730.4,40,3.8,73.3,84,1.37,15,9974,84,-10,1,1,476,10.356,1.283,,,,13.6,,,,,,,,,,,,,,,,
1777981503820,2026-05-05T11:45:03.820Z,1700713,799.2,36,39.1,88,91,1.31,111,11772,68,-21.5,1,3,473,10.752,5.276,,,,16.9,,,,,,,,,,,,,,,,
1777981503920,2026-05-05T11:45:03.920Z,1700813,774.7,42,5.4,18.8,71,1.38,34,10154,13,-7.7,1,5,946,-13.658,-11.372,,,,-15.8,,,,,,,,,,,,,,,,
1777981504020,2026-05-05T11:45:04.020Z,1700913,783.4,30,31.6,57.2,97,1.22,82,11293,84,-6.6,1,2,56,-4.146,-13.618,,,,-0.1,,,,,,,,,,,,,,,,
1777981504120,2026-05-05T11:45:04.120Z,1701013,755.9,49,16,42,79,1.36,119,2528,8,-16,1,6,132,12.352,14.539,,,,-20.4,,,,,,,,,,,,,,,,
1777981504220,2026-05-05T11:45:04.220Z,1701113,732,38,10.2,58.6,94,1.4,56,3495,97,-17.3,0,4,910,-12.171,3.586,,,,-37.9,,,,,,,,,,,,,,,,
1777981504320,2026-05-05T11:45:04.320Z,1701213,739.6,49,25.7,82.2,97,1.3,74,1160,99,-26.3,1,2,164,-9.105,12.875,,,,18.6,,,,,,,,,,,,,,,,
1777981504420,2026-05-05T11:45:04.420Z,1701313,799.1,40,38.5,43.6,98,1.28,0,7031,45,-33,0,2,552,-6.089,5.433,,,,38,,,,,,,,,,,,,,,,
1777981504520,2026-05-05T11:45:04.520Z,1701413,831.8,48,11.2,36.7,83,1.26,57,6962,1,-12,1,2,1011,2.656,-9.946,,,,28.3,,,,,,,,,,,,,,,,
1777981504620,2026-05-05T11:45:04.620Z,1701513,791.7,45,0.6,15.3,72,1.2,44,10669,69,29.4,1,2,753,-10.16,4.614,,,,2.8,,,,,,,,,,,,,,,,
1777981504720,2026-05-05T11:45:04.720Z,1701613,733.2,51,47.5,64,76,1.37,90,608,99,17.5,1,2,544,13.344,12.946,,,,38.9,,,,,,,,,,,,,,,,
1777981504820,2026-05-05T11:45:04.820Z,1701713,743.4,38,16.3,57.5,87,1.29,71,3782,23,18.1,1,5,789,10.276,-0.99,,,,-37.7,,,,,,,,,,,,,,,,
1777981504920,2026-05-05T11:45:04.920Z,1701813,777,52,10.2,1.5,95,1.23,74,7210,8,41.7,0,0,709,-11.701,2.697,,,,-5.2,,,,,,,,,,,,,,,,
1777981505020,2026-05-05T11:45:05.020Z,1701913,728.2,30,43.6,25.7,78,1.35,115,5203,60,34.6,1,6,821,2.098,-5.23,,,,-19.3,,,,,,,,,,,,,,,,
1777981505120,2026-05-05T11:45:05.120Z,1702013,721,41,47.5,31.1,85,1.33,66,3937,34,28.7,0,0,977,8.034,-10.512,,,,-22.4,,,,,,,,,,,,,,,,
1777981505220,2026-05-05T11:45:05.220Z,1702113,825.5,50,11.2,48.1,87,1.27,105,9888,53,25.3,1,4,65,10.327,13.573,,,,46.1,,,,,,,,,,,,,,,,
1777981505320,2026-05-05T11:45:05.320Z,1702213,805.7,39,18.1,99.8,97,1.44,101,8277,43,-6.1,1,4,190,4.223,-11.262,,,,-30.8,,,,,,,,,,,,,,,,
1777981505420,2026-05-05T11:45:05.420Z,1702313,787.4,54,21.5,86.2,83,1.31,88,8917,59,12.8,1,0,796,-0.09,11.416,,,,47.1,,,,,,,,,,,,,,,,
1777981505520,2026-05-05T11:45:05.520Z,1702413,738.8,55,46.7,28.2,100,1.4,39,3329,23,19.7,1,0,373,-6.826,-11.77,,,,-38.7,,,,,,,,,,,,,,,,
1777981505620,2026-05-05T11:45:05.620Z,1702513,820.4,38,21.1,27.6,75,1.31,12,11297,75,-17.9,1,4,998,-5.411,-5.718,,,,23.2,,,,,,,,,,,,,,,,
1777981505720,2026-05-05T11:45:05.720Z,1702613,758.7,36,27.5,35.5,88,1.21,103,7675,57,43.4,1,0,823,2.254,-9.332,,,,2.7,,,,,,,,,,,,,,,,
1777981505820,2026-05-05T11:45:05.820Z,1702713,803.6,54,25.3,72.8,87,1.27,75,5919,48,18.5,0,4,451,2.922,-6.035,,,,48.6,,,,,,,,,,,,,,,,
1777981505920,2026-05-05T11:45:05.920Z,1702813,754.3,39,18.9,63.5,83,1.43,71,420,11,13,0,6,948,-10.475,-8.934,,,,22.6,,,,,,,,,,,,,,,,
1777981506020,2026-05-05T11:45:06.020Z,1702913,741.1,47,24.5,89.9,74,1.42,46,11863,71,-28.4,1,1,762,13.205,4.369,,,,33.6,,,,,,,,,,,,,,,,
1777981506120,2026-05-05T11:45:06.120Z,1703013,748.4,39,11,69,80,1.36,54,11819,33,37.3,1,0,7,-4.701,11.942,,,,9.7,,,,,,,,,,,,,,,,
1777981506220,2026-05-05T11:45:06.220Z,1703113,793.2,54,38.5,59.3,94,1.31,67,10095,94,11.7,0,5,657,10.301,11.699,,,,48.5,,,,,,,,,,,,,,,,
1777981506320,2026-05-05T11:45:06.320Z,1703213,832.3,42,7.1,57.4,77,1.31,13,11451,5,13,1,3,995,-4.424,-13.253,,,,36.6,,,,,,,,,,,,,,,,
1777981506420,2026-05-05T11:45:06.420Z,1703313,757.7,43,49.2,11.5,95,1.31,11,10505,83,11.4,0,2,969,11.042,14.288,,,,-37.7,,,,,,,,,,,,,,,,
1777981506520,2026-05-05T11:45:06.520Z,1703413,817.4,30,37.8,91.1,75,1.31,77,4106,43,2.6,1,0,397,-14.396,14.379,,,,-39.1,,,,,,,,,,,,,,,,
1777981506620,2026-05-05T11:45:06.620Z,1703513,812.3,44,13.3,83.4,84,1.27,66,1312,57,-7.4,1,0,676,3.652,-0.916,,,,45.8,,,,,,,,,,,,,,,,
1777981506720,2026-05-05T11:45:06.720Z,1703613,760.7,41,2.8,86.5,75,1.42,111,19,50,9.2,1,0,609,4.93,6.649,,,,-4.6,,,,,,,,,,,,,,,,
1777981506820,2026-05-05T11:45:06.820Z,1703713,767.1,41,13.5,33.3,78,1.23,97,1714,66,-31,0,5,146,-11.887,-3.17,,,,-10.3,,,,,,,,,,,,,,,,
1777981506920,2026-05-05T11:45:06.920Z,1703813,800.4,32,37.1,34.8,93,1.23,26,6118,84,-37.2,1,4,537,11.666,-3.842,,,,-33.6,,,,,,,,,,,,,,,,
1777981507020,2026-05-05T11:45:07.020Z,1703913,813.2,47,11.5,42.3,83,1.42,84,11257,96,-16.8,1,5,725,5.521,-4.543,,,,20.3,,,,,,,,,,,,,,,,
1777981507120,2026-05-05T11:45:07.120Z,1704013,731.7,45,35.1,95.8,100,1.29,44,858,11,-39.6,0,6,947,1.999,2.766,,,,-33.9,,,,,,,,,,,,,,,,
1777981507220,2026-05-05T11:45:07.220Z,1704113,834.6,45,24.4,58.3,91,1.22,7,8534,95,0.2,0,4,566,-9.488,-14.471,,,,11.3,,,,,,,,,,,,,,,,
1777981507320,2026-05-05T11:45:07.320Z,1704213,799.5,55,26,29.1,84,1.33,59,5925,92,38.3,0,2,864,14.068,-12.423,,,,-18.4,,,,,,,,,,,,,,,,
1777981507420,2026-05-05T11:45:07.420Z,1704313,764.8,34,25.6,54.7,86,1.26,7,7272,30,15.9,1,0,113,1.148,-6.17,,,,-3.5,,,,,,,,,,,,,,,,
1777981507520,2026-05-05T11:45:07.520Z,1704413,821,47,44.3,88.1,82,1.26,104,4919,74,-31.3,0,2,731,-12.116,-2.762,,,,16.5,,,,,,,,,,,,,,,,
1777981507620,2026-05-05T11:45:07.620Z,1704513,759,54,20.6,47,71,1.2,13,10159,89,20.4,0,1,72,6.556,-8.04,,,,-27.8,,,,,,,,,,,,,,,,
1777981507720,2026-05-05T11:45:07.720Z,1704613,815.3,32,10,88.7,97,1.24,82,9826,93,28.1,1,1,425,-3.027,-13.561,,,,-31.9,,,,,,,,,,,,,,,,
1777981507820,2026-05-05T11:45:07.820Z,1704713,796.6,54,12.4,1.5,73,1.3,93,4685,43,-40.1,1,6,421,10.096,1.054,,,,-41.3,,,,,,,,,,,,,,,,
1777981507920,2026-05-05T11:45:07.920Z,1704813,768.1,41,2.8,56.9,94,1.25,6,1154,64,30,1,5,606,-11.624,6.752,,,,32.9,,,,,,,,,,,,,,,,
1777981508020,2026-05-05T11:45:08.020Z,1704913,770.4,41,37.8,27.1,70,1.29,2,4526,40,-25.9,1,5,964,-11.942,13.376,,,,24.2,,,,,,,,,,,,,,,,
1777981508120,2026-05-05T11:45:08.120Z,1705013,731.4,32,11.2,85,76,1.3,44,4681,79,-32.4,0,1,27,7.663,-6.22,,,,19.8,,,,,,,,,,,,,,,,
1777981508220,2026-05-05T11:45:08.220Z,1705113,772.2,36,28.5,15.2,76,1.36,13,4366,14,29.4,0,6,782,3.635,-4.606,,,,6.5,,,,,,,,,,,,,,,,
1777981508320,2026-05-05T11:45:08.320Z,1705213,783,36,4.8,64.5,85,1.44,4,9235,13,17.5,1,5,63,-9.604,6.808,,,,31.9,,,,,,,,,,,,,,,,
1777981508420,2026-05-05T11:45:08.420Z,1705313,721.7,34,8.8,3,99,1.21,68,4442,9,6.3,1,0,833,9.045,-12.294,,,,48.3,,,,,,,,,,,,,,,,
1777981508520,2026-05-05T11:45:08.520Z,1705413,780.9,36,35.5,93,91,1.28,82,11808,19,-44.8,0,4,812,-14.669,-10.821,,,,-1.7,,,,,,,,,,,,,,,,
1777981508620,2026-05-05T11:45:08.620Z,1705513,803.9,47,0.5,63.6,97,1.26,65,8020,48,15.2,1,1,541,10.001,4.883,,,,7.7,,,,,,,,,,,,,,,,
1777981508720,2026-05-05T11:45:08.720Z,1705613,757.4,31,20,92.8,95,1.2,70,1655,49,30.2,0,4,273,9.618,13.481,,,,24.5,,,,,,,,,,,,,,,,
1777981508820,2026-05-05T11:45:08.820Z,1705713,741.1,39,36.8,16.3,94,1.31,20,7685,6,14.6,1,6,920,-8.02,8.016,,,,0.6,,,,,,,,,,,,,,,,
1777981508920,2026-05-05T11:45:08.920Z,1705813,733.2,47,17.5,66.7,97,1.36,77,8016,88,24.3,1,5,819,-5.661,-8.634,,,,45.7,,,,,,,,,,,,,,,,
1777981509020,2026-05-05T11:45:09.020Z,1705913,736.7,54,45.7,35.1,79,1.24,20,2483,9,-11.8,0,2,940,-11.129,0.534,,,,-26.2,,,,,,,,,,,,,,,,
1777981509120,2026-05-05T11:45:09.120Z,1706013,808.5,44,18.7,63.5,83,1.4,26,9097,39,-13.4,0,0,488,5.447,1.242,,,,13.4,,,,,,,,,,,,,,,,
1777981509220,2026-05-05T11:45:09.220Z,1706113,766.1,38,20.3,14.8,90,1.38,67,3465,77,-24.1,0,0,245,-1.344,-8.354,,,,-39.1,,,,,,,,,,,,,,,,
1777981509320,2026-05-05T11:45:09.320Z,1706213,737.1,39,3.9,11.9,100,1.39,0,10823,55,-20,1,3,18,-5.97,-1.839,,,,34.8,,,,,,,,,,,,,,,,
1777981509420,2026-05-05T11:45:09.420Z,1706313,805.8,49,16.8,38.1,99,1.35,95,2843,27,-3.6,0,1,353,-8.979,14.042,,,,-1.4,,,,,,,,,,,,,,,,
1777981509520,2026-05-05T11:45:09.520Z,1706413,813.6,32,5.3,26.2,80,1.23,76,547,64,34.1,0,2,220,7.748,-11.098,,,,42.1,,,,,,,,,,,,,,,,
1777981509620,2026-05-05T11:45:09.620Z,1706513,738.9,41,23.6,35.9,73,1.28,15,8870,50,-22.6,0,6,343,10.397,-14,,,,48.6,,,,,,,,,,,,,,,,
1777981509719,2026-05-05T11:45:09.719Z,1706613,754.8,30,11.3,30.8,95,1.29,107,914,98,-7.2,1,1,435,9.068,-6.404,,,,0.1,,,,,,,,,,,,,,,,
1777981509820,2026-05-05T11:45:09.820Z,1706713,835.7,46,13.6,15.5,73,1.2,73,6079,30,-32.6,1,3,479,-3.669,-9.264,,,,-47.1,,,,,,,,,,,,,,,,
1777981509920,2026-05-05T11:45:09.920Z,1706813,742.1,42,32.8,81.1,86,1.39,82,3001,62,-39.9,0,3,95,-14.441,4.659,,,,-15.6,,,,,,,,,,,,,,,,
1777981510020,2026-05-05T11:45:10.020Z,1706913,777.5,50,0.7,39,96,1.23,84,3498,17,-40.7,1,5,338,8.785,0.984,,,,40.7,,,,,,,,,,,,,,,,
1777981510120,2026-05-05T11:45:10.120Z,1707013,839.5,33,21.7,84.5,74,1.39,54,278,43,-44.2,0,5,341,0.288,7.313,,,,49.8,,,,,,,,,,,,,,,,
1777981510220,2026-05-05T11:45:10.220Z,1707113,748.8,39,12.2,67.1,94,1.3,40,8384,27,39,1,0,449,13.571,3.734,,,,-6.9,,,,,,,,,,,,,,,,
1777981510320,2026-05-05T11:45:10.320Z,1707213,756.2,30,42.6,14.2,97,1.31,82,9715,40,-37.5,1,5,977,4.422,0.437,,,,1.4,,,,,,,,,,,,,,,,
1777981510420,2026-05-05T11:45:10.420Z,1707313,723.1,38,38.9,87.2,93,1.34,67,8060,75,-35.3,0,4,570,-11.183,-4.241,,,,41.6,,,,,,,,,,,,,,,,
1777981510520,2026-05-05T11:45:10.520Z,1707413,772.2,38,15.7,0.2,70,1.21,35,8042,41,37.3,1,4,954,12.994,4.636,,,,35.2,,,,,,,,,,,,,,,,
1777981510620,2026-05-05T11:45:10.620Z,1707513,765.1,51,0.2,45.4,97,1.22,81,6642,62,-4,0,5,662,8.376,10.633,,,,39.2,,,,,,,,,,,,,,,,
1777981510720,2026-05-05T11:45:10.720Z,1707613,769.2,51,27.9,2.2,78,1.35,97,7707,31,5.9,0,4,561,-6.435,-12.479,,,,7.1,,,,,,,,,,,,,,,,
1777981510820,2026-05-05T11:45:10.820Z,1707713,731.6,48,49.7,8.8,77,1.34,0,4048,10,-25.9,0,0,804,10.122,6.097,,,,-1.9,,,,,,,,,,,,,,,,
1777981510920,2026-05-05T11:45:10.920Z,1707813,811.5,46,20.6,52.7,92,1.33,106,8581,51,-43.1,0,5,506,9.135,-2.133,,,,-23.3,,,,,,,,,,,,,,,,
1777981511020,2026-05-05T11:45:11.020Z,1707913,743.4,32,25.4,0.7,94,1.43,73,9490,0,12.1,0,1,266,-1.788,-4.564,,,,-31.1,,,,,,,,,,,,,,,,
1777981511120,2026-05-05T11:45:11.120Z,1708013,829.5,30,8.6,63.2,84,1.41,56,4844,43,38.7,0,2,590,-0.92,-8.642,,,,-11.4,,,,,,,,,,,,,,,,
1777981511220,2026-05-05T11:45:11.220Z,1708113,792.6,32,43.6,2.9,75,1.28,96,8858,30,-4.5,0,5,455,9.944,5.164,,,,-41.1,,,,,,,,,,,,,,,,
1777981511320,2026-05-05T11:45:11.320Z,1708213,789.7,49,14.8,87,96,1.27,1,6916,21,1.1,1,1,646,12.642,2.662,,,,-45.6,,,,,,,,,,,,,,,,
1777981511420,2026-05-05T11:45:11.420Z,1708313,766.2,37,35.3,49.1,71,1.27,71,2839,48,27.9,0,1,610,-0.198,14.629,,,,11.1,,,,,,,,,,,,,,,,
1777981511520,2026-05-05T11:45:11.520Z,1708413,721.4,34,36.5,41.8,78,1.26,103,2999,13,39.1,0,4,273,-10.455,8.152,,,,-32.5,,,,,,,,,,,,,,,,
1777981511620,2026-05-05T11:45:11.620Z,1708513,816,46,24.4,80,84,1.38,20,4476,24,21.5,1,0,746,-4.159,4.7,,,,-30.3,,,,,,,,,,,,,,,,
1777981511720,2026-05-05T11:45:11.720Z,1708613,753.7,32,43.2,80.1,71,1.35,94,11013,34,-12.4,0,6,775,12.294,-13.429,,,,5.3,,,,,,,,,,,,,,,,
1777981511820,2026-05-05T11:45:11.820Z,1708713,829.2,39,29.5,17.6,85,1.22,100,9153,0,-41.1,0,0,605,12.26,1.281,,,,-34.3,,,,,,,,,,,,,,,,
1777981511920,2026-05-05T11:45:11.920Z,1708813,768.1,53,42.7,72.6,82,1.29,12,7230,18,1.6,1,0,490,4.101,-4.582,,,,-29.3,,,,,,,,,,,,,,,,
1777981512020,2026-05-05T11:45:12.020Z,1708913,798.9,51,17,21.9,75,1.42,79,11265,35,-25.5,0,5,72,13.679,-7.701,,,,-17.5,,,,,,,,,,,,,,,,
1777981512120,2026-05-05T11:45:12.120Z,1709013,830.3,44,25.4,21.1,100,1.4,107,8531,77,43.2,1,5,484,11.449,9.156,,,,27.7,,,,,,,,,,,,,,,,
1777981512220,2026-05-05T11:45:12.220Z,1709113,828.8,32,15.9,92.2,87,1.34,47,3005,49,-11.6,1,6,429,-13.104,-3.803,,,,2.9,,,,,,,,,,,,,,,,
1777981512320,2026-05-05T11:45:12.320Z,1709213,739.8,40,31.2,75.8,78,1.33,21,1619,50,-37.3,0,0,355,-1.999,-3.645,,,,39.7,,,,,,,,,,,,,,,,
1777981512420,2026-05-05T11:45:12.420Z,1709313,803.8,39,26,52.6,90,1.38,82,1865,67,-25.7,0,5,635,-2.707,-7.241,,,,29.9,,,,,,,,,,,,,,,,
1777981512520,2026-05-05T11:45:12.520Z,1709413,834.5,47,19.7,26,95,1.23,32,10584,40,21.4,1,4,292,-10.265,-13.155,,,,19.7,,,,,,,,,,,,,,,,
1777981512620,2026-05-05T11:45:12.620Z,1709513,817.3,49,48.3,85.1,93,1.34,58,4822,42,-22.9,1,5,130,-7.507,-14.483,,,,-14.7,,,,,,,,,,,,,,,,
1777981512720,2026-05-05T11:45:12.720Z,1709613,789,30,15.6,26.5,77,1.24,76,2331,78,20.4,0,0,669,6.722,4.055,,,,-49.9,,,,,,,,,,,,,,,,
1777981512820,2026-05-05T11:45:12.820Z,1709713,786.9,47,41.8,95.7,71,1.37,86,11242,68,-27.5,0,2,32,11.008,3.315,,,,-35.4,,,,,,,,,,,,,,,,
1777981512920,2026-05-05T11:45:12.920Z,1709813,773.9,31,46.1,98.3,73,1.2,37,4970,33,42.3,0,2,20,1.863,-3.29,,,,-37.6,,,,,,,,,,,,,,,,
1777981513019,2026-05-05T11:45:13.019Z,1709913,817,49,5,35.5,71,1.31,3,1717,67,28.5,1,6,830,10.344,0.613,,,,5.9,,,,,,,,,,,,,,,,
1777981513120,2026-05-05T11:45:13.120Z,1710013,721.1,41,39.8,71.1,78,1.36,86,6734,27,4.1,0,3,1017,4.91,6.255,,,,30.4,,,,,,,,,,,,,,,,
1777981513219,2026-05-05T11:45:13.219Z,1710113,743.2,55,5.3,48.6,93,1.38,30,4051,4,9.1,1,4,189,7.762,0.204,,,,-19.9,,,,,,,,,,,,,,,,
1777981513320,2026-05-05T11:45:13.320Z,1710213,775.5,37,17.4,16.3,91,1.2,50,1536,47,-33.8,1,4,841,-6.726,9.239,,,,-41.6,,,,,,,,,,,,,,,,
1777981513420,2026-05-05T11:45:13.420Z,1710313,816.7,36,31,79.4,96,1.42,115,6793,59,-32.4,1,4,725,-13.102,13.659,,,,-32.7,,,,,,,,,,,,,,,,
1777981513520,2026-05-05T11:45:13.520Z,1710413,838.5,39,10.4,69.4,90,1.41,57,1067,43,-42.5,0,3,510,-1.059,-4.228,,,,42.3,,,,,,,,,,,,,,,,
1777981513619,2026-05-05T11:45:13.619Z,1710513,743.1,42,36.8,30.3,97,1.24,5,5177,44,4.4,1,4,7,1.23,8.172,,,,32.8,,,,,,,,,,,,,,,,
1777981513720,2026-05-05T11:45:13.720Z,1710613,838.5,46,14.9,86.2,97,1.38,11,7802,17,8,0,6,579,4.947,-3.408,,,,-36.3,,,,,,,,,,,,,,,,
1777981513820,2026-05-05T11:45:13.820Z,1710713,768.5,45,40.7,10.4,97,1.44,110,10477,2,-27.6,1,5,999,0.887,4.377,,,,-14.1,,,,,,,,,,,,,,,,
1777981513920,2026-05-05T11:45:13.920Z,1710813,770.7,36,3.6,95.3,78,1.31,113,397,63,30.8,0,1,183,-7.299,14.445,,,,9.8,,,,,,,,,,,,,,,,
1777981514020,2026-05-05T11:45:14.020Z,1710913,777.9,42,17.5,22.1,90,1.27,103,5992,94,1.4,1,1,188,1.078,6.867,,,,28.1,,,,,,,,,,,,,,,,
1777981514120,2026-05-05T11:45:14.120Z,1711013,783.3,50,34.8,28.4,86,1.3,19,970,32,-11.4,0,2,138,-11.696,7.431,,,,-12.5,,,,,,,,,,,,,,,,
1777981514220,2026-05-05T11:45:14.220Z,1711113,727.7,37,38.6,26,76,1.33,22,6637,96,-7.8,1,5,932,11.683,-8.786,,,,-33,,,,,,,,,,,,,,,,
1777981514319,2026-05-05T11:45:14.319Z,1711213,793.4,47,39.8,83.3,92,1.24,96,5041,71,31.7,1,1,713,0.41,-6.368,,,,-40.6,,,,,,,,,,,,,,,,
1777981514420,2026-05-05T11:45:14.420Z,1711313,816,34,9.6,98.7,75,1.39,23,347,35,18.7,1,1,297,8.5,13.359,,,,-35.1,,,,,,,,,,,,,,,,
1777981514520,2026-05-05T11:45:14.520Z,1711413,805,33,12.7,10.3,82,1.31,22,9052,37,17.2,1,6,487,12.896,-4.982,,,,43.8,,,,,,,,,,,,,,,,
1777981514619,2026-05-05T11:45:14.619Z,1711513,803.7,40,7.7,91.6,71,1.25,84,4141,27,18.8,1,5,95,7.608,0.651,,,,-4.9,,,,,,,,,,,,,,,,
1777981514720,2026-05-05T11:45:14.720Z,1711613,813.3,52,21,46.4,71,1.42,72,9642,60,-7,1,5,435,3.267,4.831,,,,48.5,,,,,,,,,,,,,,,,
1777981514820,2026-05-05T11:45:14.820Z,1711713,828.9,38,32.7,17,92,1.31,16,10956,32,-13.9,0,1,501,3.084,-6.719,,,,40.1,,,,,,,,,,,,,,,,
1777981514920,2026-05-05T11:45:14.920Z,1711813,758.1,32,27.7,21.9,85,1.38,56,1801,77,12.9,0,6,982,-5.701,6.24,,,,32.3,,,,,,,,,,,,,,,,
1777981515020,2026-05-05T11:45:15.020Z,1711913,810.8,43,16.6,6.4,89,1.35,70,11644,14,-41.8,1,0,254,-9.553,-0.653,,,,-45.3,,,,,,,,,,,,,,,,
1777981515120,2026-05-05T11:45:15.120Z,1712013,838.8,40,29.1,48,98,1.22,45,7994,4,30.8,0,2,899,-2.672,14.236,,,,-28.1,,,,,,,,,,,,,,,,
1777981515220,2026-05-05T11:45:15.220Z,1712113,740,30,43,2,97,1.23,66,9261,23,16.1,0,6,276,-10.544,4.906,,,,-14.7,,,,,,,,,,,,,,,,
1777981515320,2026-05-05T11:45:15.320Z,1712213,746.4,32,19.7,4.6,71,1.4,53,11019,31,41.9,1,2,442,8.618,9.771,,,,-27.5,,,,,,,,,,,,,,,,
1777981515420,2026-05-05T11:45:15.420Z,1712313,745.1,43,42.2,19.7,87,1.37,45,6491,66,-29.2,1,3,37,-10.201,-2.819,,,,6.5,,,,,,,,,,,,,,,,
1777981515520,2026-05-05T11:45:15.520Z,1712413,725.2,49,17.7,40.4,76,1.36,12,11050,83,35.1,1,0,292,-1.891,-3.614,,,,2.5,,,,,,,,,,,,,,,,
1777981515620,2026-05-05T11:45:15.620Z,1712513,792.3,54,36.9,16.7,98,1.29,113,606,52,24.1,1,1,415,-11.497,11.354,,,,-39,,,,,,,,,,,,,,,,
1777981515719,2026-05-05T11:45:15.719Z,1712613,821.8,51,34.1,25.8,75,1.21,99,3535,57,25.2,0,3,551,0.293,1.072,,,,23.2,,,,,,,,,,,,,,,,
1777981515820,2026-05-05T11:45:15.820Z,1712713,727.6,41,33.8,53.6,73,1.36,47,10314,33,-25.1,0,5,84,-11.763,13.872,,,,-38.9,,,,,,,,,,,,,,,,
1777981515920,2026-05-05T11:45:15.920Z,1712813,731.8,38,10.1,83.6,96,1.28,13,2141,41,17.7,1,1,407,-11.205,-1.948,,,,41,,,,,,,,,,,,,,,,
1777981516020,2026-05-05T11:45:16.020Z,1712913,829.6,55,47.4,51.4,88,1.3,42,11267,21,-21.9,0,3,483,5.052,5.974,,,,22.5,,,,,,,,,,,,,,,,
1777981516120,2026-05-05T11:45:16.120Z,1713013,782.6,47,40.2,93.1,80,1.21,17,2697,38,28.4,1,1,916,11.23,9.61,,,,49.9,,,,,,,,,,,,,,,,
1777981516219,2026-05-05T11:45:16.219Z,1713113,800.5,41,44.5,42.3,91,1.36,59,6624,95,6.1,1,0,744,-3.185,7.791,,,,-0.7,,,,,,,,,,,,,,,,
1777981516320,2026-05-05T11:45:16.320Z,1713213,803.2,31,24.6,51,73,1.44,91,10503,85,26.4,1,1,613,0.806,-5.685,,,,7.5,,,,,,,,,,,,,,,,
1777981516420,2026-05-05T11:45:16.420Z,1713313,735.2,38,38.7,90.1,99,1.25,91,9518,56,2,0,3,545,-3.777,-0.559,,,,49.8,,,,,,,,,,,,,,,,
1777981516520,2026-05-05T11:45:16.520Z,1713413,747.4,36,32.4,1.5,85,1.34,54,1169,52,43.8,1,4,708,1.424,-4.957,,,,-41.6,,,,,,,,,,,,,,,,
1777981516619,2026-05-05T11:45:16.619Z,1713513,749.5,43,22.5,77.7,98,1.21,90,5979,86,25.5,0,0,527,-3.433,-12.048,,,,39.1,,,,,,,,,,,,,,,,
1777981516720,2026-05-05T11:45:16.720Z,1713613,764.5,45,39.1,97.3,72,1.21,97,6965,51,31.5,1,3,948,10.413,13.191,,,,11,,,,,,,,,,,,,,,,
1777981516820,2026-05-05T11:45:16.820Z,1713713,813,30,28,4.3,80,1.34,97,3383,29,-41.7,0,4,144,-1.788,-3.504,,,,47.5,,,,,,,,,,,,,,,,
1777981516920,2026-05-05T11:45:16.920Z,1713813,750.6,37,47.6,3.7,74,1.34,7,11105,57,-26.8,0,3,222,14.572,13.209,,,,32.1,,,,,,,,,,,,,,,,
1777981517020,2026-05-05T11:45:17.020Z,1713913,834.6,44,39,57.3,95,1.3,4,8549,63,-29,0,1,265,-1.27,-5.445,,,,46.1,,,,,,,,,,,,,,,,
1777981517120,2026-05-05T11:45:17.120Z,1714013,733.9,40,11.6,40.8,70,1.44,115,3394,19,17.5,1,1,992,-10.117,2.786,,,,28,,,,,,,,,,,,,,,,
1777981517220,2026-05-05T11:45:17.220Z,1714113,793.6,52,1.1,15.8,71,1.35,3,2492,4,-23.9,1,0,226,-13.93,-1.508,,,,11.5,,,,,,,,,,,,,,,,
1777981517319,2026-05-05T11:45:17.319Z,1714213,731.5,40,15.5,87.1,74,1.42,102,1804,49,-27.3,1,6,75,-2.948,-14.486,,,,9.5,,,,,,,,,,,,,,,,
1777981517420,2026-05-05T11:45:17.420Z,1714313,819.1,38,34.4,24.7,84,1.22,117,5693,82,25.4,1,2,870,-7.235,2.444,,,,38.3,,,,,,,,,,,,,,,,
1777981517520,2026-05-05T11:45:17.520Z,1714413,770.1,45,46.3,70.2,100,1.44,86,3999,91,44,1,5,364,7.15,-9.806,,,,24.3,,,,,,,,,,,,,,,,
1777981517619,2026-05-05T11:45:17.619Z,1714513,765,48,0.6,8.3,84,1.37,118,6428,20,-34,0,2,832,9.193,9.755,,,,-39.4,,,,,,,,,,,,,,,,
1777981517720,2026-05-05T11:45:17.720Z,1714613,757,44,3.6,24,96,1.29,15,337,46,-26.6,0,6,768,-5.856,-10.364,,,,-37.1,,,,,,,,,,,,,,,,
1777981517819,2026-05-05T11:45:17.819Z,1714713,749.3,39,33.7,65.6,91,1.38,71,11492,11,-13.6,0,0,1,-8.58,-1.98,,,,-39.3,,,,,,,,,,,,,,,,
1777981517919,2026-05-05T11:45:17.919Z,1714813,731.5,34,35.7,55.3,72,1.38,45,1315,99,-13.2,1,2,553,8.595,4.937,,,,33.9,,,,,,,,,,,,,,,,
1777981518019,2026-05-05T11:45:18.019Z,1714913,811.4,48,33.6,28.3,78,1.31,18,3302,50,-0.4,1,4,298,8.383,6.145,,,,40.7,,,,,,,,,,,,,,,,
1777981518119,2026-05-05T11:45:18.119Z,1715013,831.9,33,2.2,68.9,93,1.31,31,11342,86,1.7,0,6,666,13.993,-5.127,,,,43,,,,,,,,,,,,,,,,
1777981518220,2026-05-05T11:45:18.220Z,1715113,797.8,50,31.3,80.9,78,1.24,64,3849,9,-8.2,0,6,273,1.958,-1.312,,,,-24.3,,,,,,,,,,,,,,,,
1777981518320,2026-05-05T11:45:18.320Z,1715213,786.9,36,49.6,77.8,93,1.4,83,1371,21,22.8,0,0,196,2.382,11.872,,,,-35.1,,,,,,,,,,,,,,,,
1777981518420,2026-05-05T11:45:18.420Z,1715313,828.8,40,34.6,37.6,98,1.2,59,7648,70,-39.1,0,3,869,1.767,-13.582,,,,-49.2,,,,,,,,,,,,,,,,
1777981518519,2026-05-05T11:45:18.519Z,1715413,752.7,55,15.8,6.6,97,1.36,10,7293,37,8.3,0,1,646,7.225,10.63,,,,-49.1,,,,,,,,,,,,,,,,
1777981518620,2026-05-05T11:45:18.620Z,1715513,734.4,37,10.1,60.9,80,1.25,23,3887,10,-25.4,1,0,93,8.222,-11.16,,,,-24.8,,,,,,,,,,,,,,,,
1777981518719,2026-05-05T11:45:18.719Z,1715613,804.8,40,41.9,86.5,78,1.23,0,6624,61,6.1,0,0,670,-9.818,-1.259,,,,-15.3,,,,,,,,,,,,,,,,
1777981518820,2026-05-05T11:45:18.820Z,1715713,741.6,42,9,75.6,99,1.4,42,5699,79,-1.8,1,3,541,-11.453,-13.618,,,,8.5,,,,,,,,,,,,,,,,
1777981518919,2026-05-05T11:45:18.919Z,1715813,802,54,7.9,72.9,78,1.2,70,11005,70,19.4,0,2,878,5.284,4.546,,,,-35.8,,,,,,,,,,,,,,,,
1777981519020,2026-05-05T11:45:19.020Z,1715913,736,30,25.9,10.6,72,1.38,38,4304,91,-8.6,1,0,709,-12.181,-14.031,,,,-14,,,,,,,,,,,,,,,,
1777981519119,2026-05-05T11:45:19.119Z,1716013,784.9,53,45.2,28.8,86,1.43,2,7018,70,42.7,1,3,775,14.418,-4.285,,,,26.6,,,,,,,,,,,,,,,,
1777981519220,2026-05-05T11:45:19.220Z,1716113,747.4,36,48.8,49.9,80,1.25,80,2876,99,-44.5,0,5,942,1.472,13.285,,,,-49.5,,,,,,,,,,,,,,,,
1777981519320,2026-05-05T11:45:19.320Z,1716213,760.9,36,36.1,27.3,96,1.41,100,3161,84,-8.5,1,2,363,7.346,8.272,,,,-19.1,,,,,,,,,,,,,,,,
1777981519420,2026-05-05T11:45:19.420Z,1716313,725.1,31,38.4,48.5,70,1.28,33,6640,60,-29.7,1,5,282,-7.089,-10.469,,,,-1,,,,,,,,,,,,,,,,
1777981519519,2026-05-05T11:45:19.519Z,1716413,766.5,42,32.4,88.5,79,1.39,12,3151,57,3.3,1,0,748,-3.163,9.689,,,,-20.2,,,,,,,,,,,,,,,,
1777981519620,2026-05-05T11:45:19.620Z,1716513,725.2,41,46,47.4,76,1.29,96,8824,55,13.2,1,1,340,-5.092,2.365,,,,-47.2,,,,,,,,,,,,,,,,
1777981519719,2026-05-05T11:45:19.719Z,1716613,739.7,33,28.7,51.1,77,1.29,73,11854,57,-19.1,1,3,92,6.172,9.975,,,,6.2,,,,,,,,,,,,,,,,
1777981519819,2026-05-05T11:45:19.819Z,1716713,720.7,53,20.1,3.5,95,1.24,56,1284,83,-15.7,1,4,168,4.458,-2.91,,,,17.8,,,,,,,,,,,,,,,,
1777981519920,2026-05-05T11:45:19.920Z,1716813,723.3,33,6.4,42.3,78,1.44,66,9821,58,-30.2,0,3,667,-12.228,10.214,,,,-28.4,,,,,,,,,,,,,,,,
1777981520020,2026-05-05T11:45:20.020Z,1716913,819.1,49,7.3,34.2,77,1.39,22,2909,55,3.5,0,1,571,-11.259,-0.748,,,,-14.5,,,,,,,,,,,,,,,,
1777981520120,2026-05-05T11:45:20.120Z,1717013,739.9,52,37.5,70,86,1.4,18,1517,68,-24.6,0,5,681,12.413,4.106,,,,29.2,,,,,,,,,,,,,,,,
1777981520219,2026-05-05T11:45:20.219Z,1717113,812,42,7.8,7.6,94,1.4,112,3326,67,40.6,0,1,45,8.118,-0.553,,,,19.2,,,,,,,,,,,,,,,,
1777981520319,2026-05-05T11:45:20.319Z,1717213,723.7,40,26.5,46.6,71,1.41,74,2483,64,-38.8,1,2,12,9.392,13.905,,,,33.8,,,,,,,,,,,,,,,,
1777981520419,2026-05-05T11:45:20.419Z,1717313,791.4,34,23.7,93.6,88,1.27,75,456,72,15.6,0,2,395,-7.118,-3.458,,,,41.5,,,,,,,,,,,,,,,,
1777981520520,2026-05-05T11:45:20.520Z,1717413,725.7,52,36.2,96.7,84,1.39,108,7283,52,31.4,1,2,674,-5.019,-7.136,,,,36.5,,,,,,,,,,,,,,,,
1777981520620,2026-05-05T11:45:20.620Z,1717513,794.3,34,3.5,31.3,88,1.29,61,1170,23,43.6,0,6,763,-13.791,13.856,,,,-32.6,,,,,,,,,,,,,,,,
1777981520719,2026-05-05T11:45:20.719Z,1717613,789.7,30,9.8,12.2,70,1.29,73,11293,89,40.8,1,6,569,4.254,-1.912,,,,13,,,,,,,,,,,,,,,,
1777981520820,2026-05-05T11:45:20.820Z,1717713,732.6,55,47.8,19.2,77,1.43,56,4530,38,-15.9,0,1,971,-4.187,10.628,,,,-22.2,,,,,,,,,,,,,,,,
1777981520919,2026-05-05T11:45:20.919Z,1717813,761,55,10.5,8.2,81,1.37,113,4144,90,-29.8,0,0,579,0.951,10.556,,,,49.9,,,,,,,,,,,,,,,,
1777981521019,2026-05-05T11:45:21.019Z,1717913,754.2,48,16.4,45.9,84,1.43,1,10001,95,-43.2,1,0,13,-7.2,13.306,,,,32,,,,,,,,,,,,,,,,
1777981521120,2026-05-05T11:45:21.120Z,1718013,723.6,36,5.9,29.9,95,1.44,27,1534,13,-16.3,0,2,881,-3.148,13.201,,,,-47.6,,,,,,,,,,,,,,,,
1777981521220,2026-05-05T11:45:21.220Z,1718113,741.2,54,20.9,94.7,98,1.23,35,2543,74,-10.3,1,5,428,4.717,-8.485,,,,-30.9,,,,,,,,,,,,,,,,
1777981521319,2026-05-05T11:45:21.319Z,1718213,807.2,34,23.3,32.4,73,1.41,98,6816,42,-34.7,0,2,243,6.379,3.696,,,,-36,,,,,,,,,,,,,,,,
1777981521420,2026-05-05T11:45:21.420Z,1718313,796.9,49,37,26,100,1.25,92,9313,28,34.1,0,4,266,-5.829,12.075,,,,-0.9,,,,,,,,,,,,,,,,
1777981521520,2026-05-05T11:45:21.520Z,1718413,775.7,50,48.7,23,74,1.27,93,2646,95,-13.3,0,5,839,7.768,-6.53,,,,-29.5,,,,,,,,,,,,,,,,
1777981521619,2026-05-05T11:45:21.619Z,1718513,799.5,40,48.5,76.2,83,1.35,48,10262,53,-3.3,0,1,756,-7.795,3.1,,,,43.7,,,,,,,,,,,,,,,,
1777981521720,2026-05-05T11:45:21.720Z,1718613,797.6,39,35.5,3.1,84,1.41,113,5100,27,36.7,1,3,703,-3.174,-10.206,,,,-13.8,,,,,,,,,,,,,,,,
1777981521819,2026-05-05T11:45:21.819Z,1718713,796.7,43,7.8,79.6,73,1.31,45,3990,13,-27.9,0,4,958,-0.779,5.465,,,,-36.4,,,,,,,,,,,,,,,,
1777981521920,2026-05-05T11:45:21.920Z,1718813,786.7,38,24.5,0.5,71,1.35,109,1413,32,42.1,0,1,784,-10.214,12.667,,,,49.8,,,,,,,,,,,,,,,,
1777981522020,2026-05-05T11:45:22.020Z,1718913,783.2,34,34.6,43.5,72,1.3,5,11018,38,-20.3,1,5,858,-9.584,12.874,,,,-12.4,,,,,,,,,,,,,,,,
1777981522119,2026-05-05T11:45:22.119Z,1719013,791.6,38,39.4,0.7,80,1.3,14,5955,35,-43,1,0,703,11.875,3.029,,,,17.7,,,,,,,,,,,,,,,,
1777981522218,2026-05-05T11:45:22.218Z,1719113,813.6,38,40.8,55.7,77,1.4,90,4869,38,21.4,0,1,505,-7.498,-0.414,,,,20.9,,,,,,,,,,,,,,,,
1777981522320,2026-05-05T11:45:22.320Z,1719213,827.9,33,37.6,97.5,84,1.37,96,5830,93,19.1,0,5,440,-4.024,-13.504,,,,-8.1,,,,,,,,,,,,,,,,
1777981522419,2026-05-05T11:45:22.419Z,1719313,835.6,42,29.6,1.1,77,1.2,3,11481,2,44.3,1,6,335,-3.706,-12.678,,,,7.5,,,,,,,,,,,,,,,,
1777981522519,2026-05-05T11:45:22.519Z,1719413,824,44,39.8,46.1,98,1.31,20,7683,14,11,1,6,164,9.827,9.534,,,,23.2,,,,,,,,,,,,,,,,
1777981522620,2026-05-05T11:45:22.620Z,1719513,749.5,45,29.6,19.8,83,1.33,98,5883,30,-6.1,0,1,706,10.292,13.435,,,,-42.2,,,,,,,,,,,,,,,,
1777981522719,2026-05-05T11:45:22.719Z,1719613,748.2,35,11.7,10,99,1.32,107,657,87,-0.8,1,0,823,-9.656,2.327,,,,1,,,,,,,,,,,,,,,,
1777981522820,2026-05-05T11:45:22.820Z,1719713,793.2,30,15.6,70.5,98,1.43,22,10609,50,-41.9,0,3,208,-3.131,-3.315,,,,-33.4,,,,,,,,,,,,,,,,
1777981522919,2026-05-05T11:45:22.919Z,1719813,835,53,40,27.4,86,1.26,58,3947,32,-15.1,1,1,900,11.161,8.133,,,,15.6,,,,,,,,,,,,,,,,
1777981523020,2026-05-05T11:45:23.020Z,1719913,813.6,35,23.9,53.1,98,1.29,78,11129,98,37.9,0,0,423,-5.749,-10.446,,,,20.5,,,,,,,,,,,,,,,,
1777981523119,2026-05-05T11:45:23.119Z,1720013,814.8,34,41.8,97.8,73,1.32,85,5802,98,-43.4,1,1,995,8.676,11.267,,,,16.6,,,,,,,,,,,,,,,,
1777981523220,2026-05-05T11:45:23.220Z,1720113,724.4,31,21.7,75.8,100,1.37,23,8442,17,-24.9,1,3,407,-2.371,-9.185,,,,8.4,,,,,,,,,,,,,,,,
1777981523320,2026-05-05T11:45:23.320Z,1720213,780.1,47,2.4,96.9,89,1.38,43,8398,57,-29,0,3,445,-11.982,-14.609,,,,-44.9,,,,,,,,,,,,,,,,
1777981523420,2026-05-05T11:45:23.420Z,1720313,796.5,30,31,73.5,85,1.35,49,6781,62,2.5,1,5,603,-13.21,-10.032,,,,-28.7,,,,,,,,,,,,,,,,
1777981523519,2026-05-05T11:45:23.519Z,1720413,809,40,24.6,13.9,76,1.44,27,6231,45,17.9,0,0,316,11.603,-1.35,,,,-22.7,,,,,,,,,,,,,,,,
1777981523619,2026-05-05T11:45:23.619Z,1720513,795.5,46,49.4,90.5,100,1.29,46,11385,25,2.6,0,6,248,3.689,-1.866,,,,3.2,,,,,,,,,,,,,,,,
1777981523720,2026-05-05T11:45:23.720Z,1720613,764.6,39,41.2,93.9,93,1.41,109,1855,31,-10.4,1,2,661,-2.268,12.735,,,,-47.4,,,,,,,,,,,,,,,,
1777981523818,2026-05-05T11:45:23.818Z,1720713,801.3,43,40.9,45,96,1.24,47,4269,55,-27.5,0,2,990,7.79,-4.205,,,,-8.1,,,,,,,,,,,,,,,,
1777981523920,2026-05-05T11:45:23.920Z,1720813,830.1,55,15.9,51.7,79,1.21,118,2343,37,-11.4,1,0,343,-11.567,6.803,,,,-31,,,,,,,,,,,,,,,,
1777981524020,2026-05-05T11:45:24.020Z,1720913,813.2,31,25.6,31.8,95,1.28,80,8004,81,-39.1,1,0,308,10.062,-13.262,,,,39.5,,,,,,,,,,,,,,,,
1777981524119,2026-05-05T11:45:24.119Z,1721013,807.4,45,30.4,79.7,75,1.27,46,6921,53,-19.8,1,0,679,10.452,11.611,,,,34.3,,,,,,,,,,,,,,,,
1777981524219,2026-05-05T11:45:24.219Z,1721113,765.3,32,1.4,64.7,73,1.35,74,6409,66,10.4,0,3,715,-12.255,2.77,,,,15.9,,,,,,,,,,,,,,,,
1777981524318,2026-05-05T11:45:24.318Z,1721213,802,43,31.1,65.4,75,1.2,63,3617,40,-14.7,1,4,324,11.649,5.066,,,,-26,,,,,,,,,,,,,,,,
1777981524419,2026-05-05T11:45:24.419Z,1721313,784.7,34,13.6,5.4,93,1.29,58,10717,5,-44.5,0,0,67,11.23,-2.477,,,,16.6,,,,,,,,,,,,,,,,
1777981524518,2026-05-05T11:45:24.518Z,1721413,783.2,52,46.8,87,90,1.24,74,6521,76,34.7,1,0,555,-6.945,9.351,,,,-29.7,,,,,,,,,,,,,,,,
1777981524619,2026-05-05T11:45:24.619Z,1721513,720.1,39,32.8,57.3,93,1.4,74,2150,53,23.6,0,6,104,11.251,-6.091,,,,21.1,,,,,,,,,,,,,,,,
1777981524719,2026-05-05T11:45:24.719Z,1721613,803.3,52,21.5,71.1,83,1.4,73,10833,68,39.4,0,1,30,-1.972,-7.83,,,,-44.6,,,,,,,,,,,,,,,,
1777981524818,2026-05-05T11:45:24.818Z,1721713,839.8,39,6.8,68.6,88,1.26,78,1883,24,-22.7,1,2,479,4.703,-2.074,,,,-0.8,,,,,,,,,,,,,,,,
1777981524919,2026-05-05T11:45:24.919Z,1721813,832.3,35,10.1,54.4,81,1.2,59,3074,62,-3.5,0,6,277,-1.801,-2.522,,,,41.3,,,,,,,,,,,,,,,,
1777981525020,2026-05-05T11:45:25.020Z,1721913,811,54,13.4,15.3,78,1.32,48,2486,80,19.1,1,1,832,-8.873,-14.092,,,,-17.1,,,,,,,,,,,,,,,,
1777981525119,2026-05-05T11:45:25.119Z,1722013,798.3,49,8.9,67.5,84,1.24,119,9763,46,40.7,0,4,103,-2.757,13.756,,,,-9.3,,,,,,,,,,,,,,,,
1777981525220,2026-05-05T11:45:25.220Z,1722113,809.1,48,40.7,96.9,96,1.37,49,10253,67,-37.2,0,3,447,12.135,13.547,,,,43.1,,,,,,,,,,,,,,,,
1777981525319,2026-05-05T11:45:25.319Z,1722213,789.6,37,0.3,13.1,88,1.43,44,9462,82,-38.6,0,1,718,-3.655,-1.533,,,,-39.6,,,,,,,,,,,,,,,,
1777981525419,2026-05-05T11:45:25.419Z,1722313,824.5,38,7,25.6,94,1.25,64,319,58,-34.8,0,5,27,9.7,11.18,,,,44.8,,,,,,,,,,,,,,,,
1777981525519,2026-05-05T11:45:25.519Z,1722413,726.2,44,43.7,84.1,75,1.29,92,5542,17,38.1,0,3,419,-5.362,-4.338,,,,40.7,,,,,,,,,,,,,,,,
1777981525620,2026-05-05T11:45:25.620Z,1722513,782,49,16.8,45.4,86,1.41,43,3106,40,-14.6,0,6,253,-2.941,-13.698,,,,28.7,,,,,,,,,,,,,,,,
1777981525719,2026-05-05T11:45:25.719Z,1722613,824.6,32,19.7,4.5,97,1.28,27,9527,3,44.8,0,1,1001,-6.645,-0.681,,,,-36.4,,,,,,,,,,,,,,,,
1777981525819,2026-05-05T11:45:25.819Z,1722713,780.6,55,5.1,98.1,81,1.27,115,5790,70,-5.3,1,5,809,7.525,-1.632,,,,16.2,,,,,,,,,,,,,,,,
1777981525919,2026-05-05T11:45:25.919Z,1722813,737,49,25.3,61.6,93,1.36,57,9766,51,-20.9,1,3,819,-14.336,1.606,,,,47.5,,,,,,,,,,,,,,,,
1777981526020,2026-05-05T11:45:26.020Z,1722913,829.4,52,33.6,45.4,91,1.24,11,10619,31,-19,1,3,907,14.094,-4.937,,,,-48.8,,,,,,,,,,,,,,,,
1777981526119,2026-05-05T11:45:26.119Z,1723013,769.2,53,7.6,33.8,72,1.28,75,2104,97,43.3,1,3,794,10.593,-3.426,,,,-10,,,,,,,,,,,,,,,,
1777981526220,2026-05-05T11:45:26.220Z,1723113,755.8,33,20.3,66.7,98,1.27,103,9757,40,21.9,1,0,756,-14.022,-12.544,,,,-11.6,,,,,,,,,,,,,,,,
1777981526319,2026-05-05T11:45:26.319Z,1723213,720.7,46,12.6,39.9,84,1.2,46,4182,27,-18.3,1,2,116,12.505,-2.124,,,,-46.6,,,,,,,,,,,,,,,,
1777981526420,2026-05-05T11:45:26.420Z,1723313,790.2,36,43.3,70.2,83,1.34,27,3620,62,-10.5,0,1,365,-7.704,-12.031,,,,-18.9,,,,,,,,,,,,,,,,
1777981526519,2026-05-05T11:45:26.519Z,1723413,733.4,34,39.6,45.2,89,1.27,94,4880,85,-38.4,1,2,506,-3.311,4.467,,,,49.8,,,,,,,,,,,,,,,,
1777981526619,2026-05-05T11:45:26.619Z,1723513,824.9,32,36.7,52.3,77,1.42,47,8474,44,23.3,0,3,79,-10.932,14.127,,,,-0.3,,,,,,,,,,,,,,,,
1777981526719,2026-05-05T11:45:26.719Z,1723613,744.9,33,46.3,47.9,92,1.21,94,10548,87,40.7,0,4,63,7.754,7.633,,,,20,,,,,,,,,,,,,,,,
1777981526818,2026-05-05T11:45:26.818Z,1723713,769.1,46,14.3,58.8,83,1.31,47,3292,35,40.3,0,0,592,8.095,-0.856,,,,42.7,,,,,,,,,,,,,,,,
1777981526919,2026-05-05T11:45:26.919Z,1723813,764.4,35,14.2,98,78,1.43,59,7796,38,-13.6,0,3,202,-12.759,-1.786,,,,47.6,,,,,,,,,,,,,,,,
1777981527020,2026-05-05T11:45:27.020Z,1723913,835,53,26.3,64.6,88,1.36,66,10796,60,-39,0,1,779,-12.258,-8.523,,,,-48.3,,,,,,,,,,,,,,,,
1777981527119,2026-05-05T11:45:27.119Z,1724013,791,53,46.9,98.6,98,1.3,80,5723,10,18.8,1,1,332,-6.259,-5.19,,,,20.2,,,,,,,,,,,,,,,,
1777981527219,2026-05-05T11:45:27.219Z,1724113,822.9,30,49.5,92.2,95,1.23,63,6760,47,-25.3,0,5,452,8.462,-7.781,,,,43,,,,,,,,,,,,,,,,
1777981527319,2026-05-05T11:45:27.319Z,1724213,824.4,47,12,33.9,78,1.2,76,7722,68,-13.8,0,1,5,6.3,3.546,,,,4,,,,,,,,,,,,,,,,
1777981527418,2026-05-05T11:45:27.418Z,1724313,723.9,42,2.8,37.7,70,1.32,22,10961,89,-37.1,0,2,644,6.475,-9.976,,,,14.3,,,,,,,,,,,,,,,,
1777981527520,2026-05-05T11:45:27.520Z,1724413,720.5,44,36.5,20.6,86,1.35,107,11355,16,-13.7,0,4,378,-0.95,1.672,,,,-22,,,,,,,,,,,,,,,,
1777981527619,2026-05-05T11:45:27.619Z,1724513,820.9,53,41.8,19.6,91,1.37,38,6733,33,35.8,1,1,69,-2.015,7.09,,,,26,,,,,,,,,,,,,,,,
1777981527719,2026-05-05T11:45:27.719Z,1724613,793.6,32,37.1,98.4,95,1.3,38,615,65,40,1,6,133,8.138,-3.137,,,,45.5,,,,,,,,,,,,,,,,
1777981527819,2026-05-05T11:45:27.819Z,1724713,727.9,38,21.2,36.1,97,1.43,73,3030,71,-3.6,1,5,346,3.929,-14.604,,,,-24.1,,,,,,,,,,,,,,,,
1777981527919,2026-05-05T11:45:27.919Z,1724813,818.1,34,9.7,97.7,87,1.44,95,6831,80,-12.2,0,1,600,8.15,-2.026,,,,13.2,,,,,,,,,,,,,,,,
1777981528018,2026-05-05T11:45:28.018Z,1724913,767.5,36,1.5,22.5,97,1.23,77,9706,79,14.4,1,1,222,-4.857,3.766,,,,0,,,,,,,,,,,,,,,,
1777981528119,2026-05-05T11:45:28.119Z,1725013,726.8,30,43.1,88.9,98,1.27,41,11406,27,37.1,1,5,65,-4.626,-0.752,,,,14.9,,,,,,,,,,,,,,,,
1777981528219,2026-05-05T11:45:28.219Z,1725113,726.9,39,23.7,38.5,71,1.29,55,10627,86,-0.6,0,1,338,4.884,10.048,,,,45.4,,,,,,,,,,,,,,,,
1777981528319,2026-05-05T11:45:28.319Z,1725213,821.8,52,18.9,5,76,1.33,52,8152,84,44.3,0,6,183,-9.822,13.505,,,,31.7,,,,,,,,,,,,,,,,
1777981528419,2026-05-05T11:45:28.419Z,1725313,768.4,40,48.7,93.2,86,1.33,47,9572,4,-16.8,1,0,62,-7.759,3.502,,,,-11.4,,,,,,,,,,,,,,,,
1777981528519,2026-05-05T11:45:28.519Z,1725413,743.1,51,0,78.3,93,1.21,40,6041,89,24.7,0,4,462,-12.569,-13.556,,,,-15.8,,,,,,,,,,,,,,,,
1777981528620,2026-05-05T11:45:28.620Z,1725513,805.5,39,43.2,76.3,84,1.34,28,6028,93,-26.3,1,3,369,-12.573,-5.161,,,,-10.5,,,,,,,,,,,,,,,,
1777981528719,2026-05-05T11:45:28.719Z,1725613,806.3,43,41.6,99.8,92,1.2,89,5447,9,-22.5,1,4,307,-11.707,-4.747,,,,-48.2,,,,,,,,,,,,,,,,
1777981528819,2026-05-05T11:45:28.819Z,1725713,761.5,43,1.6,18.1,87,1.23,58,9725,50,31.1,0,3,373,1.757,8.084,,,,-27.7,,,,,,,,,,,,,,,,
1777981528919,2026-05-05T11:45:28.919Z,1725813,793.8,47,40.9,28,80,1.33,53,4557,97,30.2,1,6,872,4.783,-11.92,,,,-18.6,,,,,,,,,,,,,,,,
1777981529019,2026-05-05T11:45:29.019Z,1725913,805,40,16.9,57.5,98,1.43,14,675,4,-8.4,0,3,957,-1.211,3.323,,,,-2.7,,,,,,,,,,,,,,,,
1777981529119,2026-05-05T11:45:29.119Z,1726013,730.9,45,36.5,27.8,96,1.27,77,10137,12,41.6,1,1,287,-10.953,-10.591,,,,-2.6,,,,,,,,,,,,,,,,
1777981529219,2026-05-05T11:45:29.219Z,1726113,800.2,46,6.4,11.3,73,1.24,88,2183,68,24.3,1,4,185,9.463,5.519,,,,-41.7,,,,,,,,,,,,,,,,
1777981529319,2026-05-05T11:45:29.319Z,1726213,753.9,50,30.2,8,84,1.43,56,9607,9,-43.6,0,6,450,-3.504,14.096,,,,48,,,,,,,,,,,,,,,,
1777981529419,2026-05-05T11:45:29.419Z,1726313,839.2,44,14.2,22.1,82,1.33,54,7096,83,-39.4,1,3,659,1.534,1.321,,,,-6.2,,,,,,,,,,,,,,,,
1777981529519,2026-05-05T11:45:29.519Z,1726413,732.6,50,17.1,68.3,88,1.3,35,11717,72,4.6,1,2,387,-0.463,8.223,,,,9.1,,,,,,,,,,,,,,,,
1777981529619,2026-05-05T11:45:29.619Z,1726513,789.3,48,45.9,40.6,87,1.38,115,219,48,-9.8,0,5,403,-6.539,13.511,,,,1,,,,,,,,,,,,,,,,
1777981529719,2026-05-05T11:45:29.719Z,1726613,836.5,52,14,1.4,100,1.23,23,9539,26,-30.2,1,6,123,10.683,14.52,,,,-50,,,,,,,,,,,,,,,,
1777981529819,2026-05-05T11:45:29.819Z,1726713,825.4,37,46.7,63.9,73,1.27,9,10135,66,-10,1,2,63,8.189,-13.835,,,,-31.7,,,,,,,,,,,,,,,,
1777981529919,2026-05-05T11:45:29.919Z,1726813,784.6,51,26,50.5,89,1.36,77,2539,34,28.9,0,5,526,-9.779,-11.511,,,,41.8,,,,,,,,,,,,,,,,
1777981530019,2026-05-05T11:45:30.019Z,1726913,778.8,54,22,16.8,93,1.25,34,11358,56,-2.6,1,3,398,14.683,6.059,,,,-35.3,,,,,,,,,,,,,,,,
1777981530118,2026-05-05T11:45:30.118Z,1727013,825.8,53,19.1,35.3,75,1.24,85,1243,99,-26.8,0,1,288,-0.234,-5.235,,,,-44.8,,,,,,,,,,,,,,,,
1777981530219,2026-05-05T11:45:30.219Z,1727113,839,41,20.6,40.5,88,1.27,90,2594,85,30.9,1,6,859,-9.628,0.809,,,,-9.4,,,,,,,,,,,,,,,,
1777981530318,2026-05-05T11:45:30.318Z,1727213,791.2,33,34.3,32.3,84,1.24,103,7301,21,-3.3,0,6,213,-12.743,-13.442,,,,-8.7,,,,,,,,,,,,,,,,
1777981530418,2026-05-05T11:45:30.418Z,1727313,721.1,37,3.8,54.5,83,1.23,36,9773,30,-32.9,0,1,809,-7.067,-10.875,,,,-10.7,,,,,,,,,,,,,,,,
1777981530518,2026-05-05T11:45:30.518Z,1727413,740.1,35,14.8,8.1,92,1.26,4,5912,63,19.5,0,6,85,9.656,1.163,,,,47.5,,,,,,,,,,,,,,,,
1777981530619,2026-05-05T11:45:30.619Z,1727513,839,33,8.2,66.9,83,1.2,72,7982,65,2.4,0,1,938,-0.692,-6.064,,,,27.9,,,,,,,,,,,,,,,,
1777981530718,2026-05-05T11:45:30.718Z,1727613,783,55,12.1,40,97,1.42,77,11050,51,4.1,0,4,956,-13.4,-12.407,,,,44.5,,,,,,,,,,,,,,,,
1777981530819,2026-05-05T11:45:30.819Z,1727713,795.5,53,18.8,67.3,99,1.25,47,7826,11,-6.3,1,0,815,14.626,5.915,,,,8.7,,,,,,,,,,,,,,,,
1777981530918,2026-05-05T11:45:30.918Z,1727813,734,46,9.9,28.2,89,1.34,113,10942,56,-40.1,0,0,31,-1.083,-3.755,,,,-18.9,,,,,,,,,,,,,,,,
1777981531019,2026-05-05T11:45:31.019Z,1727913,790.7,54,32.7,90.5,73,1.26,34,3392,63,-44.4,1,5,432,6.026,-14.609,,,,24.3,,,,,,,,,,,,,,,,
1777981531118,2026-05-05T11:45:31.118Z,1728013,803.3,42,29.2,27.2,78,1.43,55,89,99,-6.4,1,6,523,5.966,-5.16,,,,12,,,,,,,,,,,,,,,,
1777981531219,2026-05-05T11:45:31.219Z,1728113,738.7,32,32.7,76.2,75,1.23,40,1552,59,-23.2,1,6,813,-7.867,-6.308,,,,12.9,,,,,,,,,,,,,,,,
1777981531319,2026-05-05T11:45:31.319Z,1728213,797.9,36,47.8,21,86,1.33,101,11619,72,-35.1,1,6,103,4.286,-8.442,,,,48.8,,,,,,,,,,,,,,,,
1777981531419,2026-05-05T11:45:31.419Z,1728313,763.6,41,8.3,58.9,71,1.32,71,102,23,-8.5,1,2,378,2.011,-2.494,,,,-20,,,,,,,,,,,,,,,,
1777981531519,2026-05-05T11:45:31.519Z,1728413,837.6,32,1,62.9,92,1.37,102,1363,61,32.8,1,1,152,2.096,10.746,,,,-16.5,,,,,,,,,,,,,,,,
1777981531618,2026-05-05T11:45:31.618Z,1728513,758.8,32,1.8,33.2,93,1.24,75,7428,55,-34.6,1,1,954,5.608,10.757,,,,2.8,,,,,,,,,,,,,,,,
1777981531718,2026-05-05T11:45:31.718Z,1728613,736,33,21.5,22,86,1.41,113,3135,83,3.8,1,5,189,-6.746,2.343,,,,-20,,,,,,,,,,,,,,,,
1777981531819,2026-05-05T11:45:31.819Z,1728713,749.2,48,1.8,18.5,84,1.41,49,11515,20,9.5,0,0,27,4.783,-5.005,,,,-47.3,,,,,,,,,,,,,,,,
1777981531919,2026-05-05T11:45:31.919Z,1728813,720.9,55,14.3,99.2,83,1.29,109,11661,48,-3.9,0,4,81,7.758,-4.688,,,,2,,,,,,,,,,,,,,,,
1777981532018,2026-05-05T11:45:32.018Z,1728913,731,48,45.6,74.2,71,1.29,81,6386,62,34.6,1,0,381,13.013,-1.767,,,,35.3,,,,,,,,,,,,,,,,
1777981532119,2026-05-05T11:45:32.119Z,1729013,831.5,48,43.2,4.6,87,1.42,52,9815,79,-10.9,0,2,547,2.434,-2.471,,,,8.2,,,,,,,,,,,,,,,,
1777981532218,2026-05-05T11:45:32.218Z,1729113,755.1,51,4,40.6,79,1.22,93,1169,20,-0.6,1,5,976,2.224,-0.616,,,,-20,,,,,,,,,,,,,,,,
1777981532319,2026-05-05T11:45:32.319Z,1729213,825.9,53,32.1,12.9,97,1.43,81,7050,40,41.9,0,1,217,9.46,-1.256,,,,29.3,,,,,,,,,,,,,,,,
1777981532419,2026-05-05T11:45:32.419Z,1729313,741.4,36,30.9,82.4,90,1.4,118,1270,71,5.7,0,0,884,3.155,-9.93,,,,-39,,,,,,,,,,,,,,,,
1777981532519,2026-05-05T11:45:32.519Z,1729413,768.8,55,36,75.7,80,1.33,73,11133,73,-18.9,0,1,163,5.419,-5.964,,,,-13.6,,,,,,,,,,,,,,,,
1777981532619,2026-05-05T11:45:32.619Z,1729513,734,46,11,46.4,75,1.28,12,7058,15,-12,0,5,97,-0.166,-0.042,,,,-14.8,,,,,,,,,,,,,,,,
1777981532719,2026-05-05T11:45:32.719Z,1729613,813.7,35,5,98,88,1.38,75,6198,13,-8,0,4,64,6.169,3.131,,,,-24.2,,,,,,,,,,,,,,,,
1777981532819,2026-05-05T11:45:32.819Z,1729713,735.1,38,11.4,29.9,87,1.24,5,9252,41,-29,1,2,204,7.729,-11.642,,,,48.2,,,,,,,,,,,,,,,,
1777981532919,2026-05-05T11:45:32.919Z,1729813,828.6,43,14.9,92,97,1.4,48,10148,94,-31.2,1,0,247,-7.975,5.298,,,,9.2,,,,,,,,,,,,,,,,
1777981533018,2026-05-05T11:45:33.018Z,1729913,819.2,39,9.9,57.5,90,1.39,107,1405,93,-1.9,1,4,149,14.222,-4.547,,,,-49.6,,,,,,,,,,,,,,,,
1777981533119,2026-05-05T11:45:33.119Z,1730013,791.8,30,47.5,35.4,79,1.22,90,4824,19,40.4,0,2,868,9.63,9.694,,,,42.2,,,,,,,,,,,,,,,,
1777981533219,2026-05-05T11:45:33.219Z,1730113,753,48,45.1,42.8,84,1.3,7,4105,7,15.2,1,2,462,-7.69,5.904,,,,-18.1,,,,,,,,,,,,,,,,
1777981533319,2026-05-05T11:45:33.319Z,1730213,784.4,36,25.7,51.6,87,1.27,117,9259,96,-27.1,0,5,522,-5.855,9.9,,,,0.1,,,,,,,,,,,,,,,,
1777981533418,2026-05-05T11:45:33.418Z,1730313,762.8,33,49,97,84,1.4,81,5303,80,-40.8,1,1,644,5.668,-13.597,,,,34.3,,,,,,,,,,,,,,,,
1777981533519,2026-05-05T11:45:33.519Z,1730413,779.8,38,12.2,51.7,98,1.32,103,1393,77,-41.8,1,1,772,-4.182,8.317,,,,38.4,,,,,,,,,,,,,,,,
1777981533619,2026-05-05T11:45:33.619Z,1730513,786.4,39,1.7,38.7,78,1.3,23,1315,56,-24.8,0,1,907,5.628,6.703,,,,6.2,,,,,,,,,,,,,,,,
1777981533719,2026-05-05T11:45:33.719Z,1730613,782.7,35,37.1,71.2,95,1.22,46,2469,82,-2.8,1,4,852,9.777,-0.765,,,,8.7,,,,,,,,,,,,,,,,
1777981533818,2026-05-05T11:45:33.818Z,1730713,817.4,45,45.3,90.8,70,1.26,56,6813,52,-12.1,0,1,432,4.023,4.181,,,,-49.4,,,,,,,,,,,,,,,,
1777981533918,2026-05-05T11:45:33.918Z,1730813,757,44,45.5,97.5,94,1.37,111,4901,33,4.2,0,0,586,5.03,-2.023,,,,-32.6,,,,,,,,,,,,,,,,
1777981534019,2026-05-05T11:45:34.019Z,1730913,816.8,46,19.5,60.4,89,1.43,42,4304,70,-11.4,0,2,416,11.743,-11.047,,,,-17.3,,,,,,,,,,,,,,,,
1777981534119,2026-05-05T11:45:34.119Z,1731013,762.6,53,16.8,28.7,77,1.27,115,8223,38,-14.3,0,1,770,12.228,5.299,,,,8.7,,,,,,,,,,,,,,,,
1777981534219,2026-05-05T11:45:34.219Z,1731113,807.9,48,23.3,0.7,90,1.34,36,2830,17,-24.8,1,2,416,8.245,-3.473,,,,-25.9,,,,,,,,,,,,,,,,
1777981534319,2026-05-05T11:45:34.319Z,1731213,728.5,46,32.4,23.9,87,1.37,89,9104,38,-32,1,2,44,12.585,-9.095,,,,-16.1,,,,,,,,,,,,,,,,
1777981534419,2026-05-05T11:45:34.419Z,1731313,762.3,30,15.2,25.7,90,1.38,107,3264,63,8,1,5,422,-3.787,8.682,,,,16.3,,,,,,,,,,,,,,,,
1777981534519,2026-05-05T11:45:34.519Z,1731413,741.6,50,12,5.6,90,1.21,60,3742,66,-22.5,0,2,768,-14.163,1.979,,,,-26,,,,,,,,,,,,,,,,
1777981534618,2026-05-05T11:45:34.618Z,1731513,806.9,36,28,34.3,76,1.42,104,2546,95,-40.5,1,6,414,9.826,-0.45,,,,-7,,,,,,,,,,,,,,,,
1777981534719,2026-05-05T11:45:34.719Z,1731613,763.4,32,35.7,85.3,94,1.25,103,6865,40,-21.7,1,6,66,9.986,13.395,,,,-8.9,,,,,,,,,,,,,,,,
1777981534818,2026-05-05T11:45:34.818Z,1731713,753.8,52,17.1,20.3,95,1.4,45,9391,44,-30,1,2,176,-10.284,-2.035,,,,39,,,,,,,,,,,,,,,,
1777981534919,2026-05-05T11:45:34.919Z,1731813,757.3,31,34.4,67.6,74,1.29,7,7617,16,-5.2,0,0,489,-14.656,-14.666,,,,7.4,,,,,,,,,,,,,,,,
1777981535018,2026-05-05T11:45:35.018Z,1731913,730.5,44,15.8,21.9,74,1.42,62,2896,60,-6.1,1,0,835,-4.918,0.137,,,,-9.8,,,,,,,,,,,,,,,,
1777981535119,2026-05-05T11:45:35.119Z,1732013,756.5,34,17.4,78.1,73,1.43,106,11197,86,-18.2,1,2,297,-13.25,1.054,,,,30,,,,,,,,,,,,,,,,
1777981535218,2026-05-05T11:45:35.218Z,1732113,759.2,34,26.9,80.4,71,1.26,20,4065,64,-6.5,1,2,915,11.193,0.514,,,,27.3,,,,,,,,,,,,,,,,
1777981535318,2026-05-05T11:45:35.318Z,1732213,793,38,37.4,85.9,92,1.41,43,4692,38,-42.5,0,4,730,-8.422,1.575,,,,20.1,,,,,,,,,,,,,,,,
1777981535419,2026-05-05T11:45:35.419Z,1732313,828.5,34,38.3,34.3,76,1.41,101,7960,45,25.4,0,0,717,9.97,4.024,,,,17.8,,,,,,,,,,,,,,,,
1777981535519,2026-05-05T11:45:35.519Z,1732413,787,38,46,68.8,86,1.32,109,10415,2,37.9,1,0,912,-8.657,7.45,,,,28,,,,,,,,,,,,,,,,
1777981535619,2026-05-05T11:45:35.619Z,1732513,774.6,41,32.7,76.4,77,1.25,66,7887,54,-17.5,0,4,401,-14.669,9.054,,,,-31.3,,,,,,,,,,,,,,,,
1777981535718,2026-05-05T11:45:35.718Z,1732613,764.4,49,4.6,26.8,71,1.34,101,2319,71,42.7,0,2,535,-3.461,10.996,,,,24.6,,,,,,,,,,,,,,,,
1777981535818,2026-05-05T11:45:35.818Z,1732713,771.9,32,11.5,1.1,74,1.24,98,11370,89,26.9,0,4,292,-2.435,8.864,,,,24.8,,,,,,,,,,,,,,,,
1777981535918,2026-05-05T11:45:35.918Z,1732813,833,34,45.1,77.4,100,1.25,47,3181,54,9.1,0,5,230,7.812,4.046,,,,-6.2,,,,,,,,,,,,,,,,
1777981536019,2026-05-05T11:45:36.019Z,1732913,735.1,52,13.4,71,80,1.38,3,8872,10,26.6,1,6,894,3.093,4.881,,,,38.7,,,,,,,,,,,,,,,,
1777981536118,2026-05-05T11:45:36.118Z,1733013,780.3,38,45.1,24,90,1.39,30,9311,77,-44.3,0,3,262,7.502,9.13,,,,49.8,,,,,,,,,,,,,,,,
1777981536219,2026-05-05T11:45:36.219Z,1733113,779.8,35,41.1,41.4,78,1.4,44,7366,28,2.4,0,4,14,9.48,3.788,,,,-17.5,,,,,,,,,,,,,,,,
1777981536319,2026-05-05T11:45:36.319Z,1733213,833.2,50,25.4,0.7,75,1.41,118,726,84,-7.7,0,0,233,11.252,14.679,,,,22.4,,,,,,,,,,,,,,,,
1777981536419,2026-05-05T11:45:36.419Z,1733313,827.4,37,35.6,9.5,79,1.21,34,7468,54,-37.9,1,0,180,-8.967,-5.009,,,,-46.8,,,,,,,,,,,,,,,,
1777981536519,2026-05-05T11:45:36.519Z,1733413,720.6,39,49,55.6,87,1.22,44,3114,29,30.9,0,3,463,-6.588,4.228,,,,7.6,,,,,,,,,,,,,,,,
1777981536619,2026-05-05T11:45:36.619Z,1733513,833.1,46,0.6,72.5,82,1.33,56,3333,78,-2.3,1,3,721,-4.481,-1.194,,,,-25.8,,,,,,,,,,,,,,,,
1777981536719,2026-05-05T11:45:36.719Z,1733613,729.7,35,15,73.3,96,1.24,87,1292,41,-13.2,1,0,397,4.842,11.341,,,,-45.7,,,,,,,,,,,,,,,,
1777981536818,2026-05-05T11:45:36.818Z,1733713,743.9,40,32.2,5.7,71,1.3,119,5472,71,15,1,3,472,-5.19,2.282,,,,-37.1,,,,,,,,,,,,,,,,
1777981536919,2026-05-05T11:45:36.919Z,1733813,829.3,45,10.1,60.4,80,1.4,40,10714,61,-11.9,0,0,471,-9.797,10.219,,,,20.7,,,,,,,,,,,,,,,,
1777981537018,2026-05-05T11:45:37.018Z,1733913,738.6,30,16.7,55.2,87,1.42,68,5249,35,3,1,2,935,9.179,-1.126,,,,-29.6,,,,,,,,,,,,,,,,
1777981537119,2026-05-05T11:45:37.119Z,1734013,801.7,43,9.5,9.2,85,1.27,0,5298,61,19.6,1,2,1009,8.73,6.264,,,,36.8,,,,,,,,,,,,,,,,
1777981537219,2026-05-05T11:45:37.219Z,1734113,793.4,53,9.9,54.8,90,1.44,68,127,21,8.6,0,6,868,8.1,-1.58,,,,6.1,,,,,,,,,,,,,,,,
1777981537319,2026-05-05T11:45:37.319Z,1734213,808.9,40,10.9,84.8,70,1.42,57,3847,84,37.8,0,1,506,14.305,-7.185,,,,0.3,,,,,,,,,,,,,,,,
1777981537419,2026-05-05T11:45:37.419Z,1734313,787.8,30,2.6,8,97,1.4,2,9521,76,24,0,2,107,10.286,9.449,,,,43.6,,,,,,,,,,,,,,,,
1777981537518,2026-05-05T11:45:37.518Z,1734413,813.8,52,42.8,17.9,93,1.21,40,6841,30,-16.2,0,5,983,-14.007,-10.664,,,,-40.8,,,,,,,,,,,,,,,,
1777981537618,2026-05-05T11:45:37.618Z,1734513,782.3,50,41.7,45.4,81,1.36,29,236,5,38.1,1,5,86,2.12,3.673,,,,25.6,,,,,,,,,,,,,,,,
1777981537719,2026-05-05T11:45:37.719Z,1734613,731.8,52,16.3,28.9,70,1.25,40,3877,53,-29.5,0,6,384,-9.768,-13.036,,,,46.6,,,,,,,,,,,,,,,,
1777981537819,2026-05-05T11:45:37.819Z,1734713,817.4,38,42.7,54.8,86,1.23,112,1710,43,-19.5,1,1,196,10.831,-12.499,,,,-23.5,,,,,,,,,,,,,,,,
1777981537918,2026-05-05T11:45:37.918Z,1734813,763.4,47,49.4,47.9,91,1.37,64,9652,11,-2,1,2,765,-0.489,5.939,,,,-1.2,,,,,,,,,,,,,,,,
1777981538019,2026-05-05T11:45:38.019Z,1734913,833,47,17,2.6,84,1.37,7,1198,57,17.7,1,6,714,-11.733,-4.123,,,,-15.4,,,,,,,,,,,,,,,,
1777981538119,2026-05-05T11:45:38.119Z,1735013,734.7,51,10,59.3,82,1.43,112,6393,16,18.1,1,3,705,-13.915,7.215,,,,24.2,,,,,,,,,,,,,,,,
1777981538219,2026-05-05T11:45:38.219Z,1735113,830.4,48,49.8,37.8,76,1.24,68,3194,9,11,1,6,859,-2,-8.1,,,,34.3,,,,,,,,,,,,,,,,
1777981538319,2026-05-05T11:45:38.319Z,1735213,759.7,35,25.1,46.9,91,1.33,101,7689,42,-0.3,1,2,327,-7.818,-0.884,,,,-35.7,,,,,,,,,,,,,,,,
1777981538419,2026-05-05T11:45:38.419Z,1735313,750.4,44,19.3,41.7,74,1.29,59,11506,42,-38.7,0,0,708,-12.474,-6.105,,,,48,,,,,,,,,,,,,,,,
1777981538519,2026-05-05T11:45:38.519Z,1735413,724.6,50,32,94.3,76,1.3,8,4175,23,38.9,0,4,864,12.584,-6.819,,,,-31.6,,,,,,,,,,,,,,,,
1777981538618,2026-05-05T11:45:38.618Z,1735513,736.6,53,42.4,50.2,90,1.26,68,9206,98,14.2,0,6,560,-12.599,-1.08,,,,13.5,,,,,,,,,,,,,,,,
1777981538718,2026-05-05T11:45:38.718Z,1735613,786.3,30,10.7,28.8,95,1.23,26,5574,44,6.6,0,5,911,11.278,-2.343,,,,35.5,,,,,,,,,,,,,,,,
1777981538819,2026-05-05T11:45:38.819Z,1735713,753,40,30.6,46.9,95,1.35,23,34,98,-5.4,0,4,841,6.767,-3.805,,,,-25.4,,,,,,,,,,,,,,,,
1777981538918,2026-05-05T11:45:38.918Z,1735813,807.5,37,38.4,19.8,75,1.22,38,96,42,37.9,1,5,1009,-3.663,-7.013,,,,-5.1,,,,,,,,,,,,,,,,
1777981539018,2026-05-05T11:45:39.018Z,1735913,806.2,47,16,45.6,87,1.32,108,8084,39,-25.9,0,2,757,10.697,-2.458,,,,-30,,,,,,,,,,,,,,,,
1777981539119,2026-05-05T11:45:39.119Z,1736013,836.3,31,21.6,76.6,79,1.29,77,11430,56,-36.9,1,6,888,10.799,-12.565,,,,27.6,,,,,,,,,,,,,,,,
1777981539219,2026-05-05T11:45:39.219Z,1736113,768.5,37,12.1,78.3,74,1.33,1,10983,95,17.6,1,2,126,-2.511,-1.047,,,,23.9,,,,,,,,,,,,,,,,
1777981539319,2026-05-05T11:45:39.319Z,1736213,825.3,48,14,73.9,87,1.37,23,349,49,-22.2,0,4,420,2.407,-0.405,,,,19.8,,,,,,,,,,,,,,,,
1777981539418,2026-05-05T11:45:39.418Z,1736313,838.3,39,28.2,56.1,82,1.25,79,8593,59,22.2,1,0,478,-7.653,2.997,,,,29,,,,,,,,,,,,,,,,
1777981539519,2026-05-05T11:45:39.519Z,1736413,755,35,3.7,42.5,85,1.21,100,1931,8,7.5,1,4,249,-10.356,2.925,,,,-10.9,,,,,,,,,,,,,,,,
1777981539619,2026-05-05T11:45:39.619Z,1736513,839.4,45,15.4,77.9,72,1.37,57,10933,48,-6.6,1,6,199,-14.488,11.673,,,,41.1,,,,,,,,,,,,,,,,
1777981539719,2026-05-05T11:45:39.719Z,1736613,804.4,35,40.5,79.8,82,1.33,45,7768,14,1.3,0,5,793,9.027,4.845,,,,33.2,,,,,,,,,,,,,,,,
1777981539819,2026-05-05T11:45:39.819Z,1736713,827.9,49,40.9,18.9,73,1.41,79,10728,78,-41,1,5,389,-3.072,9.46,,,,-13.6,,,,,,,,,,,,,,,,
1777981539919,2026-05-05T11:45:39.919Z,1736813,766.2,41,4.7,20,91,1.29,80,7100,32,-8,0,2,631,13.747,-11.267,,,,31.6,,,,,,,,,,,,,,,,
1777981540018,2026-05-05T11:45:40.018Z,1736913,741.3,48,2.8,86.2,92,1.41,54,5633,49,23.3,1,4,108,10.938,3.2,,,,42.4,,,,,,,,,,,,,,,,
1777981540118,2026-05-05T11:45:40.118Z,1737013,794.1,41,27.4,70,79,1.22,72,597,81,4.4,0,2,522,-8.359,3.694,,,,1.1,,,,,,,,,,,,,,,,
1777981540219,2026-05-05T11:45:40.219Z,1737113,791.8,40,3.2,74,90,1.29,47,3298,1,-32.9,1,4,996,-14.34,-7.389,,,,47.7,,,,,,,,,,,,,,,,
1777981540318,2026-05-05T11:45:40.318Z,1737213,764.2,33,3.4,11.6,74,1.41,16,3484,52,-38.5,0,0,459,8.519,-1.647,,,,-1.8,,,,,,,,,,,,,,,,
1777981540418,2026-05-05T11:45:40.418Z,1737313,796.9,46,25.4,36.6,82,1.41,43,9744,53,-34.8,0,3,131,4.514,4.749,,,,48.2,,,,,,,,,,,,,,,,
1777981540518,2026-05-05T11:45:40.518Z,1737413,737,54,46.3,44.2,92,1.31,84,7965,85,-9.9,0,0,738,-1.198,-1.336,,,,41.9,,,,,,,,,,,,,,,,
1777981540619,2026-05-05T11:45:40.619Z,1737513,750.5,52,46.2,10.6,73,1.2,65,7512,10,7.1,1,2,923,-6.729,13.54,,,,26.7,,,,,,,,,,,,,,,,
1777981540718,2026-05-05T11:45:40.718Z,1737613,775.6,35,25.6,3.1,89,1.34,65,10972,46,-20.3,1,0,147,8.443,-2.654,,,,30,,,,,,,,,,,,,,,,
1777981540818,2026-05-05T11:45:40.818Z,1737713,802.5,52,37.7,77.7,82,1.39,43,1745,19,-6,0,3,650,2.575,-8.047,,,,35.4,,,,,,,,,,,,,,,,
1777981540918,2026-05-05T11:45:40.918Z,1737813,820.3,35,13.9,60.6,88,1.35,106,1549,22,17.2,0,2,483,-0.797,6.972,,,,14.3,,,,,,,,,,,,,,,,
1777981541019,2026-05-05T11:45:41.019Z,1737913,783,45,23.1,38.6,74,1.38,111,1173,20,-7.5,1,6,367,-11.245,-3.017,,,,-42.5,,,,,,,,,,,,,,,,
1777981541119,2026-05-05T11:45:41.119Z,1738013,803.4,44,25.7,15.4,72,1.24,38,5981,2,-17.5,0,3,556,14.287,3.318,,,,-16.8,,,,,,,,,,,,,,,,
1777981541218,2026-05-05T11:45:41.218Z,1738113,800.4,35,42.5,31.1,92,1.41,39,11536,82,30.8,1,5,128,13.346,11.031,,,,25.9,,,,,,,,,,,,,,,,
1777981541319,2026-05-05T11:45:41.319Z,1738213,782.5,54,30.1,24.5,73,1.24,23,7131,1,35.9,1,1,313,7.733,3.012,,,,-31.4,,,,,,,,,,,,,,,,
1777981541419,2026-05-05T11:45:41.419Z,1738313,755.8,32,25.3,12.1,85,1.37,5,8283,83,-35.6,1,2,892,11.175,-11.868,,,,-29.5,,,,,,,,,,,,,,,,
1777981541518,2026-05-05T11:45:41.518Z,1738413,799.2,40,26.2,80.7,79,1.37,69,5225,40,-16.7,1,2,345,11.975,10.98,,,,-6.6,,,,,,,,,,,,,,,,
1777981541618,2026-05-05T11:45:41.618Z,1738513,748.1,41,17.9,56.6,86,1.25,9,5577,7,0.8,1,3,622,4.316,-14.549,,,,45.6,,,,,,,,,,,,,,,,
1777981541718,2026-05-05T11:45:41.718Z,1738613,748.6,48,44,65.3,70,1.24,26,11925,15,30.9,1,2,434,-4.728,0.946,,,,24.4,,,,,,,,,,,,,,,,
1777981541818,2026-05-05T11:45:41.818Z,1738713,779.3,40,27.9,14.1,74,1.32,16,11024,80,0,1,4,813,-1.13,5.592,,,,39.8,,,,,,,,,,,,,,,,
1777981541919,2026-05-05T11:45:41.919Z,1738813,723.3,41,34.1,11.4,97,1.4,96,428,0,16,0,0,181,-11.266,-10.194,,,,-27,,,,,,,,,,,,,,,,
1777981542018,2026-05-05T11:45:42.018Z,1738913,809.1,35,32.3,13,79,1.24,37,1959,68,41.7,1,0,770,-7.385,-7.305,,,,-41.8,,,,,,,,,,,,,,,,
1777981542119,2026-05-05T11:45:42.119Z,1739013,797.6,30,6.1,40.2,78,1.34,4,5180,14,39.1,0,0,993,-3.156,-5.564,,,,15.2,,,,,,,,,,,,,,,,
1777981542219,2026-05-05T11:45:42.219Z,1739113,763.5,51,26,32.5,86,1.37,5,3362,71,17.4,1,5,733,-6.46,13.82,,,,33.5,,,,,,,,,,,,,,,,
1777981542319,2026-05-05T11:45:42.319Z,1739213,761.1,41,19.4,58.9,89,1.36,81,11517,67,13.3,1,0,751,8.922,-6.287,,,,-46.8,,,,,,,,,,,,,,,,
1777981542419,2026-05-05T11:45:42.419Z,1739313,778,47,40.9,64.9,78,1.29,55,8189,87,26.4,0,2,1006,-9.384,9.485,,,,-44.9,,,,,,,,,,,,,,,,
1777981542518,2026-05-05T11:45:42.518Z,1739413,751.8,32,40.5,39.4,97,1.29,68,1566,5,33.4,0,2,466,3.222,12.545,,,,35.6,,,,,,,,,,,,,,,,
1777981542618,2026-05-05T11:45:42.618Z,1739513,833,37,23,60.9,83,1.29,113,4354,13,16.4,1,0,342,7.989,1.033,,,,-32.7,,,,,,,,,,,,,,,,
1777981542719,2026-05-05T11:45:42.719Z,1739613,836.8,47,20.9,1.4,78,1.2,44,8265,58,-36.2,1,4,498,-6.049,-0.622,,,,-36.3,,,,,,,,,,,,,,,,
1777981542818,2026-05-05T11:45:42.818Z,1739713,730.4,44,17.4,40.3,94,1.29,62,10900,10,9.9,0,6,585,11.052,10.25,,,,2.8,,,,,,,,,,,,,,,,
1777981542919,2026-05-05T11:45:42.919Z,1739813,730.7,44,13.8,85.2,88,1.3,67,8558,40,30.4,1,5,209,-6.864,-6.679,,,,-1.2,,,,,,,,,,,,,,,,
1777981543018,2026-05-05T11:45:43.018Z,1739913,744.5,46,46.1,42.2,71,1.3,71,10788,9,-41,0,3,942,-10.541,6.717,,,,27.1,,,,,,,,,,,,,,,,
1777981543118,2026-05-05T11:45:43.118Z,1740013,809.5,48,26.7,34.2,93,1.44,6,5620,72,4.2,1,5,844,10.387,-14.204,,,,10.2,,,,,,,,,,,,,,,,
1777981543219,2026-05-05T11:45:43.219Z,1740113,799.4,39,47.9,46.6,93,1.44,63,11088,28,21.9,1,2,770,5.795,2.235,,,,27.8,,,,,,,,,,,,,,,,
1777981543319,2026-05-05T11:45:43.319Z,1740213,748.8,49,29.9,74,81,1.25,71,8959,85,-44.8,1,3,535,3.168,-13.361,,,,-26.4,,,,,,,,,,,,,,,,
1777981543419,2026-05-05T11:45:43.419Z,1740313,829.9,47,39.8,17.4,94,1.22,76,9119,11,-10,0,0,776,2.571,5.115,,,,2.6,,,,,,,,,,,,,,,,
1777981543518,2026-05-05T11:45:43.518Z,1740413,770.6,30,18.7,85,74,1.36,38,11540,28,35.3,0,4,46,-14.361,-1.532,,,,2.4,,,,,,,,,,,,,,,,
1777981543619,2026-05-05T11:45:43.619Z,1740513,794.1,31,9.6,6.7,79,1.33,106,10425,76,15.5,0,6,124,-7.263,-11.827,,,,-49,,,,,,,,,,,,,,,,
1777981543719,2026-05-05T11:45:43.719Z,1740613,749.2,53,5.1,26.8,78,1.22,60,6692,24,1.2,0,4,914,2.702,-8.211,,,,-39.4,,,,,,,,,,,,,,,,
1777981543818,2026-05-05T11:45:43.818Z,1740713,811.1,54,12.3,19.2,72,1.28,57,7242,27,-16.3,1,1,351,11.289,-2.277,,,,-23.3,,,,,,,,,,,,,,,,
1777981543918,2026-05-05T11:45:43.918Z,1740813,720.7,51,44.5,78.3,83,1.44,77,10779,7,17.2,1,4,111,-4.351,-10.484,,,,26,,,,,,,,,,,,,,,,
1777981544018,2026-05-05T11:45:44.018Z,1740913,812,38,43.2,98.4,71,1.43,39,8885,30,38.5,1,5,99,-14.334,8.309,,,,9.6,,,,,,,,,,,,,,,,
1777981544119,2026-05-05T11:45:44.119Z,1741013,723.7,51,7.3,94.2,80,1.2,14,8620,2,43.4,0,2,22,-14.193,-0.952,,,,47.6,,,,,,,,,,,,,,,,
1777981544218,2026-05-05T11:45:44.218Z,1741113,815.9,45,22.4,4.1,88,1.42,49,7232,90,-16.6,0,3,212,11.157,8.35,,,,19.3,,,,,,,,,,,,,,,,
1777981544319,2026-05-05T11:45:44.319Z,1741213,739.8,40,3.7,78.4,94,1.43,74,5708,14,30.1,1,6,887,6.093,-1.922,,,,-30.9,,,,,,,,,,,,,,,,
1777981544418,2026-05-05T11:45:44.418Z,1741313,739.9,48,29.8,2.6,88,1.32,93,10035,39,-8.6,1,6,55,-0.487,-0.607,,,,-34.9,,,,,,,,,,,,,,,,
1777981544519,2026-05-05T11:45:44.519Z,1741413,746.2,31,9.2,20.9,84,1.23,104,4097,54,-14.7,1,5,569,-2.333,-12.046,,,,-32.2,,,,,,,,,,,,,,,,
1777981544618,2026-05-05T11:45:44.618Z,1741513,816.6,32,17,81.5,74,1.43,104,707,38,-4.3,1,2,723,-3.35,-0.544,,,,14.1,,,,,,,,,,,,,,,,
1777981544718,2026-05-05T11:45:44.718Z,1741613,720.2,32,10.5,25.7,94,1.38,55,6110,25,13.1,0,3,130,-9.27,0.749,,,,-21.4,,,,,,,,,,,,,,,,
1777981544817,2026-05-05T11:45:44.817Z,1741713,782.9,41,40.3,70.6,79,1.26,92,909,23,10.2,0,0,51,2.088,-4.985,,,,13.7,,,,,,,,,,,,,,,,
1777981544918,2026-05-05T11:45:44.918Z,1741813,720.5,31,19.1,19.4,88,1.4,34,9353,15,-37.9,0,3,358,2.708,-9.782,,,,-16.2,,,,,,,,,,,,,,,,
1777981545019,2026-05-05T11:45:45.019Z,1741913,802.3,43,45.2,80.8,87,1.23,99,7672,34,-19.4,1,0,955,6.555,-6.945,,,,31.1,,,,,,,,,,,,,,,,
1777981545117,2026-05-05T11:45:45.117Z,1742013,759.4,51,23.6,89.7,92,1.31,42,8058,6,7.5,0,5,144,8.911,7.721,,,,21.8,,,,,,,,,,,,,,,,
1777981545219,2026-05-05T11:45:45.219Z,1742113,722.6,54,23.9,27.9,83,1.43,32,5217,77,-25.3,1,1,609,-14.577,7.222,,,,32.7,,,,,,,,,,,,,,,,
1777981545319,2026-05-05T11:45:45.319Z,1742213,817.9,53,9.4,15.5,74,1.39,84,4724,37,27.8,1,1,523,10.354,2.984,,,,25.4,,,,,,,,,,,,,,,,
1777981545418,2026-05-05T11:45:45.418Z,1742313,742.3,38,8.1,59.7,99,1.42,78,9576,60,-28.1,1,5,101,-10.247,-10.499,,,,-42.6,,,,,,,,,,,,,,,,
1777981545518,2026-05-05T11:45:45.518Z,1742413,810.9,32,47.2,7.4,72,1.37,40,1435,98,-2.9,0,0,530,4.069,-13.842,,,,11.2,,,,,,,,,,,,,,,,
1777981545619,2026-05-05T11:45:45.619Z,1742513,727.4,42,28.4,63.6,85,1.24,69,4180,69,-12.5,1,1,222,-0.484,3.243,,,,-22.9,,,,,,,,,,,,,,,,
1777981545718,2026-05-05T11:45:45.718Z,1742613,833.1,53,11.1,20.9,74,1.32,114,496,35,-19.5,0,1,837,9.138,5.034,,,,0,,,,,,,,,,,,,,,,
1777981545818,2026-05-05T11:45:45.818Z,1742713,826.2,51,8.7,20.5,70,1.29,89,5426,57,-10.2,1,1,1002,5.016,6.265,,,,45.3,,,,,,,,,,,,,,,,
1777981545919,2026-05-05T11:45:45.919Z,1742813,834.1,53,10.9,92.2,80,1.24,55,11139,69,3.1,1,0,729,-4.788,6.201,,,,-1.4,,,,,,,,,,,,,,,,
1777981546018,2026-05-05T11:45:46.018Z,1742913,761.8,52,42.4,40.5,77,1.42,10,301,81,14.9,0,6,703,1.047,-9.327,,,,-36.5,,,,,,,,,,,,,,,,
1777981546119,2026-05-05T11:45:46.119Z,1743013,785.1,46,12.2,73.6,80,1.3,42,2241,93,35.5,0,6,766,-12.264,11.61,,,,-26.4,,,,,,,,,,,,,,,,
1777981546218,2026-05-05T11:45:46.218Z,1743113,780.3,47,17.6,63.1,100,1.38,1,5470,71,20.1,0,6,457,5.153,-14.541,,,,26,,,,,,,,,,,,,,,,
1777981546319,2026-05-05T11:45:46.319Z,1743213,831,36,37,72.1,95,1.39,2,9759,47,-23,1,2,330,-0.747,1.915,,,,41.3,,,,,,,,,,,,,,,,
1777981546419,2026-05-05T11:45:46.419Z,1743313,780.7,50,48.9,62.8,95,1.24,110,189,4,15.6,0,1,1002,-14.197,-6.676,,,,-29.7,,,,,,,,,,,,,,,,
1777981546518,2026-05-05T11:45:46.518Z,1743413,752.1,34,18.8,66.1,91,1.29,16,9697,73,0.5,0,1,895,-6.274,10.285,,,,-17.7,,,,,,,,,,,,,,,,
1777981546618,2026-05-05T11:45:46.618Z,1743513,836.6,41,11.5,76.6,79,1.36,70,736,25,-38.6,0,6,455,13.819,-12.543,,,,1.6,,,,,,,,,,,,,,,,
1777981546718,2026-05-05T11:45:46.718Z,1743613,801.8,54,45.9,76,91,1.38,41,3399,54,-5.8,0,2,72,5.067,9.371,,,,7.5,,,,,,,,,,,,,,,,
1777981546818,2026-05-05T11:45:46.818Z,1743713,812.2,30,32.6,93.8,78,1.32,49,2812,51,-32.5,1,2,601,5.265,2.599,,,,13.5,,,,,,,,,,,,,,,,
1777981546919,2026-05-05T11:45:46.919Z,1743813,732.3,31,10.3,79.2,90,1.41,16,9078,71,-16.6,1,3,133,-4.327,7.377,,,,22,,,,,,,,,,,,,,,,
1777981547018,2026-05-05T11:45:47.018Z,1743913,838.7,51,45.7,8.4,96,1.29,94,10858,84,-3.7,1,6,123,9.657,-4.053,,,,12.6,,,,,,,,,,,,,,,,
1777981547118,2026-05-05T11:45:47.118Z,1744013,730.2,53,35.8,75.2,89,1.26,22,926,27,-27.7,0,4,301,-11.067,1.537,,,,-11.5,,,,,,,,,,,,,,,,
1777981547219,2026-05-05T11:45:47.219Z,1744113,829.7,48,6.6,83.2,87,1.34,106,7030,68,20.1,0,1,220,-4.495,-0.926,,,,-23.7,,,,,,,,,,,,,,,,
1777981547318,2026-05-05T11:45:47.318Z,1744213,726.4,51,18.4,55.9,96,1.38,53,3412,4,-43,0,3,473,14.684,12.967,,,,-6.2,,,,,,,,,,,,,,,,
1777981547417,2026-05-05T11:45:47.417Z,1744313,771.4,32,18.4,89.5,83,1.2,30,5029,49,13.4,0,4,313,6.391,5.171,,,,-3.7,,,,,,,,,,,,,,,,
1777981547517,2026-05-05T11:45:47.517Z,1744413,797,55,23.6,21.4,87,1.43,50,223,9,17.4,0,6,243,-13.224,0.951,,,,10.5,,,,,,,,,,,,,,,,
1777981547618,2026-05-05T11:45:47.618Z,1744513,768,33,24.7,24.8,97,1.42,94,9924,17,13.2,1,4,1012,-3.433,0.478,,,,-30.4,,,,,,,,,,,,,,,,
1777981547718,2026-05-05T11:45:47.718Z,1744613,762.7,32,16.8,31.4,79,1.27,92,7888,57,-25.9,0,0,979,0.459,10.728,,,,36.5,,,,,,,,,,,,,,,,
1777981547818,2026-05-05T11:45:47.818Z,1744713,795.2,53,40.4,5.1,99,1.32,44,5615,51,-7.1,1,4,472,-6.453,4.832,,,,-45.4,,,,,,,,,,,,,,,,
1777981547919,2026-05-05T11:45:47.919Z,1744813,736.5,42,48.5,36.3,70,1.43,101,11563,44,17.7,1,5,722,8.949,7.59,,,,4.8,,,,,,,,,,,,,,,,
1777981548019,2026-05-05T11:45:48.019Z,1744913,822.5,31,18.1,39.8,73,1.31,15,2802,69,-38.9,0,0,1010,12.653,-8.42,,,,22.6,,,,,,,,,,,,,,,,
1777981548118,2026-05-05T11:45:48.118Z,1745013,749.1,47,2.7,42.9,75,1.41,48,651,12,-38.7,1,3,872,-11.307,-13.296,,,,-7.7,,,,,,,,,,,,,,,,
1777981548218,2026-05-05T11:45:48.218Z,1745113,720.6,46,29.7,99.1,84,1.22,88,6954,63,16.3,1,6,14,-3.739,5.571,,,,-43.7,,,,,,,,,,,,,,,,
1777981548318,2026-05-05T11:45:48.318Z,1745213,836.7,30,17.1,11.3,94,1.39,103,9665,82,-9.9,1,1,21,-8.363,12.718,,,,-39.3,,,,,,,,,,,,,,,,
1777981548419,2026-05-05T11:45:48.419Z,1745313,762.5,30,5.6,99.9,89,1.37,78,6261,48,-34,0,6,618,-12.852,-12.713,,,,-2.5,,,,,,,,,,,,,,,,
1777981548519,2026-05-05T11:45:48.519Z,1745413,775.1,51,14.4,40.3,97,1.43,101,842,67,-9.2,0,2,780,5.018,-8.88,,,,-29,,,,,,,,,,,,,,,,
1777981548619,2026-05-05T11:45:48.619Z,1745513,823.6,44,34.4,21.9,80,1.34,86,11400,76,27.2,0,3,903,13.545,-12.328,,,,2.7,,,,,,,,,,,,,,,,
1777981548719,2026-05-05T11:45:48.719Z,1745613,795.6,45,15.8,66.1,82,1.3,111,5848,57,13.1,0,2,205,8.493,6.04,,,,-46.2,,,,,,,,,,,,,,,,
1777981548818,2026-05-05T11:45:48.818Z,1745713,838.9,45,38.1,15.9,86,1.22,84,8349,45,-42.6,1,5,40,11.96,7.679,,,,-4,,,,,,,,,,,,,,,,
1777981548919,2026-05-05T11:45:48.919Z,1745813,798.2,53,39.4,67,79,1.34,65,8373,79,-34.5,1,4,680,-12.446,5.923,,,,37,,,,,,,,,,,,,,,,
1777981549018,2026-05-05T11:45:49.018Z,1745913,810,46,8.3,99.2,99,1.33,1,3988,80,-21.4,1,0,819,-14.593,8.35,,,,40.9,,,,,,,,,,,,,,,,
1777981549117,2026-05-05T11:45:49.117Z,1746013,806.7,51,39.2,90.5,75,1.33,25,963,48,-3,1,4,182,14.232,11.911,,,,-1.6,,,,,,,,,,,,,,,,
1777981549218,2026-05-05T11:45:49.218Z,1746113,827.1,47,42.8,42.4,76,1.43,39,5241,51,-25.2,0,3,326,9.35,-5.225,,,,29.9,,,,,,,,,,,,,,,,
1777981549319,2026-05-05T11:45:49.319Z,1746213,823.5,34,35.4,15.4,80,1.29,77,446,25,17.1,1,1,733,9.992,-12.231,,,,-13.5,,,,,,,,,,,,,,,,
1777981549419,2026-05-05T11:45:49.419Z,1746313,757.4,31,2.2,86.1,86,1.39,96,8685,68,22.7,1,5,795,13.073,-5.106,,,,-23.4,,,,,,,,,,,,,,,,
1777981549518,2026-05-05T11:45:49.518Z,1746413,788.6,30,4.4,46.6,87,1.39,95,4945,0,39.5,0,6,782,-6.905,8.744,,,,39.5,,,,,,,,,,,,,,,,
1777981549619,2026-05-05T11:45:49.619Z,1746513,811.5,35,41.4,87.5,79,1.39,11,9109,30,-37.8,1,2,104,9.099,-6.375,,,,34.2,,,,,,,,,,,,,,,,
1777981549718,2026-05-05T11:45:49.718Z,1746613,819.5,31,45.2,66.2,82,1.42,86,9725,73,-0.5,0,4,10,5.334,-1.86,,,,-19,,,,,,,,,,,,,,,,
1777981549819,2026-05-05T11:45:49.819Z,1746713,741.9,34,37.1,56.5,70,1.24,102,8842,93,-39.4,0,2,128,14.557,-6.928,,,,-9.4,,,,,,,,,,,,,,,,
1777981549919,2026-05-05T11:45:49.919Z,1746813,756,43,9.5,13.9,79,1.33,103,10676,88,-18.3,0,5,252,7.419,6.048,,,,-12.7,,,,,,,,,,,,,,,,
1777981550019,2026-05-05T11:45:50.019Z,1746913,767.3,46,34.6,26.6,91,1.2,88,11153,21,28.6,1,0,103,1.17,-11.975,,,,43.9,,,,,,,,,,,,,,,,
1777981550119,2026-05-05T11:45:50.119Z,1747013,764.9,46,17.6,23.3,100,1.38,68,3488,10,15.1,1,2,270,-7.315,11.721,,,,14.2,,,,,,,,,,,,,,,,
1777981550218,2026-05-05T11:45:50.218Z,1747113,834.4,51,7.4,88.6,94,1.43,20,2747,8,10.9,1,5,563,4.455,8.05,,,,43.1,,,,,,,,,,,,,,,,
1777981550319,2026-05-05T11:45:50.319Z,1747213,802.7,35,42.2,24.9,83,1.33,14,6691,72,-6.4,1,1,107,-11.922,2.371,,,,24,,,,,,,,,,,,,,,,
1777981550419,2026-05-05T11:45:50.419Z,1747313,720.4,39,40.1,83.8,76,1.22,40,2623,34,-30.3,0,6,901,-8.83,3.721,,,,-11.8,,,,,,,,,,,,,,,,
1777981550518,2026-05-05T11:45:50.518Z,1747413,816.9,30,4.2,59.3,79,1.31,85,1846,27,19.4,1,1,210,-0.27,-4.409,,,,23.6,,,,,,,,,,,,,,,,
1777981550618,2026-05-05T11:45:50.618Z,1747513,726.9,54,36.3,0.9,85,1.3,84,3531,58,41.9,1,0,726,0.637,7.101,,,,25.6,,,,,,,,,,,,,,,,
1777981550719,2026-05-05T11:45:50.719Z,1747613,777.4,30,27.9,81.1,92,1.33,53,11602,31,25.9,0,6,929,1.153,1.287,,,,-47.1,,,,,,,,,,,,,,,,
1777981550818,2026-05-05T11:45:50.818Z,1747713,741.8,44,31.7,92.2,83,1.2,63,2208,70,29,1,2,653,6.146,4.004,,,,15,,,,,,,,,,,,,,,,
1777981550918,2026-05-05T11:45:50.918Z,1747813,770.2,52,0.6,46,90,1.29,81,7516,69,-8.3,0,1,656,-3.467,-2.762,,,,30.7,,,,,,,,,,,,,,,,
1777981551018,2026-05-05T11:45:51.018Z,1747913,795.7,50,45.9,31.7,96,1.23,7,1028,42,43.2,1,3,485,-12.267,6.415,,,,2.6,,,,,,,,,,,,,,,,
1777981551118,2026-05-05T11:45:51.118Z,1748013,839.1,34,21.1,73.5,78,1.44,23,2461,49,-28.6,0,2,484,1.623,2.701,,,,9.1,,,,,,,,,,,,,,,,
1777981551218,2026-05-05T11:45:51.218Z,1748113,828.6,46,12.8,51.1,84,1.35,3,10973,92,-2.2,1,4,875,4.505,8.747,,,,44.4,,,,,,,,,,,,,,,,
1777981551318,2026-05-05T11:45:51.318Z,1748213,771.9,46,25,0.4,75,1.28,99,5239,36,30.6,1,4,150,-14.638,7.267,,,,40.3,,,,,,,,,,,,,,,,
1777981551418,2026-05-05T11:45:51.418Z,1748313,828.8,39,38.1,5.3,71,1.37,45,7312,20,27.4,1,4,827,7.138,5.372,,,,-10.1,,,,,,,,,,,,,,,,
1777981551518,2026-05-05T11:45:51.518Z,1748413,746.8,31,5,31.3,89,1.26,51,3,24,21.2,1,3,34,-2.701,-0.08,,,,-47.1,,,,,,,,,,,,,,,,
1777981551619,2026-05-05T11:45:51.619Z,1748513,773.6,41,17.3,90.5,81,1.31,107,9645,38,-36.1,0,1,122,-11.283,-0.893,,,,45.3,,,,,,,,,,,,,,,,
1777981551718,2026-05-05T11:45:51.718Z,1748613,749.3,55,38.1,90.5,82,1.23,58,4320,41,29.6,1,3,225,2.076,1.282,,,,-38,,,,,,,,,,,,,,,,
1777981551819,2026-05-05T11:45:51.819Z,1748713,834.1,55,32,68.2,99,1.2,101,11630,13,13.8,1,4,105,-9.887,12.192,,,,-32.2,,,,,,,,,,,,,,,,
1777981551919,2026-05-05T11:45:51.919Z,1748813,771.3,33,34.3,58.2,80,1.26,53,3026,88,-1.7,0,5,489,-2.032,11.747,,,,-23.3,,,,,,,,,,,,,,,,
1777981552018,2026-05-05T11:45:52.018Z,1748913,839.9,33,9.7,57.3,97,1.35,9,7360,76,32.4,1,4,948,10.185,5.754,,,,21,,,,,,,,,,,,,,,,
1777981552119,2026-05-05T11:45:52.119Z,1749013,722.5,50,20.9,64,81,1.21,110,8008,38,-33.1,0,1,107,-0.155,10.211,,,,-45.4,,,,,,,,,,,,,,,,
1777981552219,2026-05-05T11:45:52.219Z,1749113,787.2,30,23.5,43.9,72,1.43,13,10241,13,14.5,0,1,19,-4.221,-4.016,,,,-25,,,,,,,,,,,,,,,,
1777981552318,2026-05-05T11:45:52.318Z,1749213,778.5,45,15.8,3.8,70,1.22,68,9572,50,6.2,1,5,889,-10.765,12.67,,,,18.6,,,,,,,,,,,,,,,,
1777981552418,2026-05-05T11:45:52.418Z,1749313,764.1,48,37.9,52.3,82,1.36,4,598,1,-1.7,0,2,115,9.821,0.223,,,,-30.3,,,,,,,,,,,,,,,,
1777981552518,2026-05-05T11:45:52.518Z,1749413,720.3,49,39.8,10.4,70,1.35,4,8247,1,-8.7,1,4,539,10.44,-10.084,,,,-3.1,,,,,,,,,,,,,,,,
1777981552618,2026-05-05T11:45:52.618Z,1749513,742.3,39,23.9,89.3,96,1.37,60,2396,66,-9.3,0,2,153,-4.869,14.066,,,,25.8,,,,,,,,,,,,,,,,
1777981552718,2026-05-05T11:45:52.718Z,1749613,793,45,27,39.9,96,1.35,9,5713,61,32.3,0,1,362,8.791,5.92,,,,13,,,,,,,,,,,,,,,,
1777981552818,2026-05-05T11:45:52.818Z,1749713,734.3,48,47.9,84.6,72,1.42,81,4960,93,36.3,0,4,368,8.006,6.944,,,,-34.2,,,,,,,,,,,,,,,,
1777981552919,2026-05-05T11:45:52.919Z,1749813,803.7,34,20.1,36.5,100,1.37,49,3727,63,-18.1,1,2,228,-7.635,-9.181,,,,16.4,,,,,,,,,,,,,,,,
1777981553018,2026-05-05T11:45:53.018Z,1749913,747.7,42,24.8,9.4,73,1.27,58,848,34,-18.3,1,0,707,-1.141,-12.24,,,,20.9,,,,,,,,,,,,,,,,
1777981553119,2026-05-05T11:45:53.119Z,1750013,820.8,41,7.6,71.4,80,1.32,70,5267,59,-17.3,1,5,459,11.149,-14.051,,,,45.5,,,,,,,,,,,,,,,,
1777981553218,2026-05-05T11:45:53.218Z,1750113,790.6,34,31.5,81,71,1.29,112,389,90,39.5,1,6,647,1.603,-3.221,,,,29.7,,,,,,,,,,,,,,,,
1777981553318,2026-05-05T11:45:53.318Z,1750213,796.6,32,18.1,15.4,90,1.28,117,9299,31,43.4,0,2,963,7.108,-14.594,,,,6.5,,,,,,,,,,,,,,,,
1777981553419,2026-05-05T11:45:53.419Z,1750313,812.7,43,29.1,31.5,72,1.42,117,9551,30,-12,1,1,238,6.403,11.33,,,,-48.6,,,,,,,,,,,,,,,,
1777981553519,2026-05-05T11:45:53.519Z,1750413,753.3,50,30.2,11,91,1.37,55,11038,26,43.4,0,0,828,6.734,-1.673,,,,-27.9,,,,,,,,,,,,,,,,
1777981553618,2026-05-05T11:45:53.618Z,1750513,788.3,55,38.5,45.1,80,1.25,45,7521,9,16.6,0,5,266,9.175,-7.741,,,,33.1,,,,,,,,,,,,,,,,
1777981553718,2026-05-05T11:45:53.718Z,1750613,780,33,31.9,95.1,87,1.24,4,3271,21,44,1,2,226,-12.745,-2.693,,,,46.4,,,,,,,,,,,,,,,,
1777981553818,2026-05-05T11:45:53.818Z,1750713,751.3,48,44.6,91.3,73,1.36,84,1998,83,38.4,1,4,594,-5.009,-1.897,,,,24.3,,,,,,,,,,,,,,,,
1777981553919,2026-05-05T11:45:53.919Z,1750813,767.7,46,15,36.8,93,1.31,100,8915,24,15.1,1,0,319,-3.082,-2.909,,,,34.4,,,,,,,,,,,,,,,,
1777981554018,2026-05-05T11:45:54.018Z,1750913,812,55,49.8,7.9,75,1.44,54,7506,14,37.8,1,1,47,-4.598,-12.341,,,,45.1,,,,,,,,,,,,,,,,
1777981554119,2026-05-05T11:45:54.119Z,1751013,790.3,36,30.5,65.5,73,1.34,113,10194,99,-21.2,1,1,869,-10.214,4.956,,,,2.5,,,,,,,,,,,,,,,,
1777981554219,2026-05-05T11:45:54.219Z,1751113,827.6,35,49.5,24.8,88,1.32,107,1572,90,-4.4,0,0,865,5.444,11.623,,,,-28,,,,,,,,,,,,,,,,
1777981554318,2026-05-05T11:45:54.318Z,1751213,749.9,51,24.8,76.5,82,1.23,68,951,79,24.9,1,0,646,6.287,-0.175,,,,-36.4,,,,,,,,,,,,,,,,
1777981554418,2026-05-05T11:45:54.418Z,1751313,822,41,45.7,86.9,93,1.43,59,9239,40,-4.4,1,2,612,5.565,-2.949,,,,-14.2,,,,,,,,,,,,,,,,
1777981554519,2026-05-05T11:45:54.519Z,1751413,764.4,32,18,38.7,93,1.38,20,8693,12,-20.1,0,6,686,-12.691,8.643,,,,9.6,,,,,,,,,,,,,,,,
1777981554618,2026-05-05T11:45:54.618Z,1751513,751.3,53,41.6,64.6,84,1.43,71,3560,60,16.4,0,4,709,-3.742,-7.838,,,,-5,,,,,,,,,,,,,,,,
1777981554719,2026-05-05T11:45:54.719Z,1751613,825.1,45,15.3,68.6,73,1.28,49,7797,91,14,1,0,423,-12.208,11.523,,,,-17.3,,,,,,,,,,,,,,,,
1777981554818,2026-05-05T11:45:54.818Z,1751713,735.2,55,16.8,16.9,91,1.27,85,816,64,13.5,1,6,589,1.95,14.071,,,,-5.1,,,,,,,,,,,,,,,,
1777981554919,2026-05-05T11:45:54.919Z,1751813,826.1,49,19.6,46,99,1.36,71,10342,23,-16.8,1,6,133,-6.94,0.268,,,,-48.7,,,,,,,,,,,,,,,,
1777981555018,2026-05-05T11:45:55.018Z,1751913,735.4,33,41.5,86.3,88,1.44,52,7717,5,-2.8,0,0,797,-8.208,-10.337,,,,38.5,,,,,,,,,,,,,,,,
1777981555118,2026-05-05T11:45:55.118Z,1752013,756.9,37,21.4,41.3,76,1.32,98,10093,23,38.6,0,3,36,-4.86,5.394,,,,35.4,,,,,,,,,,,,,,,,
1777981555218,2026-05-05T11:45:55.218Z,1752113,752.2,47,0.2,16.6,98,1.27,99,11584,9,25.6,0,1,948,14.009,-4.531,,,,18.6,,,,,,,,,,,,,,,,
1777981555319,2026-05-05T11:45:55.319Z,1752213,734.4,44,25.4,62.9,75,1.23,93,5559,34,-40.1,1,2,281,9.667,1.217,,,,-43.7,,,,,,,,,,,,,,,,
1777981555418,2026-05-05T11:45:55.418Z,1752313,787.9,41,5.1,32.1,82,1.26,106,4681,86,-41.9,1,6,95,-5.141,1.794,,,,-40.5,,,,,,,,,,,,,,,,
1777981555519,2026-05-05T11:45:55.519Z,1752413,797.4,51,22.2,72.4,81,1.27,110,11331,10,-19.7,1,2,718,-14.384,-7.424,,,,33.6,,,,,,,,,,,,,,,,
1777981555618,2026-05-05T11:45:55.618Z,1752513,760.4,35,40.2,24.9,84,1.3,96,10386,40,-24.9,0,6,995,11.752,8.063,,,,-6.9,,,,,,,,,,,,,,,,
1777981555718,2026-05-05T11:45:55.718Z,1752613,802.9,52,5.3,3.2,86,1.42,45,9065,61,-27.3,0,1,329,-6.517,-6.52,,,,29.8,,,,,,,,,,,,,,,,
1777981555818,2026-05-05T11:45:55.818Z,1752713,754.6,35,5.1,25,78,1.3,115,176,31,-12.9,0,2,276,5.73,-3.64,,,,-19.7,,,,,,,,,,,,,,,,
1777981555919,2026-05-05T11:45:55.919Z,1752813,815.9,45,26.8,78.2,92,1.44,55,10491,63,15.9,0,6,751,-4.26,-1.833,,,,-46.2,,,,,,,,,,,,,,,,
1777981556018,2026-05-05T11:45:56.018Z,1752913,830.9,30,36.5,42.5,83,1.23,107,4938,39,42.2,0,4,1005,12.397,-1.921,,,,9.9,,,,,,,,,,,,,,,,
1777981556118,2026-05-05T11:45:56.118Z,1753013,760,52,28.1,17.7,97,1.3,116,5363,53,9.4,0,3,87,3.641,5.117,,,,-6,,,,,,,,,,,,,,,,
1777981556218,2026-05-05T11:45:56.218Z,1753113,833.9,43,17,87.5,89,1.2,91,5713,68,3.2,0,4,529,5.58,-12.214,,,,14,,,,,,,,,,,,,,,,
1777981556318,2026-05-05T11:45:56.318Z,1753213,827.9,43,20,34.2,70,1.26,75,8382,42,-2.1,1,0,1009,-11.293,0.263,,,,20.8,,,,,,,,,,,,,,,,
1777981556418,2026-05-05T11:45:56.418Z,1753313,744.1,33,25.1,33.6,82,1.33,108,7354,27,19,0,5,125,0.053,-9.696,,,,-49.7,,,,,,,,,,,,,,,,
1777981556518,2026-05-05T11:45:56.518Z,1753413,829.1,48,46,46.2,84,1.28,8,4168,26,-12.2,1,2,963,11.429,2.556,,,,-22.4,,,,,,,,,,,,,,,,
1777981556618,2026-05-05T11:45:56.618Z,1753513,801.9,44,31,58,94,1.22,53,9356,67,-39.7,1,0,516,-0.312,-8.263,,,,44.6,,,,,,,,,,,,,,,,
1777981556719,2026-05-05T11:45:56.719Z,1753613,734.2,39,18.2,75.6,99,1.38,0,11695,14,-25.9,1,1,619,-13.252,-7.153,,,,-42.7,,,,,,,,,,,,,,,,
1777981556818,2026-05-05T11:45:56.818Z,1753713,792.3,54,25.2,98.7,89,1.32,75,7097,39,-29.2,1,5,404,-1.352,-5.587,,,,22.2,,,,,,,,,,,,,,,,
1777981556918,2026-05-05T11:45:56.918Z,1753813,782.2,42,44.5,28.4,84,1.42,49,5581,83,23.4,0,3,602,-1.392,8.9,,,,-8,,,,,,,,,,,,,,,,
1777981557018,2026-05-05T11:45:57.018Z,1753913,800.9,45,39.4,15.3,99,1.31,74,5231,93,-36.4,0,4,641,0.779,5.551,,,,41.4,,,,,,,,,,,,,,,,
1777981557118,2026-05-05T11:45:57.118Z,1754013,809.3,43,29.2,96.2,92,1.38,61,10028,23,-38.6,0,6,785,0.699,6.472,,,,30.4,,,,,,,,,,,,,,,,
1777981557218,2026-05-05T11:45:57.218Z,1754113,729.3,41,8.2,18.2,80,1.25,53,999,51,11.8,1,6,690,-14.294,14.492,,,,6.6,,,,,,,,,,,,,,,,
1777981557318,2026-05-05T11:45:57.318Z,1754213,732.7,44,13.3,23.9,88,1.21,68,11874,31,38.9,1,3,243,-0.719,6.831,,,,-49.1,,,,,,,,,,,,,,,,
1777981557418,2026-05-05T11:45:57.418Z,1754313,724.3,52,46.7,21.7,77,1.2,91,1566,89,-22.3,1,4,67,-6.737,-4.405,,,,-14.4,,,,,,,,,,,,,,,,
1777981557518,2026-05-05T11:45:57.518Z,1754413,762.6,47,33,24.8,89,1.29,15,3713,40,-23.7,1,2,709,-12.917,8.791,,,,-24.9,,,,,,,,,,,,,,,,
1777981557618,2026-05-05T11:45:57.618Z,1754513,774.9,34,33.6,88.2,79,1.25,89,9761,12,44.5,0,2,227,7.044,-13.006,,,,34.5,,,,,,,,,,,,,,,,
1777981557719,2026-05-05T11:45:57.719Z,1754613,755.2,42,20.4,42.5,94,1.21,118,3312,80,26.1,1,1,534,-11.259,11.534,,,,-17.2,,,,,,,,,,,,,,,,
1777981557818,2026-05-05T11:45:57.818Z,1754713,814,33,17.2,27.9,78,1.29,68,363,41,-24.2,1,6,522,12.875,13.08,,,,22.6,,,,,,,,,,,,,,,,
1777981557918,2026-05-05T11:45:57.918Z,1754813,793.3,54,25.5,33,75,1.43,14,10214,32,-19.3,1,6,673,-8.31,3.867,,,,1,,,,,,,,,,,,,,,,
1777981558018,2026-05-05T11:45:58.018Z,1754913,826.1,37,0.3,25,83,1.27,44,9868,1,-31.4,0,0,1020,-6.876,12.149,,,,-20.2,,,,,,,,,,,,,,,,
1777981558119,2026-05-05T11:45:58.119Z,1755013,734.4,31,47.5,46.5,92,1.3,111,8080,36,-34.8,0,0,373,-8.825,-9.145,,,,-18.7,,,,,,,,,,,,,,,,
1777981558218,2026-05-05T11:45:58.218Z,1755113,766.2,49,44.7,42.9,86,1.28,2,7184,5,-15.8,1,0,776,-14.164,-1.041,,,,-32.5,,,,,,,,,,,,,,,,
1777981558318,2026-05-05T11:45:58.318Z,1755213,753,41,9.7,59.6,90,1.36,18,11108,64,28.2,0,6,53,-5.206,1.472,,,,33,,,,,,,,,,,,,,,,
1777981558419,2026-05-05T11:45:58.419Z,1755313,815.4,51,23.6,78.6,94,1.35,77,8332,27,31,1,2,387,-10.103,-13.641,,,,-29.1,,,,,,,,,,,,,,,,
1777981558518,2026-05-05T11:45:58.518Z,1755413,778.9,45,45.8,40.9,83,1.28,77,6214,52,-18.2,1,3,330,-1.297,7.95,,,,43.5,,,,,,,,,,,,,,,,
1777981558618,2026-05-05T11:45:58.618Z,1755513,823.1,39,39.6,6.4,84,1.29,48,11772,54,35.4,1,1,198,7.263,-10.842,,,,21.1,,,,,,,,,,,,,,,,
1777981558718,2026-05-05T11:45:58.718Z,1755613,795.9,50,49.2,64.4,83,1.32,32,10405,69,44.1,0,4,25,6.97,-4.387,,,,-43.5,,,,,,,,,,,,,,,,
1777981558818,2026-05-05T11:45:58.818Z,1755713,755.3,50,40.4,81.3,78,1.43,111,4448,90,-5,1,2,1000,4.317,-9.867,,,,27,,,,,,,,,,,,,,,,
1777981558918,2026-05-05T11:45:58.918Z,1755813,835.2,43,15.6,5,79,1.39,83,2751,93,1.1,0,2,210,13.626,-4.17,,,,46.3,,,,,,,,,,,,,,,,
1777981559019,2026-05-05T11:45:59.019Z,1755913,766,51,38.4,97.2,82,1.24,43,7705,85,-28.1,1,0,363,-12.513,-13.056,,,,-42.5,,,,,,,,,,,,,,,,
1777981559119,2026-05-05T11:45:59.119Z,1756013,799.7,55,27,26.3,74,1.29,118,5808,89,24,0,1,199,-13.634,-12.933,,,,-38.9,,,,,,,,,,,,,,,,
1777981559218,2026-05-05T11:45:59.218Z,1756113,838.5,40,46.7,28.2,75,1.41,75,10936,15,-19.8,0,4,340,6.087,12.358,,,,15,,,,,,,,,,,,,,,,
1777981559318,2026-05-05T11:45:59.318Z,1756213,755.8,48,43.5,65.8,70,1.33,5,4221,64,-1,0,6,146,11.47,-7.8,,,,-36.9,,,,,,,,,,,,,,,,
1777981559418,2026-05-05T11:45:59.418Z,1756313,764.2,33,2.1,34.1,72,1.41,10,981,58,-17,0,6,243,13.96,9.272,,,,-32.4,,,,,,,,,,,,,,,,
1777981559519,2026-05-05T11:45:59.519Z,1756413,837,42,32.6,35.2,81,1.23,8,521,67,-13.5,1,0,236,4.48,14.523,,,,44.7,,,,,,,,,,,,,,,,
1777981559618,2026-05-05T11:45:59.618Z,1756513,829,39,38,60,81,1.33,77,2686,82,-13,0,0,758,-5.129,10.508,,,,-48.2,,,,,,,,,,,,,,,,
1777981559718,2026-05-05T11:45:59.718Z,1756613,770.5,34,47.5,4.8,96,1.26,34,8819,75,-18,1,3,194,-1.126,9.152,,,,45.9,,,,,,,,,,,,,,,,
1777981559818,2026-05-05T11:45:59.818Z,1756713,827.3,38,34.3,90.4,89,1.39,56,4257,60,-18.3,0,2,607,14.208,-13.934,,,,-0.6,,,,,,,,,,,,,,,,
1777981559918,2026-05-05T11:45:59.918Z,1756813,728.2,41,4.5,40.8,93,1.36,11,3705,63,-3.7,0,0,714,8.603,11.26,,,,-38.6,,,,,,,,,,,,,,,,
1777981560018,2026-05-05T11:46:00.018Z,1756913,737.1,49,19.1,32.2,98,1.39,95,5349,11,8.7,0,3,486,10.675,-14.37,,,,-25,,,,,,,,,,,,,,,,
1777981560118,2026-05-05T11:46:00.118Z,1757013,730,45,22,45.6,86,1.32,113,4209,21,-35.9,1,2,971,-4.994,3.087,,,,-37.3,,,,,,,,,,,,,,,,
1777981560218,2026-05-05T11:46:00.218Z,1757113,802.1,52,24.8,42.9,72,1.31,31,10839,99,4.8,1,6,726,-1.143,13.281,,,,-49.4,,,,,,,,,,,,,,,,
1777981560318,2026-05-05T11:46:00.318Z,1757213,776.7,53,20.5,95,81,1.31,63,7617,58,35.4,1,4,747,-0.463,11.609,,,,-36.3,,,,,,,,,,,,,,,,
1777981560418,2026-05-05T11:46:00.418Z,1757313,834,41,42.8,78.4,90,1.34,93,4360,52,6.8,1,6,982,-1.657,-6.835,,,,-18.5,,,,,,,,,,,,,,,,
1777981560518,2026-05-05T11:46:00.518Z,1757413,780.6,32,32.5,1.1,97,1.34,7,11911,8,-2.4,0,5,261,-2.237,6.963,,,,-17,,,,,,,,,,,,,,,,
1777981560618,2026-05-05T11:46:00.618Z,1757513,736.8,48,27.4,51.2,89,1.36,117,6362,95,11.3,0,1,734,7.969,6.7,,,,27.4,,,,,,,,,,,,,,,,
1777981560718,2026-05-05T11:46:00.718Z,1757613,832.4,51,4.2,46.2,95,1.2,119,5613,63,-16.7,1,4,320,-7.698,7.209,,,,-43,,,,,,,,,,,,,,,,
1777981560818,2026-05-05T11:46:00.818Z,1757713,764.9,51,23.6,96.2,96,1.34,111,1930,30,-37,1,2,715,7.288,13.195,,,,-17.8,,,,,,,,,,,,,,,,
1777981560918,2026-05-05T11:46:00.918Z,1757813,789.2,47,30.8,33.8,85,1.43,50,9457,89,-11.7,0,0,312,4.094,8.274,,,,-3.8,,,,,,,,,,,,,,,,
1777981561018,2026-05-05T11:46:01.018Z,1757913,833.7,46,34.5,97.8,76,1.34,51,8746,56,-38.4,1,2,527,-4.831,-7.125,,,,0.6,,,,,,,,,,,,,,,,
1777981561118,2026-05-05T11:46:01.118Z,1758013,738.4,32,36.2,74.9,79,1.25,98,1101,1,31.4,1,2,960,-3.056,-3.228,,,,-21.1,,,,,,,,,,,,,,,,
1777981561218,2026-05-05T11:46:01.218Z,1758113,781.4,36,32.5,5.6,92,1.27,96,2434,16,12.9,0,3,314,-11.051,11.64,,,,-21.6,,,,,,,,,,,,,,,,
1777981561318,2026-05-05T11:46:01.318Z,1758213,776.5,30,32.3,31.5,95,1.34,110,348,76,-31.2,0,5,314,-2.087,-1.816,,,,27.4,,,,,,,,,,,,,,,,
1777981561418,2026-05-05T11:46:01.418Z,1758313,769.6,35,24.7,90.6,73,1.41,97,11318,51,31.1,0,5,691,-12.785,1.112,,,,44,,,,,,,,,,,,,,,,
1777981561518,2026-05-05T11:46:01.518Z,1758413,795.9,31,8.1,62,71,1.37,114,3412,35,-10,1,1,869,-6.635,-8.618,,,,-32.5,,,,,,,,,,,,,,,,
1777981561618,2026-05-05T11:46:01.618Z,1758513,773.1,50,9.6,63.3,82,1.22,49,11575,32,-12.8,1,4,218,-11.991,2.22,,,,-32.5,,,,,,,,,,,,,,,,
1777981561718,2026-05-05T11:46:01.718Z,1758613,792.3,33,45.5,60.4,78,1.28,66,5808,20,35.5,0,2,21,-9.398,8.529,,,,-48.5,,,,,,,,,,,,,,,,
1777981561818,2026-05-05T11:46:01.818Z,1758713,800.5,55,19.5,99.6,95,1.4,6,3537,97,28.3,0,2,592,8.58,-12.027,,,,-0.3,,,,,,,,,,,,,,,,
1777981561918,2026-05-05T11:46:01.918Z,1758813,763.4,34,42,87.6,72,1.21,0,7894,87,21.2,1,4,553,1.809,12.1,,,,-31.1,,,,,,,,,,,,,,,,
1777981562018,2026-05-05T11:46:02.018Z,1758913,839,33,31.8,15.6,74,1.23,115,1083,33,4.8,1,5,420,9.811,0.886,,,,3.4,,,,,,,,,,,,,,,,
1777981562118,2026-05-05T11:46:02.118Z,1759013,831.1,53,13.6,97.8,73,1.26,46,5359,26,-39.1,1,1,368,-5.448,0.318,,,,-2,,,,,,,,,,,,,,,,
1777981562218,2026-05-05T11:46:02.218Z,1759113,741.5,41,26.1,6.3,95,1.34,61,8217,72,-38.8,1,0,275,4.692,-6.126,,,,-28.8,,,,,,,,,,,,,,,,
1777981562318,2026-05-05T11:46:02.318Z,1759213,727.3,51,19.8,0.8,91,1.29,115,7645,99,-44.7,0,1,802,-6.773,-5.362,,,,-40.8,,,,,,,,,,,,,,,,
1777981562418,2026-05-05T11:46:02.418Z,1759313,836.9,33,48.3,62,81,1.29,92,226,63,27.1,0,2,172,12.027,-11.197,,,,-25.1,,,,,,,,,,,,,,,,
1777981562518,2026-05-05T11:46:02.518Z,1759413,824.8,43,5,11.1,89,1.35,90,4537,98,-35.5,0,1,531,14.222,7.566,,,,-6.7,,,,,,,,,,,,,,,,
1777981562618,2026-05-05T11:46:02.618Z,1759513,838.1,40,3.5,74.7,78,1.44,41,7606,13,23.1,1,3,509,4.702,4.675,,,,7,,,,,,,,,,,,,,,,
1777981562718,2026-05-05T11:46:02.718Z,1759613,831.7,34,24.7,46.7,77,1.37,83,6556,70,16.7,1,4,672,2.323,9.754,,,,35.5,,,,,,,,,,,,,,,,
1777981562818,2026-05-05T11:46:02.818Z,1759713,786.9,40,30.5,48.5,78,1.39,61,11715,67,-26.9,1,0,498,-8.593,5.191,,,,-28.3,,,,,,,,,,,,,,,,
1777981562918,2026-05-05T11:46:02.918Z,1759813,815.5,31,29.8,21.1,82,1.27,64,8975,84,29.6,1,1,567,-14.527,11.466,,,,-15.3,,,,,,,,,,,,,,,,
1777981563018,2026-05-05T11:46:03.018Z,1759913,824.2,55,16.7,90,81,1.35,95,11154,10,-27.8,0,0,851,8.094,-8.814,,,,48.6,,,,,,,,,,,,,,,,
1777981563118,2026-05-05T11:46:03.118Z,1760013,812.1,37,24.5,68.4,70,1.37,24,7858,98,1.9,0,1,32,-0.619,8.56,,,,-35.9,,,,,,,,,,,,,,,,
1777981563218,2026-05-05T11:46:03.218Z,1760113,806,46,17.1,90.9,88,1.41,43,10930,35,35.7,0,0,341,-0.989,13.146,,,,16.5,,,,,,,,,,,,,,,,
1777981563318,2026-05-05T11:46:03.318Z,1760213,756.5,30,35.3,67.2,95,1.24,57,3795,18,26.8,1,1,907,-5.34,12.184,,,,19.1,,,,,,,,,,,,,,,,
1777981563418,2026-05-05T11:46:03.418Z,1760313,752.4,55,42.4,16.1,82,1.37,86,4844,78,14,0,0,52,-5.263,7.082,,,,-23.7,,,,,,,,,,,,,,,,
1777981563518,2026-05-05T11:46:03.518Z,1760413,721.9,48,4.7,57.3,98,1.25,23,1817,54,-37.6,0,3,358,-7.861,3.233,,,,39.6,,,,,,,,,,,,,,,,
1777981563618,2026-05-05T11:46:03.618Z,1760513,784.4,54,48,83.3,80,1.27,49,10625,75,-1.8,1,2,292,6.109,-9.703,,,,-47.5,,,,,,,,,,,,,,,,
1777981563718,2026-05-05T11:46:03.718Z,1760613,723.6,44,42.9,48.3,78,1.25,55,10718,23,18.8,1,6,707,-12.628,-5.717,,,,-12.4,,,,,,,,,,,,,,,,
1777981563818,2026-05-05T11:46:03.818Z,1760713,820.4,54,37.2,21.8,75,1.34,42,6000,87,31.1,0,6,756,6.55,6.13,,,,7.9,,,,,,,,,,,,,,,,
1777981563918,2026-05-05T11:46:03.918Z,1760813,788.8,49,4.7,64.8,89,1.43,42,4710,31,34.2,0,4,591,-0.766,3.113,,,,15.8,,,,,,,,,,,,,,,,
1777981564018,2026-05-05T11:46:04.018Z,1760913,755.4,32,37.4,77.5,92,1.3,52,3456,70,37.3,0,2,446,-11.576,-11.832,,,,-9.7,,,,,,,,,,,,,,,,
1777981564118,2026-05-05T11:46:04.118Z,1761013,766.3,53,15.7,69,79,1.21,82,4610,56,-37.1,0,5,284,2.33,7.408,,,,-10.6,,,,,,,,,,,,,,,,
1777981564218,2026-05-05T11:46:04.218Z,1761113,729.5,41,8.5,23,70,1.24,58,6772,99,19.4,1,3,72,-3.467,-6.431,,,,19.7,,,,,,,,,,,,,,,,
1777981564318,2026-05-05T11:46:04.318Z,1761213,815.5,49,44.7,13.6,89,1.32,31,5647,21,-18.2,1,3,898,-2.746,-7.567,,,,-11.9,,,,,,,,,,,,,,,,
1777981564418,2026-05-05T11:46:04.418Z,1761313,757.1,41,11.9,45,88,1.41,106,4866,49,5.6,0,0,857,-10.602,-11.37,,,,28.4,,,,,,,,,,,,,,,,
1777981564518,2026-05-05T11:46:04.518Z,1761413,741.9,41,44.4,4,76,1.39,90,9567,47,5.2,1,2,849,14.229,4.671,,,,-6.6,,,,,,,,,,,,,,,,
1777981564618,2026-05-05T11:46:04.618Z,1761513,800.9,35,43.2,53.1,91,1.24,30,3883,17,31.4,0,6,883,13.531,-5.381,,,,-22.9,,,,,,,,,,,,,,,,
1777981564718,2026-05-05T11:46:04.718Z,1761613,723.9,44,27.1,7.2,89,1.41,66,461,13,-43.8,0,6,458,12.834,-5.249,,,,22.4,,,,,,,,,,,,,,,,
1777981564818,2026-05-05T11:46:04.818Z,1761713,769.2,52,42.5,72.3,94,1.32,78,11349,83,-36,1,5,55,-8.568,12.204,,,,49.5,,,,,,,,,,,,,,,,
1777981564918,2026-05-05T11:46:04.918Z,1761813,741.1,30,11.7,94.5,90,1.3,89,6994,41,-14.7,0,3,562,-6.997,10.67,,,,40.1,,,,,,,,,,,,,,,,
1777981565018,2026-05-05T11:46:05.018Z,1761913,797.5,52,15.5,81.2,100,1.43,7,7988,30,40.7,0,1,389,1.045,4.633,,,,-3.6,,,,,,,,,,,,,,,,
1777981565118,2026-05-05T11:46:05.118Z,1762013,763.6,30,33.9,7.5,83,1.36,118,1588,33,-31,0,4,773,-13.272,2.493,,,,-9.9,,,,,,,,,,,,,,,,
1777981565218,2026-05-05T11:46:05.218Z,1762113,761.4,51,34.1,19.9,95,1.4,54,7767,43,-29,0,5,623,-2.094,-1.841,,,,-18.1,,,,,,,,,,,,,,,,
1777981565318,2026-05-05T11:46:05.318Z,1762213,793.8,54,49.4,36.3,82,1.32,31,4501,7,0.9,1,3,314,0.674,8.853,,,,47.6,,,,,,,,,,,,,,,,
1777981565418,2026-05-05T11:46:05.418Z,1762313,730.6,32,0.9,21.6,95,1.31,90,6318,79,-12,1,4,408,-2.177,-5.224,,,,-47.9,,,,,,,,,,,,,,,,
1777981565518,2026-05-05T11:46:05.518Z,1762413,808.6,37,44.4,46.7,91,1.31,96,11267,80,13,1,3,978,-14.269,0.277,,,,-22.1,,,,,,,,,,,,,,,,
1777981565618,2026-05-05T11:46:05.618Z,1762513,802.5,46,10.5,96.4,86,1.28,107,7574,69,-20.4,1,2,163,-9.176,12.373,,,,9.1,,,,,,,,,,,,,,,,
