timestamp,iso_time,TimeSampling,bmsVolts,bmsTemp,bmsCurrent,bmsSOC,engineTemp,ECUBattV,speed,RPM,throttle,steering,HyStatus,Gear,RawBrake,imuAx,imuAy,imuAz,imuGx,imuGy,imuGz,susp1Raw,susp2Raw,susp3Raw,susp4Raw,rpmPa15,rpmPb3,rpmPb5,rpmPb8,vescRpmLeft,vescRpmRight,apps1,apps2,pedal,duty,leftMotor,rightMotor
1777950863227,2026-05-05T03:14:23.227Z,90,813,826,839,852,-185,878,891,904,917,-180,943,956,969,982,-175,1008,1021,1034,1047,-170,1073,1086,1099,1112,-165,1138,1151,1164,1177,-200,1203,1216,1229,1242,-195
1777950863336,2026-05-05T03:14:23.336Z,91,816,829,842,855,-184,881,894,907,920,-179,946,959,972,985,-174,1011,1024,1037,1050,-169,1076,1089,1102,1115,-164,1141,1154,1167,1180,-199,1206,1219,1232,1245,-194
1777950863444,2026-05-05T03:14:23.444Z,92,819,832,845,858,-183,884,897,910,923,-178,949,962,975,988,-173,1014,1027,1040,1053,-168,1079,1092,1105,1118,-163,1144,1157,1170,1183,-198,1209,1222,1235,1248,-193
1777950863553,2026-05-05T03:14:23.553Z,93,822,835,848,861,-182,887,900,913,926,-177,952,965,978,991,-172,1017,1030,1043,1056,-167,1082,1095,1108,1121,-162,1147,1160,1173,1186,-197,1212,1225,1238,1251,-192
1777950863661,2026-05-05T03:14:23.661Z,94,825,838,851,864,-181,890,903,916,929,-176,955,968,981,994,-171,1020,1033,1046,1059,-166,1085,1098,1111,1124,-161,1150,1163,1176,1189,-196,1215,1228,1241,1254,-191
1777950863770,2026-05-05T03:14:23.770Z,95,828,841,854,867,-180,893,906,919,932,-175,958,971,984,997,-170,1023,1036,1049,1062,-165,1088,1101,1114,1127,-200,1153,1166,1179,1192,-195,1218,1231,1244,1257,-190
1777950863881,2026-05-05T03:14:23.881Z,96,831,844,857,870,-179,896,909,922,935,-174,961,974,987,1000,-169,1026,1039,1052,1065,-164,1091,1104,1117,1130,-199,1156,1169,1182,1195,-194,1221,1234,1247,1260,-189
1777950863988,2026-05-05T03:14:23.988Z,97,834,847,860,873,-178,899,912,925,938,-173,964,977,990,1003,-168,1029,1042,1055,1068,-163,1094,1107,1120,1133,-198,1159,1172,1185,1198,-193,1224,1237,1250,1263,-188
1777950864096,2026-05-05T03:14:24.096Z,98,837,850,863,876,-177,902,915,928,941,-172,967,980,993,1006,-167,1032,1045,1058,1071,-162,1097,1110,1123,1136,-197,1162,1175,1188,1201,-192,1227,1240,1253,1266,-187
1777950864204,2026-05-05T03:14:24.204Z,99,840,853,866,879,-176,905,918,931,944,-171,970,983,996,1009,-166,1035,1048,1061,1074,-161,1100,1113,1126,1139,-196,1165,1178,1191,1204,-191,1230,1243,1256,1269,-186
1777950864314,2026-05-05T03:14:24.314Z,100,843,856,869,882,-175,908,921,934,947,-170,973,986,999,1012,-165,1038,1051,1064,1077,-200,1103,1116,1129,1142,-195,1168,1181,1194,1207,-190,1233,1246,1259,1272,-185
1777950864423,2026-05-05T03:14:24.423Z,101,846,859,872,885,-174,911,924,937,950,-169,976,989,1002,1015,-164,1041,1054,1067,1080,-199,1106,1119,1132,1145,-194,1171,1184,1197,1210,-189,1236,1249,1262,1275,-184
1777950864533,2026-05-05T03:14:24.533Z,102,849,862,875,888,-173,914,927,940,953,-168,979,992,1005,1018,-163,1044,1057,1070,1083,-198,1109,1122,1135,1148,-193,1174,1187,1200,1213,-188,1239,1252,1265,1278,-183
1777950864643,2026-05-05T03:14:24.643Z,103,852,865,878,891,-172,917,930,943,956,-167,982,995,1008,1021,-162,1047,1060,1073,1086,-197,1112,1125,1138,1151,-192,1177,1190,1203,1216,-187,1242,1255,1268,1281,-182
1777950864752,2026-05-05T03:14:24.752Z,104,855,868,881,894,-171,920,933,946,959,-166,985,998,1011,1024,-161,1050,1063,1076,1089,-196,1115,1128,1141,1154,-191,1180,1193,1206,1219,-186,1245,1258,1271,1284,-181
1777950864862,2026-05-05T03:14:24.862Z,105,858,871,884,897,-170,923,936,949,962,-165,988,1001,1014,1027,-200,1053,1066,1079,1092,-195,1118,1131,1144,1157,-190,1183,1196,1209,1222,-185,1248,1261,1274,1287,-180
1777950864971,2026-05-05T03:14:24.971Z,106,861,874,887,900,-169,926,939,952,965,-164,991,1004,1017,1030,-199,1056,1069,1082,1095,-194,1121,1134,1147,1160,-189,1186,1199,1212,1225,-184,1251,1264,1277,1290,-179
1777950865080,2026-05-05T03:14:25.080Z,107,864,877,890,903,-168,929,942,955,968,-163,994,1007,1020,1033,-198,1059,1072,1085,1098,-193,1124,1137,1150,1163,-188,1189,1202,1215,1228,-183,1254,1267,1280,1293,-178
1777950865190,2026-05-05T03:14:25.190Z,108,867,880,893,906,-167,932,945,958,971,-162,997,1010,1023,1036,-197,1062,1075,1088,1101,-192,1127,1140,1153,1166,-187,1192,1205,1218,1231,-182,1257,1270,1283,1296,-177
1777950865298,2026-05-05T03:14:25.298Z,109,870,883,896,909,-166,935,948,961,974,-161,1000,1013,1026,1039,-196,1065,1078,1091,1104,-191,1130,1143,1156,1169,-186,1195,1208,1221,1234,-181,1260,1273,1286,1299,-176
1777950865406,2026-05-05T03:14:25.406Z,110,873,886,899,912,-165,938,951,964,977,-200,1003,1016,1029,1042,-195,1068,1081,1094,1107,-190,1133,1146,1159,1172,-185,1198,1211,1224,1237,-180,1263,1276,1289,1302,-175
1777950865513,2026-05-05T03:14:25.513Z,111,876,889,902,915,-164,941,954,967,980,-199,1006,1019,1032,1045,-194,1071,1084,1097,1110,-189,1136,1149,1162,1175,-184,1201,1214,1227,1240,-179,1266,1279,1292,1305,-174
1777950865623,2026-05-05T03:14:25.623Z,112,879,892,905,918,-163,944,957,970,983,-198,1009,1022,1035,1048,-193,1074,1087,1100,1113,-188,1139,1152,1165,1178,-183,1204,1217,1230,1243,-178,1269,1282,1295,1308,-173
1777950865732,2026-05-05T03:14:25.732Z,113,882,895,908,921,-162,947,960,973,986,-197,1012,1025,1038,1051,-192,1077,1090,1103,1116,-187,1142,1155,1168,1181,-182,1207,1220,1233,1246,-177,1272,1285,1298,1311,-172
1777950865840,2026-05-05T03:14:25.840Z,114,885,898,911,924,-161,950,963,976,989,-196,1015,1028,1041,1054,-191,1080,1093,1106,1119,-186,1145,1158,1171,1184,-181,1210,1223,1236,1249,-176,1275,1288,1301,1314,-171
1777950865949,2026-05-05T03:14:25.949Z,115,888,901,914,927,-200,953,966,979,992,-195,1018,1031,1044,1057,-190,1083,1096,1109,1122,-185,1148,1161,1174,1187,-180,1213,1226,1239,1252,-175,1278,1291,1304,1317,-170
1777950866058,2026-05-05T03:14:26.058Z,116,891,904,917,930,-199,956,969,982,995,-194,1021,1034,1047,1060,-189,1086,1099,1112,1125,-184,1151,1164,1177,1190,-179,1216,1229,1242,1255,-174,1281,1294,1307,1320,-169
1777950866168,2026-05-05T03:14:26.168Z,117,894,907,920,933,-198,959,972,985,998,-193,1024,1037,1050,1063,-188,1089,1102,1115,1128,-183,1154,1167,1180,1193,-178,1219,1232,1245,1258,-173,1284,1297,1310,1323,-168
1777950866277,2026-05-05T03:14:26.277Z,118,897,910,923,936,-197,962,975,988,1001,-192,1027,1040,1053,1066,-187,1092,1105,1118,1131,-182,1157,1170,1183,1196,-177,1222,1235,1248,1261,-172,1287,1300,1313,1326,-167
1777950866387,2026-05-05T03:14:26.387Z,119,900,913,926,939,-196,965,978,991,1004,-191,1030,1043,1056,1069,-186,1095,1108,1121,1134,-181,1160,1173,1186,1199,-176,1225,1238,1251,1264,-171,1290,1303,1316,1329,-166
1777950866494,2026-05-05T03:14:26.494Z,120,813,826,839,852,-195,878,891,904,917,-190,943,956,969,982,-185,1008,1021,1034,1047,-180,1073,1086,1099,1112,-175,1138,1151,1164,1177,-170,1203,1216,1229,1242,-165
1777950866604,2026-05-05T03:14:26.604Z,121,816,829,842,855,-194,881,894,907,920,-189,946,959,972,985,-184,1011,1024,1037,1050,-179,1076,1089,1102,1115,-174,1141,1154,1167,1180,-169,1206,1219,1232,1245,-164
1777950866712,2026-05-05T03:14:26.712Z,122,819,832,845,858,-193,884,897,910,923,-188,949,962,975,988,-183,1014,1027,1040,1053,-178,1079,1092,1105,1118,-173,1144,1157,1170,1183,-168,1209,1222,1235,1248,-163
1777950866819,2026-05-05T03:14:26.819Z,123,822,835,848,861,-192,887,900,913,926,-187,952,965,978,991,-182,1017,1030,1043,1056,-177,1082,1095,1108,1121,-172,1147,1160,1173,1186,-167,1212,1225,1238,1251,-162
1777950866928,2026-05-05T03:14:26.928Z,124,825,838,851,864,-191,890,903,916,929,-186,955,968,981,994,-181,1020,1033,1046,1059,-176,1085,1098,1111,1124,-171,1150,1163,1176,1189,-166,1215,1228,1241,1254,-161
1777950867035,2026-05-05T03:14:27.035Z,125,828,841,854,867,-190,893,906,919,932,-185,958,971,984,997,-180,1023,1036,1049,1062,-175,1088,1101,1114,1127,-170,1153,1166,1179,1192,-165,1218,1231,1244,1257,-200
1777950867143,2026-05-05T03:14:27.143Z,126,831,844,857,870,-189,896,909,922,935,-184,961,974,987,1000,-179,1026,1039,1052,1065,-174,1091,1104,1117,1130,-169,1156,1169,1182,1195,-164,1221,1234,1247,1260,-199
1777950867252,2026-05-05T03:14:27.252Z,127,834,847,860,873,-188,899,912,925,938,-183,964,977,990,1003,-178,1029,1042,1055,1068,-173,1094,1107,1120,1133,-168,1159,1172,1185,1198,-163,1224,1237,1250,1263,-198
1777950867361,2026-05-05T03:14:27.361Z,128,837,850,863,876,-187,902,915,928,941,-182,967,980,993,1006,-177,1032,1045,1058,1071,-172,1097,1110,1123,1136,-167,1162,1175,1188,1201,-162,1227,1240,1253,1266,-197
1777950867469,2026-05-05T03:14:27.469Z,129,840,853,866,879,-186,905,918,931,944,-181,970,983,996,1009,-176,1035,1048,1061,1074,-171,1100,1113,1126,1139,-166,1165,1178,1191,1204,-161,1230,1243,1256,1269,-196
1777950867580,2026-05-05T03:14:27.580Z,130,843,856,869,882,-185,908,921,934,947,-180,973,986,999,1012,-175,1038,1051,1064,1077,-170,1103,1116,1129,1142,-165,1168,1181,1194,1207,-200,1233,1246,1259,1272,-195
1777950867687,2026-05-05T03:14:27.687Z,131,846,859,872,885,-184,911,924,937,950,-179,976,989,1002,1015,-174,1041,1054,1067,1080,-169,1106,1119,1132,1145,-164,1171,1184,1197,1210,-199,1236,1249,1262,1275,-194
1777950867798,2026-05-05T03:14:27.798Z,132,849,862,875,888,-183,914,927,940,953,-178,979,992,1005,1018,-173,1044,1057,1070,1083,-168,1109,1122,1135,1148,-163,1174,1187,1200,1213,-198,1239,1252,1265,1278,-193
1777950867907,2026-05-05T03:14:27.907Z,133,852,865,878,891,-182,917,930,943,956,-177,982,995,1008,1021,-172,1047,1060,1073,1086,-167,1112,1125,1138,1151,-162,1177,1190,1203,1216,-197,1242,1255,1268,1281,-192
1777950868016,2026-05-05T03:14:28.016Z,134,855,868,881,894,-181,920,933,946,959,-176,985,998,1011,1024,-171,1050,1063,1076,1089,-166,1115,1128,1141,1154,-161,1180,1193,1206,1219,-196,1245,1258,1271,1284,-191
1777950868126,2026-05-05T03:14:28.126Z,135,858,871,884,897,-180,923,936,949,962,-175,988,1001,1014,1027,-170,1053,1066,1079,1092,-165,1118,1131,1144,1157,-200,1183,1196,1209,1222,-195,1248,1261,1274,1287,-190
1777950868235,2026-05-05T03:14:28.235Z,136,861,874,887,900,-179,926,939,952,965,-174,991,1004,1017,1030,-169,1056,1069,1082,1095,-164,1121,1134,1147,1160,-199,1186,1199,1212,1225,-194,1251,1264,1277,1290,-189
1777950868343,2026-05-05T03:14:28.343Z,137,864,877,890,903,-178,929,942,955,968,-173,994,1007,1020,1033,-168,1059,1072,1085,1098,-163,1124,1137,1150,1163,-198,1189,1202,1215,1228,-193,1254,1267,1280,1293,-188
1777950868454,2026-05-05T03:14:28.454Z,138,867,880,893,906,-177,932,945,958,971,-172,997,1010,1023,1036,-167,1062,1075,1088,1101,-162,1127,1140,1153,1166,-197,1192,1205,1218,1231,-192,1257,1270,1283,1296,-187
1777950868561,2026-05-05T03:14:28.561Z,139,870,883,896,909,-176,935,948,961,974,-171,1000,1013,1026,1039,-166,1065,1078,1091,1104,-161,1130,1143,1156,1169,-196,1195,1208,1221,1234,-191,1260,1273,1286,1299,-186
1777950868670,2026-05-05T03:14:28.670Z,140,873,886,899,912,-175,938,951,964,977,-170,1003,1016,1029,1042,-165,1068,1081,1094,1107,-200,1133,1146,1159,1172,-195,1198,1211,1224,1237,-190,1263,1276,1289,1302,-185
1777950868779,2026-05-05T03:14:28.779Z,141,876,889,902,915,-174,941,954,967,980,-169,1006,1019,1032,1045,-164,1071,1084,1097,1110,-199,1136,1149,1162,1175,-194,1201,1214,1227,1240,-189,1266,1279,1292,1305,-184
1777950868887,2026-05-05T03:14:28.887Z,142,879,892,905,918,-173,944,957,970,983,-168,1009,1022,1035,1048,-163,1074,1087,1100,1113,-198,1139,1152,1165,1178,-193,1204,1217,1230,1243,-188,1269,1282,1295,1308,-183
1777950868996,2026-05-05T03:14:28.996Z,143,882,895,908,921,-172,947,960,973,986,-167,1012,1025,1038,1051,-162,1077,1090,1103,1116,-197,1142,1155,1168,1181,-192,1207,1220,1233,1246,-187,1272,1285,1298,1311,-182
1777950869106,2026-05-05T03:14:29.106Z,144,885,898,911,924,-171,950,963,976,989,-166,1015,1028,1041,1054,-161,1080,1093,1106,1119,-196,1145,1158,1171,1184,-191,1210,1223,1236,1249,-186,1275,1288,1301,1314,-181
1777950869215,2026-05-05T03:14:29.215Z,145,888,901,914,927,-170,953,966,979,992,-165,1018,1031,1044,1057,-200,1083,1096,1109,1122,-195,1148,1161,1174,1187,-190,1213,1226,1239,1252,-185,1278,1291,1304,1317,-180
1777950869325,2026-05-05T03:14:29.325Z,146,891,904,917,930,-169,956,969,982,995,-164,1021,1034,1047,1060,-199,1086,1099,1112,1125,-194,1151,1164,1177,1190,-189,1216,1229,1242,1255,-184,1281,1294,1307,1320,-179
1777950869434,2026-05-05T03:14:29.434Z,147,894,907,920,933,-168,959,972,985,998,-163,1024,1037,1050,1063,-198,1089,1102,1115,1128,-193,1154,1167,1180,1193,-188,1219,1232,1245,1258,-183,1284,1297,1310,1323,-178
1777950869543,2026-05-05T03:14:29.543Z,148,897,910,923,936,-167,962,975,988,1001,-162,1027,1040,1053,1066,-197,1092,1105,1118,1131,-192,1157,1170,1183,1196,-187,1222,1235,1248,1261,-182,1287,1300,1313,1326,-177
1777950869652,2026-05-05T03:14:29.652Z,149,900,913,926,939,-166,965,978,991,1004,-161,1030,1043,1056,1069,-196,1095,1108,1121,1134,-191,1160,1173,1186,1199,-186,1225,1238,1251,1264,-181,1290,1303,1316,1329,-176
1777950869759,2026-05-05T03:14:29.759Z,150,813,826,839,852,-165,878,891,904,917,-200,943,956,969,982,-195,1008,1021,1034,1047,-190,1073,1086,1099,1112,-185,1138,1151,1164,1177,-180,1203,1216,1229,1242,-175
1777950869868,2026-05-05T03:14:29.868Z,151,816,829,842,855,-164,881,894,907,920,-199,946,959,972,985,-194,1011,1024,1037,1050,-189,1076,1089,1102,1115,-184,1141,1154,1167,1180,-179,1206,1219,1232,1245,-174
1777950869976,2026-05-05T03:14:29.976Z,152,819,832,845,858,-163,884,897,910,923,-198,949,962,975,988,-193,1014,1027,1040,1053,-188,1079,1092,1105,1118,-183,1144,1157,1170,1183,-178,1209,1222,1235,1248,-173
1777950870084,2026-05-05T03:14:30.084Z,153,822,835,848,861,-162,887,900,913,926,-197,952,965,978,991,-192,1017,1030,1043,1056,-187,1082,1095,1108,1121,-182,1147,1160,1173,1186,-177,1212,1225,1238,1251,-172
1777950870194,2026-05-05T03:14:30.194Z,154,825,838,851,864,-161,890,903,916,929,-196,955,968,981,994,-191,1020,1033,1046,1059,-186,1085,1098,1111,1124,-181,1150,1163,1176,1189,-176,1215,1228,1241,1254,-171
1777950870304,2026-05-05T03:14:30.304Z,155,828,841,854,867,-200,893,906,919,932,-195,958,971,984,997,-190,1023,1036,1049,1062,-185,1088,1101,1114,1127,-180,1153,1166,1179,1192,-175,1218,1231,1244,1257,-170
1777950870412,2026-05-05T03:14:30.412Z,156,831,844,857,870,-199,896,909,922,935,-194,961,974,987,1000,-189,1026,1039,1052,1065,-184,1091,1104,1117,1130,-179,1156,1169,1182,1195,-174,1221,1234,1247,1260,-169
1777950870520,2026-05-05T03:14:30.520Z,157,834,847,860,873,-198,899,912,925,938,-193,964,977,990,1003,-188,1029,1042,1055,1068,-183,1094,1107,1120,1133,-178,1159,1172,1185,1198,-173,1224,1237,1250,1263,-168
1777950870628,2026-05-05T03:14:30.628Z,158,837,850,863,876,-197,902,915,928,941,-192,967,980,993,1006,-187,1032,1045,1058,1071,-182,1097,1110,1123,1136,-177,1162,1175,1188,1201,-172,1227,1240,1253,1266,-167
1777950870737,2026-05-05T03:14:30.737Z,159,840,853,866,879,-196,905,918,931,944,-191,970,983,996,1009,-186,1035,1048,1061,1074,-181,1100,1113,1126,1139,-176,1165,1178,1191,1204,-171,1230,1243,1256,1269,-166
1777950870846,2026-05-05T03:14:30.846Z,160,843,856,869,882,-195,908,921,934,947,-190,973,986,999,1012,-185,1038,1051,1064,1077,-180,1103,1116,1129,1142,-175,1168,1181,1194,1207,-170,1233,1246,1259,1272,-165
1777950870954,2026-05-05T03:14:30.954Z,161,846,859,872,885,-194,911,924,937,950,-189,976,989,1002,1015,-184,1041,1054,1067,1080,-179,1106,1119,1132,1145,-174,1171,1184,1197,1210,-169,1236,1249,1262,1275,-164
1777950871063,2026-05-05T03:14:31.063Z,162,849,862,875,888,-193,914,927,940,953,-188,979,992,1005,1018,-183,1044,1057,1070,1083,-178,1109,1122,1135,1148,-173,1174,1187,1200,1213,-168,1239,1252,1265,1278,-163
1777950871172,2026-05-05T03:14:31.172Z,163,852,865,878,891,-192,917,930,943,956,-187,982,995,1008,1021,-182,1047,1060,1073,1086,-177,1112,1125,1138,1151,-172,1177,1190,1203,1216,-167,1242,1255,1268,1281,-162
1777950871281,2026-05-05T03:14:31.281Z,164,855,868,881,894,-191,920,933,946,959,-186,985,998,1011,1024,-181,1050,1063,1076,1089,-176,1115,1128,1141,1154,-171,1180,1193,1206,1219,-166,1245,1258,1271,1284,-161
1777950871390,2026-05-05T03:14:31.390Z,165,858,871,884,897,-190,923,936,949,962,-185,988,1001,1014,1027,-180,1053,1066,1079,1092,-175,1118,1131,1144,1157,-170,1183,1196,1209,1222,-165,1248,1261,1274,1287,-200
1777950871497,2026-05-05T03:14:31.497Z,166,861,874,887,900,-189,926,939,952,965,-184,991,1004,1017,1030,-179,1056,1069,1082,1095,-174,1121,1134,1147,1160,-169,1186,1199,1212,1225,-164,1251,1264,1277,1290,-199
1777950871606,2026-05-05T03:14:31.606Z,167,864,877,890,903,-188,929,942,955,968,-183,994,1007,1020,1033,-178,1059,1072,1085,1098,-173,1124,1137,1150,1163,-168,1189,1202,1215,1228,-163,1254,1267,1280,1293,-198
1777950871717,2026-05-05T03:14:31.717Z,168,867,880,893,906,-187,932,945,958,971,-182,997,1010,1023,1036,-177,1062,1075,1088,1101,-172,1127,1140,1153,1166,-167,1192,1205,1218,1231,-162,1257,1270,1283,1296,-197
1777950871826,2026-05-05T03:14:31.826Z,169,870,883,896,909,-186,935,948,961,974,-181,1000,1013,1026,1039,-176,1065,1078,1091,1104,-171,1130,1143,1156,1169,-166,1195,1208,1221,1234,-161,1260,1273,1286,1299,-196
1777950871934,2026-05-05T03:14:31.934Z,170,873,886,899,912,-185,938,951,964,977,-180,1003,1016,1029,1042,-175,1068,1081,1094,1107,-170,1133,1146,1159,1172,-165,1198,1211,1224,1237,-200,1263,1276,1289,1302,-195
1777950872044,2026-05-05T03:14:32.044Z,171,876,889,902,915,-184,941,954,967,980,-179,1006,1019,1032,1045,-174,1071,1084,1097,1110,-169,1136,1149,1162,1175,-164,1201,1214,1227,1240,-199,1266,1279,1292,1305,-194
1777950872151,2026-05-05T03:14:32.151Z,172,879,892,905,918,-183,944,957,970,983,-178,1009,1022,1035,1048,-173,1074,1087,1100,1113,-168,1139,1152,1165,1178,-163,1204,1217,1230,1243,-198,1269,1282,1295,1308,-193
1777950872259,2026-05-05T03:14:32.259Z,173,882,895,908,921,-182,947,960,973,986,-177,1012,1025,1038,1051,-172,1077,1090,1103,1116,-167,1142,1155,1168,1181,-162,1207,1220,1233,1246,-197,1272,1285,1298,1311,-192
1777950872368,2026-05-05T03:14:32.368Z,174,885,898,911,924,-181,950,963,976,989,-176,1015,1028,1041,1054,-171,1080,1093,1106,1119,-166,1145,1158,1171,1184,-161,1210,1223,1236,1249,-196,1275,1288,1301,1314,-191
1777950872477,2026-05-05T03:14:32.477Z,175,888,901,914,927,-180,953,966,979,992,-175,1018,1031,1044,1057,-170,1083,1096,1109,1122,-165,1148,1161,1174,1187,-200,1213,1226,1239,1252,-195,1278,1291,1304,1317,-190
1777950872585,2026-05-05T03:14:32.585Z,176,891,904,917,930,-179,956,969,982,995,-174,1021,1034,1047,1060,-169,1086,1099,1112,1125,-164,1151,1164,1177,1190,-199,1216,1229,1242,1255,-194,1281,1294,1307,1320,-189
1777950872694,2026-05-05T03:14:32.694Z,177,894,907,920,933,-178,959,972,985,998,-173,1024,1037,1050,1063,-168,1089,1102,1115,1128,-163,1154,1167,1180,1193,-198,1219,1232,1245,1258,-193,1284,1297,1310,1323,-188
1777950872802,2026-05-05T03:14:32.802Z,178,897,910,923,936,-177,962,975,988,1001,-172,1027,1040,1053,1066,-167,1092,1105,1118,1131,-162,1157,1170,1183,1196,-197,1222,1235,1248,1261,-192,1287,1300,1313,1326,-187
1777950872910,2026-05-05T03:14:32.910Z,179,900,913,926,939,-176,965,978,991,1004,-171,1030,1043,1056,1069,-166,1095,1108,1121,1134,-161,1160,1173,1186,1199,-196,1225,1238,1251,1264,-191,1290,1303,1316,1329,-186
1777950873019,2026-05-05T03:14:33.019Z,180,813,826,839,852,-175,878,891,904,917,-170,943,956,969,982,-165,1008,1021,1034,1047,-200,1073,1086,1099,1112,-195,1138,1151,1164,1177,-190,1203,1216,1229,1242,-185
1777950873128,2026-05-05T03:14:33.128Z,181,816,829,842,855,-174,881,894,907,920,-169,946,959,972,985,-164,1011,1024,1037,1050,-199,1076,1089,1102,1115,-194,1141,1154,1167,1180,-189,1206,1219,1232,1245,-184
1777950873236,2026-05-05T03:14:33.236Z,182,819,832,845,858,-173,884,897,910,923,-168,949,962,975,988,-163,1014,1027,1040,1053,-198,1079,1092,1105,1118,-193,1144,1157,1170,1183,-188,1209,1222,1235,1248,-183
1777950873345,2026-05-05T03:14:33.345Z,183,822,835,848,861,-172,887,900,913,926,-167,952,965,978,991,-162,1017,1030,1043,1056,-197,1082,1095,1108,1121,-192,1147,1160,1173,1186,-187,1212,1225,1238,1251,-182
1777950873454,2026-05-05T03:14:33.454Z,184,825,838,851,864,-171,890,903,916,929,-166,955,968,981,994,-161,1020,1033,1046,1059,-196,1085,1098,1111,1124,-191,1150,1163,1176,1189,-186,1215,1228,1241,1254,-181
1777950873563,2026-05-05T03:14:33.563Z,185,828,841,854,867,-170,893,906,919,932,-165,958,971,984,997,-200,1023,1036,1049,1062,-195,1088,1101,1114,1127,-190,1153,1166,1179,1192,-185,1218,1231,1244,1257,-180
1777950873671,2026-05-05T03:14:33.671Z,186,831,844,857,870,-169,896,909,922,935,-164,961,974,987,1000,-199,1026,1039,1052,1065,-194,1091,1104,1117,1130,-189,1156,1169,1182,1195,-184,1221,1234,1247,1260,-179
1777950873781,2026-05-05T03:14:33.781Z,187,834,847,860,873,-168,899,912,925,938,-163,964,977,990,1003,-198,1029,1042,1055,1068,-193,1094,1107,1120,1133,-188,1159,1172,1185,1198,-183,1224,1237,1250,1263,-178
1777950873891,2026-05-05T03:14:33.891Z,188,837,850,863,876,-167,902,915,928,941,-162,967,980,993,1006,-197,1032,1045,1058,1071,-192,1097,1110,1123,1136,-187,1162,1175,1188,1201,-182,1227,1240,1253,1266,-177
1777950874001,2026-05-05T03:14:34.001Z,189,840,853,866,879,-166,905,918,931,944,-161,970,983,996,1009,-196,1035,1048,1061,1074,-191,1100,1113,1126,1139,-186,1165,1178,1191,1204,-181,1230,1243,1256,1269,-176
1777950874110,2026-05-05T03:14:34.110Z,190,843,856,869,882,-165,908,921,934,947,-200,973,986,999,1012,-195,1038,1051,1064,1077,-190,1103,1116,1129,1142,-185,1168,1181,1194,1207,-180,1233,1246,1259,1272,-175
1777950874218,2026-05-05T03:14:34.218Z,191,846,859,872,885,-164,911,924,937,950,-199,976,989,1002,1015,-194,1041,1054,1067,1080,-189,1106,1119,1132,1145,-184,1171,1184,1197,1210,-179,1236,1249,1262,1275,-174
1777950874327,2026-05-05T03:14:34.327Z,192,849,862,875,888,-163,914,927,940,953,-198,979,992,1005,1018,-193,1044,1057,1070,1083,-188,1109,1122,1135,1148,-183,1174,1187,1200,1213,-178,1239,1252,1265,1278,-173
1777950874436,2026-05-05T03:14:34.436Z,193,852,865,878,891,-162,917,930,943,956,-197,982,995,1008,1021,-192,1047,1060,1073,1086,-187,1112,1125,1138,1151,-182,1177,1190,1203,1216,-177,1242,1255,1268,1281,-172
1777950874544,2026-05-05T03:14:34.544Z,194,855,868,881,894,-161,920,933,946,959,-196,985,998,1011,1024,-191,1050,1063,1076,1089,-186,1115,1128,1141,1154,-181,1180,1193,1206,1219,-176,1245,1258,1271,1284,-171
1777950874653,2026-05-05T03:14:34.653Z,195,858,871,884,897,-200,923,936,949,962,-195,988,1001,1014,1027,-190,1053,1066,1079,1092,-185,1118,1131,1144,1157,-180,1183,1196,1209,1222,-175,1248,1261,1274,1287,-170
1777950874761,2026-05-05T03:14:34.761Z,196,861,874,887,900,-199,926,939,952,965,-194,991,1004,1017,1030,-189,1056,1069,1082,1095,-184,1121,1134,1147,1160,-179,1186,1199,1212,1225,-174,1251,1264,1277,1290,-169
1777950874869,2026-05-05T03:14:34.869Z,197,864,877,890,903,-198,929,942,955,968,-193,994,1007,1020,1033,-188,1059,1072,1085,1098,-183,1124,1137,1150,1163,-178,1189,1202,1215,1228,-173,1254,1267,1280,1293,-168
1777950874978,2026-05-05T03:14:34.978Z,198,867,880,893,906,-197,932,945,958,971,-192,997,1010,1023,1036,-187,1062,1075,1088,1101,-182,1127,1140,1153,1166,-177,1192,1205,1218,1231,-172,1257,1270,1283,1296,-167
1777950875084,2026-05-05T03:14:35.084Z,199,870,883,896,909,-196,935,948,961,974,-191,1000,1013,1026,1039,-186,1065,1078,1091,1104,-181,1130,1143,1156,1169,-176,1195,1208,1221,1234,-171,1260,1273,1286,1299,-166
1777950875194,2026-05-05T03:14:35.194Z,200,873,886,899,912,-195,938,951,964,977,-190,1003,1016,1029,1042,-185,1068,1081,1094,1107,-180,1133,1146,1159,1172,-175,1198,1211,1224,1237,-170,1263,1276,1289,1302,-165
1777950875302,2026-05-05T03:14:35.302Z,201,876,889,902,915,-194,941,954,967,980,-189,1006,1019,1032,1045,-184,1071,1084,1097,1110,-179,1136,1149,1162,1175,-174,1201,1214,1227,1240,-169,1266,1279,1292,1305,-164
1777950875410,2026-05-05T03:14:35.410Z,202,879,892,905,918,-193,944,957,970,983,-188,1009,1022,1035,1048,-183,1074,1087,1100,1113,-178,1139,1152,1165,1178,-173,1204,1217,1230,1243,-168,1269,1282,1295,1308,-163
1777950875518,2026-05-05T03:14:35.518Z,203,882,895,908,921,-192,947,960,973,986,-187,1012,1025,1038,1051,-182,1077,1090,1103,1116,-177,1142,1155,1168,1181,-172,1207,1220,1233,1246,-167,1272,1285,1298,1311,-162
1777950875627,2026-05-05T03:14:35.627Z,204,885,898,911,924,-191,950,963,976,989,-186,1015,1028,1041,1054,-181,1080,1093,1106,1119,-176,1145,1158,1171,1184,-171,1210,1223,1236,1249,-166,1275,1288,1301,1314,-161
1777950875736,2026-05-05T03:14:35.736Z,205,888,901,914,927,-190,953,966,979,992,-185,1018,1031,1044,1057,-180,1083,1096,1109,1122,-175,1148,1161,1174,1187,-170,1213,1226,1239,1252,-165,1278,1291,1304,1317,-200
1777950875844,2026-05-05T03:14:35.844Z,206,891,904,917,930,-189,956,969,982,995,-184,1021,1034,1047,1060,-179,1086,1099,1112,1125,-174,1151,1164,1177,1190,-169,1216,1229,1242,1255,-164,1281,1294,1307,1320,-199
1777950875952,2026-05-05T03:14:35.952Z,207,894,907,920,933,-188,959,972,985,998,-183,1024,1037,1050,1063,-178,1089,1102,1115,1128,-173,1154,1167,1180,1193,-168,1219,1232,1245,1258,-163,1284,1297,1310,1323,-198
1777950876060,2026-05-05T03:14:36.060Z,208,897,910,923,936,-187,962,975,988,1001,-182,1027,1040,1053,1066,-177,1092,1105,1118,1131,-172,1157,1170,1183,1196,-167,1222,1235,1248,1261,-162,1287,1300,1313,1326,-197
1777950876169,2026-05-05T03:14:36.169Z,209,900,913,926,939,-186,965,978,991,1004,-181,1030,1043,1056,1069,-176,1095,1108,1121,1134,-171,1160,1173,1186,1199,-166,1225,1238,1251,1264,-161,1290,1303,1316,1329,-196
1777950876278,2026-05-05T03:14:36.278Z,210,813,826,839,852,-185,878,891,904,917,-180,943,956,969,982,-175,1008,1021,1034,1047,-170,1073,1086,1099,1112,-165,1138,1151,1164,1177,-200,1203,1216,1229,1242,-195
1777950876388,2026-05-05T03:14:36.388Z,211,816,829,842,855,-184,881,894,907,920,-179,946,959,972,985,-174,1011,1024,1037,1050,-169,1076,1089,1102,1115,-164,1141,1154,1167,1180,-199,1206,1219,1232,1245,-194
1777950876496,2026-05-05T03:14:36.496Z,212,819,832,845,858,-183,884,897,910,923,-178,949,962,975,988,-173,1014,1027,1040,1053,-168,1079,1092,1105,1118,-163,1144,1157,1170,1183,-198,1209,1222,1235,1248,-193
1777950876604,2026-05-05T03:14:36.604Z,213,822,835,848,861,-182,887,900,913,926,-177,952,965,978,991,-172,1017,1030,1043,1056,-167,1082,1095,1108,1121,-162,1147,1160,1173,1186,-197,1212,1225,1238,1251,-192
1777950876714,2026-05-05T03:14:36.714Z,214,825,838,851,864,-181,890,903,916,929,-176,955,968,981,994,-171,1020,1033,1046,1059,-166,1085,1098,1111,1124,-161,1150,1163,1176,1189,-196,1215,1228,1241,1254,-191
1777950876821,2026-05-05T03:14:36.821Z,215,828,841,854,867,-180,893,906,919,932,-175,958,971,984,997,-170,1023,1036,1049,1062,-165,1088,1101,1114,1127,-200,1153,1166,1179,1192,-195,1218,1231,1244,1257,-190
1777950876930,2026-05-05T03:14:36.930Z,216,831,844,857,870,-179,896,909,922,935,-174,961,974,987,1000,-169,1026,1039,1052,1065,-164,1091,1104,1117,1130,-199,1156,1169,1182,1195,-194,1221,1234,1247,1260,-189
1777950877038,2026-05-05T03:14:37.038Z,217,834,847,860,873,-178,899,912,925,938,-173,964,977,990,1003,-168,1029,1042,1055,1068,-163,1094,1107,1120,1133,-198,1159,1172,1185,1198,-193,1224,1237,1250,1263,-188
1777950877147,2026-05-05T03:14:37.147Z,218,837,850,863,876,-177,902,915,928,941,-172,967,980,993,1006,-167,1032,1045,1058,1071,-162,1097,1110,1123,1136,-197,1162,1175,1188,1201,-192,1227,1240,1253,1266,-187
1777950877256,2026-05-05T03:14:37.256Z,219,840,853,866,879,-176,905,918,931,944,-171,970,983,996,1009,-166,1035,1048,1061,1074,-161,1100,1113,1126,1139,-196,1165,1178,1191,1204,-191,1230,1243,1256,1269,-186
1777950877363,2026-05-05T03:14:37.363Z,220,843,856,869,882,-175,908,921,934,947,-170,973,986,999,1012,-165,1038,1051,1064,1077,-200,1103,1116,1129,1142,-195,1168,1181,1194,1207,-190,1233,1246,1259,1272,-185
1777950877472,2026-05-05T03:14:37.472Z,221,846,859,872,885,-174,911,924,937,950,-169,976,989,1002,1015,-164,1041,1054,1067,1080,-199,1106,1119,1132,1145,-194,1171,1184,1197,1210,-189,1236,1249,1262,1275,-184
1777950877581,2026-05-05T03:14:37.581Z,222,849,862,875,888,-173,914,927,940,953,-168,979,992,1005,1018,-163,1044,1057,1070,1083,-198,1109,1122,1135,1148,-193,1174,1187,1200,1213,-188,1239,1252,1265,1278,-183
1777950877689,2026-05-05T03:14:37.689Z,223,852,865,878,891,-172,917,930,943,956,-167,982,995,1008,1021,-162,1047,1060,1073,1086,-197,1112,1125,1138,1151,-192,1177,1190,1203,1216,-187,1242,1255,1268,1281,-182
1777950877798,2026-05-05T03:14:37.798Z,224,855,868,881,894,-171,920,933,946,959,-166,985,998,1011,1024,-161,1050,1063,1076,1089,-196,1115,1128,1141,1154,-191,1180,1193,1206,1219,-186,1245,1258,1271,1284,-181
1777950877907,2026-05-05T03:14:37.907Z,225,858,871,884,897,-170,923,936,949,962,-165,988,1001,1014,1027,-200,1053,1066,1079,1092,-195,1118,1131,1144,1157,-190,1183,1196,1209,1222,-185,1248,1261,1274,1287,-180
1777950878014,2026-05-05T03:14:38.014Z,226,861,874,887,900,-169,926,939,952,965,-164,991,1004,1017,1030,-199,1056,1069,1082,1095,-194,1121,1134,1147,1160,-189,1186,1199,1212,1225,-184,1251,1264,1277,1290,-179
1777950878123,2026-05-05T03:14:38.123Z,227,864,877,890,903,-168,929,942,955,968,-163,994,1007,1020,1033,-198,1059,1072,1085,1098,-193,1124,1137,1150,1163,-188,1189,1202,1215,1228,-183,1254,1267,1280,1293,-178
1777950878233,2026-05-05T03:14:38.233Z,228,867,880,893,906,-167,932,945,958,971,-162,997,1010,1023,1036,-197,1062,1075,1088,1101,-192,1127,1140,1153,1166,-187,1192,1205,1218,1231,-182,1257,1270,1283,1296,-177
1777950878340,2026-05-05T03:14:38.340Z,229,870,883,896,909,-166,935,948,961,974,-161,1000,1013,1026,1039,-196,1065,1078,1091,1104,-191,1130,1143,1156,1169,-186,1195,1208,1221,1234,-181,1260,1273,1286,1299,-176
1777950878450,2026-05-05T03:14:38.450Z,230,873,886,899,912,-165,938,951,964,977,-200,1003,1016,1029,1042,-195,1068,1081,1094,1107,-190,1133,1146,1159,1172,-185,1198,1211,1224,1237,-180,1263,1276,1289,1302,-175
1777950878559,2026-05-05T03:14:38.559Z,231,876,889,902,915,-164,941,954,967,980,-199,1006,1019,1032,1045,-194,1071,1084,1097,1110,-189,1136,1149,1162,1175,-184,1201,1214,1227,1240,-179,1266,1279,1292,1305,-174
1777950878668,2026-05-05T03:14:38.668Z,232,879,892,905,918,-163,944,957,970,983,-198,1009,1022,1035,1048,-193,1074,1087,1100,1113,-188,1139,1152,1165,1178,-183,1204,1217,1230,1243,-178,1269,1282,1295,1308,-173
1777950878776,2026-05-05T03:14:38.776Z,233,882,895,908,921,-162,947,960,973,986,-197,1012,1025,1038,1051,-192,1077,1090,1103,1116,-187,1142,1155,1168,1181,-182,1207,1220,1233,1246,-177,1272,1285,1298,1311,-172
1777950878885,2026-05-05T03:14:38.885Z,234,885,898,911,924,-161,950,963,976,989,-196,1015,1028,1041,1054,-191,1080,1093,1106,1119,-186,1145,1158,1171,1184,-181,1210,1223,1236,1249,-176,1275,1288,1301,1314,-171
1777950878993,2026-05-05T03:14:38.993Z,235,888,901,914,927,-200,953,966,979,992,-195,1018,1031,1044,1057,-190,1083,1096,1109,1122,-185,1148,1161,1174,1187,-180,1213,1226,1239,1252,-175,1278,1291,1304,1317,-170
1777950879102,2026-05-05T03:14:39.102Z,236,891,904,917,930,-199,956,969,982,995,-194,1021,1034,1047,1060,-189,1086,1099,1112,1125,-184,1151,1164,1177,1190,-179,1216,1229,1242,1255,-174,1281,1294,1307,1320,-169
1777950879211,2026-05-05T03:14:39.211Z,237,894,907,920,933,-198,959,972,985,998,-193,1024,1037,1050,1063,-188,1089,1102,1115,1128,-183,1154,1167,1180,1193,-178,1219,1232,1245,1258,-173,1284,1297,1310,1323,-168
1777950879320,2026-05-05T03:14:39.320Z,238,897,910,923,936,-197,962,975,988,1001,-192,1027,1040,1053,1066,-187,1092,1105,1118,1131,-182,1157,1170,1183,1196,-177,1222,1235,1248,1261,-172,1287,1300,1313,1326,-167
1777950879429,2026-05-05T03:14:39.429Z,239,900,913,926,939,-196,965,978,991,1004,-191,1030,1043,1056,1069,-186,1095,1108,1121,1134,-181,1160,1173,1186,1199,-176,1225,1238,1251,1264,-171,1290,1303,1316,1329,-166
1777950879538,2026-05-05T03:14:39.538Z,240,813,826,839,852,-195,878,891,904,917,-190,943,956,969,982,-185,1008,1021,1034,1047,-180,1073,1086,1099,1112,-175,1138,1151,1164,1177,-170,1203,1216,1229,1242,-165
1777950879648,2026-05-05T03:14:39.648Z,241,816,829,842,855,-194,881,894,907,920,-189,946,959,972,985,-184,1011,1024,1037,1050,-179,1076,1089,1102,1115,-174,1141,1154,1167,1180,-169,1206,1219,1232,1245,-164
1777950879757,2026-05-05T03:14:39.757Z,242,819,832,845,858,-193,884,897,910,923,-188,949,962,975,988,-183,1014,1027,1040,1053,-178,1079,1092,1105,1118,-173,1144,1157,1170,1183,-168,1209,1222,1235,1248,-163
1777950879865,2026-05-05T03:14:39.865Z,243,822,835,848,861,-192,887,900,913,926,-187,952,965,978,991,-182,1017,1030,1043,1056,-177,1082,1095,1108,1121,-172,1147,1160,1173,1186,-167,1212,1225,1238,1251,-162
1777950879974,2026-05-05T03:14:39.974Z,244,825,838,851,864,-191,890,903,916,929,-186,955,968,981,994,-181,1020,1033,1046,1059,-176,1085,1098,1111,1124,-171,1150,1163,1176,1189,-166,1215,1228,1241,1254,-161
1777950880083,2026-05-05T03:14:40.083Z,245,828,841,854,867,-190,893,906,919,932,-185,958,971,984,997,-180,1023,1036,1049,1062,-175,1088,1101,1114,1127,-170,1153,1166,1179,1192,-165,1218,1231,1244,1257,-200
1777950880193,2026-05-05T03:14:40.193Z,246,831,844,857,870,-189,896,909,922,935,-184,961,974,987,1000,-179,1026,1039,1052,1065,-174,1091,1104,1117,1130,-169,1156,1169,1182,1195,-164,1221,1234,1247,1260,-199
1777950880302,2026-05-05T03:14:40.302Z,247,834,847,860,873,-188,899,912,925,938,-183,964,977,990,1003,-178,1029,1042,1055,1068,-173,1094,1107,1120,1133,-168,1159,1172,1185,1198,-163,1224,1237,1250,1263,-198
1777950880411,2026-05-05T03:14:40.411Z,248,837,850,863,876,-187,902,915,928,941,-182,967,980,993,1006,-177,1032,1045,1058,1071,-172,1097,1110,1123,1136,-167,1162,1175,1188,1201,-162,1227,1240,1253,1266,-197
1777950880521,2026-05-05T03:14:40.521Z,249,840,853,866,879,-186,905,918,931,944,-181,970,983,996,1009,-176,1035,1048,1061,1074,-171,1100,1113,1126,1139,-166,1165,1178,1191,1204,-161,1230,1243,1256,1269,-196
1777950880629,2026-05-05T03:14:40.629Z,250,843,856,869,882,-185,908,921,934,947,-180,973,986,999,1012,-175,1038,1051,1064,1077,-170,1103,1116,1129,1142,-165,1168,1181,1194,1207,-200,1233,1246,1259,1272,-195
1777950880739,2026-05-05T03:14:40.739Z,251,846,859,872,885,-184,911,924,937,950,-179,976,989,1002,1015,-174,1041,1054,1067,1080,-169,1106,1119,1132,1145,-164,1171,1184,1197,1210,-199,1236,1249,1262,1275,-194
1777950880847,2026-05-05T03:14:40.847Z,252,849,862,875,888,-183,914,927,940,953,-178,979,992,1005,1018,-173,1044,1057,1070,1083,-168,1109,1122,1135,1148,-163,1174,1187,1200,1213,-198,1239,1252,1265,1278,-193
1777950880957,2026-05-05T03:14:40.957Z,253,852,865,878,891,-182,917,930,943,956,-177,982,995,1008,1021,-172,1047,1060,1073,1086,-167,1112,1125,1138,1151,-162,1177,1190,1203,1216,-197,1242,1255,1268,1281,-192
1777950881067,2026-05-05T03:14:41.067Z,254,855,868,881,894,-181,920,933,946,959,-176,985,998,1011,1024,-171,1050,1063,1076,1089,-166,1115,1128,1141,1154,-161,1180,1193,1206,1219,-196,1245,1258,1271,1284,-191
1777950881175,2026-05-05T03:14:41.175Z,255,858,871,884,897,-180,923,936,949,962,-175,988,1001,1014,1027,-170,1053,1066,1079,1092,-165,1118,1131,1144,1157,-200,1183,1196,1209,1222,-195,1248,1261,1274,1287,-190
1777950881283,2026-05-05T03:14:41.283Z,256,861,874,887,900,-179,926,939,952,965,-174,991,1004,1017,1030,-169,1056,1069,1082,1095,-164,1121,1134,1147,1160,-199,1186,1199,1212,1225,-194,1251,1264,1277,1290,-189
1777950881391,2026-05-05T03:14:41.391Z,257,864,877,890,903,-178,929,942,955,968,-173,994,1007,1020,1033,-168,1059,1072,1085,1098,-163,1124,1137,1150,1163,-198,1189,1202,1215,1228,-193,1254,1267,1280,1293,-188
1777950881500,2026-05-05T03:14:41.500Z,258,867,880,893,906,-177,932,945,958,971,-172,997,1010,1023,1036,-167,1062,1075,1088,1101,-162,1127,1140,1153,1166,-197,1192,1205,1218,1231,-192,1257,1270,1283,1296,-187
1777950881609,2026-05-05T03:14:41.609Z,259,870,883,896,909,-176,935,948,961,974,-171,1000,1013,1026,1039,-166,1065,1078,1091,1104,-161,1130,1143,1156,1169,-196,1195,1208,1221,1234,-191,1260,1273,1286,1299,-186
1777950881718,2026-05-05T03:14:41.718Z,260,873,886,899,912,-175,938,951,964,977,-170,1003,1016,1029,1042,-165,1068,1081,1094,1107,-200,1133,1146,1159,1172,-195,1198,1211,1224,1237,-190,1263,1276,1289,1302,-185
1777950881828,2026-05-05T03:14:41.828Z,261,876,889,902,915,-174,941,954,967,980,-169,1006,1019,1032,1045,-164,1071,1084,1097,1110,-199,1136,1149,1162,1175,-194,1201,1214,1227,1240,-189,1266,1279,1292,1305,-184
1777950881938,2026-05-05T03:14:41.938Z,262,879,892,905,918,-173,944,957,970,983,-168,1009,1022,1035,1048,-163,1074,1087,1100,1113,-198,1139,1152,1165,1178,-193,1204,1217,1230,1243,-188,1269,1282,1295,1308,-183
1777950882047,2026-05-05T03:14:42.047Z,263,882,895,908,921,-172,947,960,973,986,-167,1012,1025,1038,1051,-162,1077,1090,1103,1116,-197,1142,1155,1168,1181,-192,1207,1220,1233,1246,-187,1272,1285,1298,1311,-182
1777950882154,2026-05-05T03:14:42.154Z,264,885,898,911,924,-171,950,963,976,989,-166,1015,1028,1041,1054,-161,1080,1093,1106,1119,-196,1145,1158,1171,1184,-191,1210,1223,1236,1249,-186,1275,1288,1301,1314,-181
1777950882264,2026-05-05T03:14:42.264Z,265,888,901,914,927,-170,953,966,979,992,-165,1018,1031,1044,1057,-200,1083,1096,1109,1122,-195,1148,1161,1174,1187,-190,1213,1226,1239,1252,-185,1278,1291,1304,1317,-180
1777950882373,2026-05-05T03:14:42.373Z,266,891,904,917,930,-169,956,969,982,995,-164,1021,1034,1047,1060,-199,1086,1099,1112,1125,-194,1151,1164,1177,1190,-189,1216,1229,1242,1255,-184,1281,1294,1307,1320,-179
1777950882481,2026-05-05T03:14:42.481Z,267,894,907,920,933,-168,959,972,985,998,-163,1024,1037,1050,1063,-198,1089,1102,1115,1128,-193,1154,1167,1180,1193,-188,1219,1232,1245,1258,-183,1284,1297,1310,1323,-178
1777950882590,2026-05-05T03:14:42.590Z,268,897,910,923,936,-167,962,975,988,1001,-162,1027,1040,1053,1066,-197,1092,1105,1118,1131,-192,1157,1170,1183,1196,-187,1222,1235,1248,1261,-182,1287,1300,1313,1326,-177
1777950882699,2026-05-05T03:14:42.699Z,269,900,913,926,939,-166,965,978,991,1004,-161,1030,1043,1056,1069,-196,1095,1108,1121,1134,-191,1160,1173,1186,1199,-186,1225,1238,1251,1264,-181,1290,1303,1316,1329,-176
1777950882809,2026-05-05T03:14:42.809Z,270,813,826,839,852,-165,878,891,904,917,-200,943,956,969,982,-195,1008,1021,1034,1047,-190,1073,1086,1099,1112,-185,1138,1151,1164,1177,-180,1203,1216,1229,1242,-175
1777950882917,2026-05-05T03:14:42.917Z,271,816,829,842,855,-164,881,894,907,920,-199,946,959,972,985,-194,1011,1024,1037,1050,-189,1076,1089,1102,1115,-184,1141,1154,1167,1180,-179,1206,1219,1232,1245,-174
1777950883026,2026-05-05T03:14:43.026Z,272,819,832,845,858,-163,884,897,910,923,-198,949,962,975,988,-193,1014,1027,1040,1053,-188,1079,1092,1105,1118,-183,1144,1157,1170,1183,-178,1209,1222,1235,1248,-173
1777950883134,2026-05-05T03:14:43.134Z,273,822,835,848,861,-162,887,900,913,926,-197,952,965,978,991,-192,1017,1030,1043,1056,-187,1082,1095,1108,1121,-182,1147,1160,1173,1186,-177,1212,1225,1238,1251,-172
1777950883245,2026-05-05T03:14:43.245Z,274,825,838,851,864,-161,890,903,916,929,-196,955,968,981,994,-191,1020,1033,1046,1059,-186,1085,1098,1111,1124,-181,1150,1163,1176,1189,-176,1215,1228,1241,1254,-171
1777950883353,2026-05-05T03:14:43.353Z,275,828,841,854,867,-200,893,906,919,932,-195,958,971,984,997,-190,1023,1036,1049,1062,-185,1088,1101,1114,1127,-180,1153,1166,1179,1192,-175,1218,1231,1244,1257,-170
1777950883462,2026-05-05T03:14:43.462Z,276,831,844,857,870,-199,896,909,922,935,-194,961,974,987,1000,-189,1026,1039,1052,1065,-184,1091,1104,1117,1130,-179,1156,1169,1182,1195,-174,1221,1234,1247,1260,-169
1777950883570,2026-05-05T03:14:43.570Z,277,834,847,860,873,-198,899,912,925,938,-193,964,977,990,1003,-188,1029,1042,1055,1068,-183,1094,1107,1120,1133,-178,1159,1172,1185,1198,-173,1224,1237,1250,1263,-168
1777950883678,2026-05-05T03:14:43.678Z,278,837,850,863,876,-197,902,915,928,941,-192,967,980,993,1006,-187,1032,1045,1058,1071,-182,1097,1110,1123,1136,-177,1162,1175,1188,1201,-172,1227,1240,1253,1266,-167
1777950883787,2026-05-05T03:14:43.787Z,279,840,853,866,879,-196,905,918,931,944,-191,970,983,996,1009,-186,1035,1048,1061,1074,-181,1100,1113,1126,1139,-176,1165,1178,1191,1204,-171,1230,1243,1256,1269,-166
1777950883896,2026-05-05T03:14:43.896Z,280,843,856,869,882,-195,908,921,934,947,-190,973,986,999,1012,-185,1038,1051,1064,1077,-180,1103,1116,1129,1142,-175,1168,1181,1194,1207,-170,1233,1246,1259,1272,-165
1777950884005,2026-05-05T03:14:44.005Z,281,846,859,872,885,-194,911,924,937,950,-189,976,989,1002,1015,-184,1041,1054,1067,1080,-179,1106,1119,1132,1145,-174,1171,1184,1197,1210,-169,1236,1249,1262,1275,-164
1777950884115,2026-05-05T03:14:44.115Z,282,849,862,875,888,-193,914,927,940,953,-188,979,992,1005,1018,-183,1044,1057,1070,1083,-178,1109,1122,1135,1148,-173,1174,1187,1200,1213,-168,1239,1252,1265,1278,-163
1777950884226,2026-05-05T03:14:44.226Z,283,852,865,878,891,-192,917,930,943,956,-187,982,995,1008,1021,-182,1047,1060,1073,1086,-177,1112,1125,1138,1151,-172,1177,1190,1203,1216,-167,1242,1255,1268,1281,-162
1777950884335,2026-05-05T03:14:44.335Z,284,855,868,881,894,-191,920,933,946,959,-186,985,998,1011,1024,-181,1050,1063,1076,1089,-176,1115,1128,1141,1154,-171,1180,1193,1206,1219,-166,1245,1258,1271,1284,-161
1777950884445,2026-05-05T03:14:44.445Z,285,858,871,884,897,-190,923,936,949,962,-185,988,1001,1014,1027,-180,1053,1066,1079,1092,-175,1118,1131,1144,1157,-170,1183,1196,1209,1222,-165,1248,1261,1274,1287,-200
1777950884553,2026-05-05T03:14:44.553Z,286,861,874,887,900,-189,926,939,952,965,-184,991,1004,1017,1030,-179,1056,1069,1082,1095,-174,1121,1134,1147,1160,-169,1186,1199,1212,1225,-164,1251,1264,1277,1290,-199
1777950884661,2026-05-05T03:14:44.661Z,287,864,877,890,903,-188,929,942,955,968,-183,994,1007,1020,1033,-178,1059,1072,1085,1098,-173,1124,1137,1150,1163,-168,1189,1202,1215,1228,-163,1254,1267,1280,1293,-198
1777950884770,2026-05-05T03:14:44.770Z,288,867,880,893,906,-187,932,945,958,971,-182,997,1010,1023,1036,-177,1062,1075,1088,1101,-172,1127,1140,1153,1166,-167,1192,1205,1218,1231,-162,1257,1270,1283,1296,-197
1777950884879,2026-05-05T03:14:44.879Z,289,870,883,896,909,-186,935,948,961,974,-181,1000,1013,1026,1039,-176,1065,1078,1091,1104,-171,1130,1143,1156,1169,-166,1195,1208,1221,1234,-161,1260,1273,1286,1299,-196
1777950884989,2026-05-05T03:14:44.989Z,290,873,886,899,912,-185,938,951,964,977,-180,1003,1016,1029,1042,-175,1068,1081,1094,1107,-170,1133,1146,1159,1172,-165,1198,1211,1224,1237,-200,1263,1276,1289,1302,-195
1777950885097,2026-05-05T03:14:45.097Z,291,876,889,902,915,-184,941,954,967,980,-179,1006,1019,1032,1045,-174,1071,1084,1097,1110,-169,1136,1149,1162,1175,-164,1201,1214,1227,1240,-199,1266,1279,1292,1305,-194
1777950885206,2026-05-05T03:14:45.206Z,292,879,892,905,918,-183,944,957,970,983,-178,1009,1022,1035,1048,-173,1074,1087,1100,1113,-168,1139,1152,1165,1178,-163,1204,1217,1230,1243,-198,1269,1282,1295,1308,-193
1777950885314,2026-05-05T03:14:45.314Z,293,882,895,908,921,-182,947,960,973,986,-177,1012,1025,1038,1051,-172,1077,1090,1103,1116,-167,1142,1155,1168,1181,-162,1207,1220,1233,1246,-197,1272,1285,1298,1311,-192
1777950885423,2026-05-05T03:14:45.423Z,294,885,898,911,924,-181,950,963,976,989,-176,1015,1028,1041,1054,-171,1080,1093,1106,1119,-166,1145,1158,1171,1184,-161,1210,1223,1236,1249,-196,1275,1288,1301,1314,-191
1777950885531,2026-05-05T03:14:45.531Z,295,888,901,914,927,-180,953,966,979,992,-175,1018,1031,1044,1057,-170,1083,1096,1109,1122,-165,1148,1161,1174,1187,-200,1213,1226,1239,1252,-195,1278,1291,1304,1317,-190
1777950885640,2026-05-05T03:14:45.640Z,296,891,904,917,930,-179,956,969,982,995,-174,1021,1034,1047,1060,-169,1086,1099,1112,1125,-164,1151,1164,1177,1190,-199,1216,1229,1242,1255,-194,1281,1294,1307,1320,-189
1777950885748,2026-05-05T03:14:45.748Z,297,894,907,920,933,-178,959,972,985,998,-173,1024,1037,1050,1063,-168,1089,1102,1115,1128,-163,1154,1167,1180,1193,-198,1219,1232,1245,1258,-193,1284,1297,1310,1323,-188
1777950885857,2026-05-05T03:14:45.857Z,298,897,910,923,936,-177,962,975,988,1001,-172,1027,1040,1053,1066,-167,1092,1105,1118,1131,-162,1157,1170,1183,1196,-197,1222,1235,1248,1261,-192,1287,1300,1313,1326,-187
1777950885967,2026-05-05T03:14:45.967Z,299,900,913,926,939,-176,965,978,991,1004,-171,1030,1043,1056,1069,-166,1095,1108,1121,1134,-161,1160,1173,1186,1199,-196,1225,1238,1251,1264,-191,1290,1303,1316,1329,-186
1777950886075,2026-05-05T03:14:46.075Z,300,813,826,839,852,-175,878,891,904,917,-170,943,956,969,982,-165,1008,1021,1034,1047,-200,1073,1086,1099,1112,-195,1138,1151,1164,1177,-190,1203,1216,1229,1242,-185
1777950886183,2026-05-05T03:14:46.183Z,301,816,829,842,855,-174,881,894,907,920,-169,946,959,972,985,-164,1011,1024,1037,1050,-199,1076,1089,1102,1115,-194,1141,1154,1167,1180,-189,1206,1219,1232,1245,-184
1777950886292,2026-05-05T03:14:46.292Z,302,819,832,845,858,-173,884,897,910,923,-168,949,962,975,988,-163,1014,1027,1040,1053,-198,1079,1092,1105,1118,-193,1144,1157,1170,1183,-188,1209,1222,1235,1248,-183
1777950886401,2026-05-05T03:14:46.401Z,303,822,835,848,861,-172,887,900,913,926,-167,952,965,978,991,-162,1017,1030,1043,1056,-197,1082,1095,1108,1121,-192,1147,1160,1173,1186,-187,1212,1225,1238,1251,-182
1777950886509,2026-05-05T03:14:46.509Z,304,825,838,851,864,-171,890,903,916,929,-166,955,968,981,994,-161,1020,1033,1046,1059,-196,1085,1098,1111,1124,-191,1150,1163,1176,1189,-186,1215,1228,1241,1254,-181
1777950886619,2026-05-05T03:14:46.619Z,305,828,841,854,867,-170,893,906,919,932,-165,958,971,984,997,-200,1023,1036,1049,1062,-195,1088,1101,1114,1127,-190,1153,1166,1179,1192,-185,1218,1231,1244,1257,-180
1777950886727,2026-05-05T03:14:46.727Z,306,831,844,857,870,-169,896,909,922,935,-164,961,974,987,1000,-199,1026,1039,1052,1065,-194,1091,1104,1117,1130,-189,1156,1169,1182,1195,-184,1221,1234,1247,1260,-179
1777950886835,2026-05-05T03:14:46.835Z,307,834,847,860,873,-168,899,912,925,938,-163,964,977,990,1003,-198,1029,1042,1055,1068,-193,1094,1107,1120,1133,-188,1159,1172,1185,1198,-183,1224,1237,1250,1263,-178
1777950886944,2026-05-05T03:14:46.944Z,308,837,850,863,876,-167,902,915,928,941,-162,967,980,993,1006,-197,1032,1045,1058,1071,-192,1097,1110,1123,1136,-187,1162,1175,1188,1201,-182,1227,1240,1253,1266,-177
1777950887053,2026-05-05T03:14:47.053Z,309,840,853,866,879,-166,905,918,931,944,-161,970,983,996,1009,-196,1035,1048,1061,1074,-191,1100,1113,1126,1139,-186,1165,1178,1191,1204,-181,1230,1243,1256,1269,-176
1777950887162,2026-05-05T03:14:47.162Z,310,843,856,869,882,-165,908,921,934,947,-200,973,986,999,1012,-195,1038,1051,1064,1077,-190,1103,1116,1129,1142,-185,1168,1181,1194,1207,-180,1233,1246,1259,1272,-175
1777950887271,2026-05-05T03:14:47.271Z,311,846,859,872,885,-164,911,924,937,950,-199,976,989,1002,1015,-194,1041,1054,1067,1080,-189,1106,1119,1132,1145,-184,1171,1184,1197,1210,-179,1236,1249,1262,1275,-174
1777950887378,2026-05-05T03:14:47.378Z,312,849,862,875,888,-163,914,927,940,953,-198,979,992,1005,1018,-193,1044,1057,1070,1083,-188,1109,1122,1135,1148,-183,1174,1187,1200,1213,-178,1239,1252,1265,1278,-173
1777950887487,2026-05-05T03:14:47.487Z,313,852,865,878,891,-162,917,930,943,956,-197,982,995,1008,1021,-192,1047,1060,1073,1086,-187,1112,1125,1138,1151,-182,1177,1190,1203,1216,-177,1242,1255,1268,1281,-172
1777950887595,2026-05-05T03:14:47.595Z,314,855,868,881,894,-161,920,933,946,959,-196,985,998,1011,1024,-191,1050,1063,1076,1089,-186,1115,1128,1141,1154,-181,1180,1193,1206,1219,-176,1245,1258,1271,1284,-171
1777950887703,2026-05-05T03:14:47.703Z,315,858,871,884,897,-200,923,936,949,962,-195,988,1001,1014,1027,-190,1053,1066,1079,1092,-185,1118,1131,1144,1157,-180,1183,1196,1209,1222,-175,1248,1261,1274,1287,-170
1777950887813,2026-05-05T03:14:47.813Z,316,861,874,887,900,-199,926,939,952,965,-194,991,1004,1017,1030,-189,1056,1069,1082,1095,-184,1121,1134,1147,1160,-179,1186,1199,1212,1225,-174,1251,1264,1277,1290,-169
1777950887921,2026-05-05T03:14:47.921Z,317,864,877,890,903,-198,929,942,955,968,-193,994,1007,1020,1033,-188,1059,1072,1085,1098,-183,1124,1137,1150,1163,-178,1189,1202,1215,1228,-173,1254,1267,1280,1293,-168
1777950888029,2026-05-05T03:14:48.029Z,318,867,880,893,906,-197,932,945,958,971,-192,997,1010,1023,1036,-187,1062,1075,1088,1101,-182,1127,1140,1153,1166,-177,1192,1205,1218,1231,-172,1257,1270,1283,1296,-167
1777950888138,2026-05-05T03:14:48.138Z,319,870,883,896,909,-196,935,948,961,974,-191,1000,1013,1026,1039,-186,1065,1078,1091,1104,-181,1130,1143,1156,1169,-176,1195,1208,1221,1234,-171,1260,1273,1286,1299,-166
1777950888246,2026-05-05T03:14:48.246Z,320,873,886,899,912,-195,938,951,964,977,-190,1003,1016,1029,1042,-185,1068,1081,1094,1107,-180,1133,1146,1159,1172,-175,1198,1211,1224,1237,-170,1263,1276,1289,1302,-165
1777950888355,2026-05-05T03:14:48.355Z,321,876,889,902,915,-194,941,954,967,980,-189,1006,1019,1032,1045,-184,1071,1084,1097,1110,-179,1136,1149,1162,1175,-174,1201,1214,1227,1240,-169,1266,1279,1292,1305,-164
1777950888464,2026-05-05T03:14:48.464Z,322,879,892,905,918,-193,944,957,970,983,-188,1009,1022,1035,1048,-183,1074,1087,1100,1113,-178,1139,1152,1165,1178,-173,1204,1217,1230,1243,-168,1269,1282,1295,1308,-163
1777950888573,2026-05-05T03:14:48.573Z,323,882,895,908,921,-192,947,960,973,986,-187,1012,1025,1038,1051,-182,1077,1090,1103,1116,-177,1142,1155,1168,1181,-172,1207,1220,1233,1246,-167,1272,1285,1298,1311,-162
1777950888681,2026-05-05T03:14:48.681Z,324,885,898,911,924,-191,950,963,976,989,-186,1015,1028,1041,1054,-181,1080,1093,1106,1119,-176,1145,1158,1171,1184,-171,1210,1223,1236,1249,-166,1275,1288,1301,1314,-161
1777950888790,2026-05-05T03:14:48.790Z,325,888,901,914,927,-190,953,966,979,992,-185,1018,1031,1044,1057,-180,1083,1096,1109,1122,-175,1148,1161,1174,1187,-170,1213,1226,1239,1252,-165,1278,1291,1304,1317,-200
1777950888898,2026-05-05T03:14:48.898Z,326,891,904,917,930,-189,956,969,982,995,-184,1021,1034,1047,1060,-179,1086,1099,1112,1125,-174,1151,1164,1177,1190,-169,1216,1229,1242,1255,-164,1281,1294,1307,1320,-199
1777950889007,2026-05-05T03:14:49.007Z,327,894,907,920,933,-188,959,972,985,998,-183,1024,1037,1050,1063,-178,1089,1102,1115,1128,-173,1154,1167,1180,1193,-168,1219,1232,1245,1258,-163,1284,1297,1310,1323,-198
1777950889116,2026-05-05T03:14:49.116Z,328,897,910,923,936,-187,962,975,988,1001,-182,1027,1040,1053,1066,-177,1092,1105,1118,1131,-172,1157,1170,1183,1196,-167,1222,1235,1248,1261,-162,1287,1300,1313,1326,-197
1777950889226,2026-05-05T03:14:49.226Z,329,900,913,926,939,-186,965,978,991,1004,-181,1030,1043,1056,1069,-176,1095,1108,1121,1134,-171,1160,1173,1186,1199,-166,1225,1238,1251,1264,-161,1290,1303,1316,1329,-196
1777950889334,2026-05-05T03:14:49.334Z,330,813,826,839,852,-185,878,891,904,917,-180,943,956,969,982,-175,1008,1021,1034,1047,-170,1073,1086,1099,1112,-165,1138,1151,1164,1177,-200,1203,1216,1229,1242,-195
1777950889443,2026-05-05T03:14:49.443Z,331,816,829,842,855,-184,881,894,907,920,-179,946,959,972,985,-174,1011,1024,1037,1050,-169,1076,1089,1102,1115,-164,1141,1154,1167,1180,-199,1206,1219,1232,1245,-194
1777950889551,2026-05-05T03:14:49.551Z,332,819,832,845,858,-183,884,897,910,923,-178,949,962,975,988,-173,1014,1027,1040,1053,-168,1079,1092,1105,1118,-163,1144,1157,1170,1183,-198,1209,1222,1235,1248,-193
1777950889660,2026-05-05T03:14:49.660Z,333,822,835,848,861,-182,887,900,913,926,-177,952,965,978,991,-172,1017,1030,1043,1056,-167,1082,1095,1108,1121,-162,1147,1160,1173,1186,-197,1212,1225,1238,1251,-192
1777950889768,2026-05-05T03:14:49.768Z,334,825,838,851,864,-181,890,903,916,929,-176,955,968,981,994,-171,1020,1033,1046,1059,-166,1085,1098,1111,1124,-161,1150,1163,1176,1189,-196,1215,1228,1241,1254,-191
1777950889878,2026-05-05T03:14:49.878Z,335,828,841,854,867,-180,893,906,919,932,-175,958,971,984,997,-170,1023,1036,1049,1062,-165,1088,1101,1114,1127,-200,1153,1166,1179,1192,-195,1218,1231,1244,1257,-190
1777950889986,2026-05-05T03:14:49.986Z,336,831,844,857,870,-179,896,909,922,935,-174,961,974,987,1000,-169,1026,1039,1052,1065,-164,1091,1104,1117,1130,-199,1156,1169,1182,1195,-194,1221,1234,1247,1260,-189
1777950890093,2026-05-05T03:14:50.093Z,337,834,847,860,873,-178,899,912,925,938,-173,964,977,990,1003,-168,1029,1042,1055,1068,-163,1094,1107,1120,1133,-198,1159,1172,1185,1198,-193,1224,1237,1250,1263,-188
1777950890202,2026-05-05T03:14:50.202Z,338,837,850,863,876,-177,902,915,928,941,-172,967,980,993,1006,-167,1032,1045,1058,1071,-162,1097,1110,1123,1136,-197,1162,1175,1188,1201,-192,1227,1240,1253,1266,-187
1777950890310,2026-05-05T03:14:50.310Z,339,840,853,866,879,-176,905,918,931,944,-171,970,983,996,1009,-166,1035,1048,1061,1074,-161,1100,1113,1126,1139,-196,1165,1178,1191,1204,-191,1230,1243,1256,1269,-186
1777950890417,2026-05-05T03:14:50.417Z,340,843,856,869,882,-175,908,921,934,947,-170,973,986,999,1012,-165,1038,1051,1064,1077,-200,1103,1116,1129,1142,-195,1168,1181,1194,1207,-190,1233,1246,1259,1272,-185
1777950890527,2026-05-05T03:14:50.527Z,341,846,859,872,885,-174,911,924,937,950,-169,976,989,1002,1015,-164,1041,1054,1067,1080,-199,1106,1119,1132,1145,-194,1171,1184,1197,1210,-189,1236,1249,1262,1275,-184
1777950890636,2026-05-05T03:14:50.636Z,342,849,862,875,888,-173,914,927,940,953,-168,979,992,1005,1018,-163,1044,1057,1070,1083,-198,1109,1122,1135,1148,-193,1174,1187,1200,1213,-188,1239,1252,1265,1278,-183
1777950890744,2026-05-05T03:14:50.744Z,343,852,865,878,891,-172,917,930,943,956,-167,982,995,1008,1021,-162,1047,1060,1073,1086,-197,1112,1125,1138,1151,-192,1177,1190,1203,1216,-187,1242,1255,1268,1281,-182
1777950890854,2026-05-05T03:14:50.854Z,344,855,868,881,894,-171,920,933,946,959,-166,985,998,1011,1024,-161,1050,1063,1076,1089,-196,1115,1128,1141,1154,-191,1180,1193,1206,1219,-186,1245,1258,1271,1284,-181
1777950890963,2026-05-05T03:14:50.963Z,345,858,871,884,897,-170,923,936,949,962,-165,988,1001,1014,1027,-200,1053,1066,1079,1092,-195,1118,1131,1144,1157,-190,1183,1196,1209,1222,-185,1248,1261,1274,1287,-180
1777950891071,2026-05-05T03:14:51.071Z,346,861,874,887,900,-169,926,939,952,965,-164,991,1004,1017,1030,-199,1056,1069,1082,1095,-194,1121,1134,1147,1160,-189,1186,1199,1212,1225,-184,1251,1264,1277,1290,-179
1777950891179,2026-05-05T03:14:51.179Z,347,864,877,890,903,-168,929,942,955,968,-163,994,1007,1020,1033,-198,1059,1072,1085,1098,-193,1124,1137,1150,1163,-188,1189,1202,1215,1228,-183,1254,1267,1280,1293,-178
1777950891289,2026-05-05T03:14:51.289Z,348,867,880,893,906,-167,932,945,958,971,-162,997,1010,1023,1036,-197,1062,1075,1088,1101,-192,1127,1140,1153,1166,-187,1192,1205,1218,1231,-182,1257,1270,1283,1296,-177
1777950891396,2026-05-05T03:14:51.396Z,349,870,883,896,909,-166,935,948,961,974,-161,1000,1013,1026,1039,-196,1065,1078,1091,1104,-191,1130,1143,1156,1169,-186,1195,1208,1221,1234,-181,1260,1273,1286,1299,-176
1777950891505,2026-05-05T03:14:51.505Z,350,873,886,899,912,-165,938,951,964,977,-200,1003,1016,1029,1042,-195,1068,1081,1094,1107,-190,1133,1146,1159,1172,-185,1198,1211,1224,1237,-180,1263,1276,1289,1302,-175
1777950891613,2026-05-05T03:14:51.613Z,351,876,889,902,915,-164,941,954,967,980,-199,1006,1019,1032,1045,-194,1071,1084,1097,1110,-189,1136,1149,1162,1175,-184,1201,1214,1227,1240,-179,1266,1279,1292,1305,-174
1777950891721,2026-05-05T03:14:51.721Z,352,879,892,905,918,-163,944,957,970,983,-198,1009,1022,1035,1048,-193,1074,1087,1100,1113,-188,1139,1152,1165,1178,-183,1204,1217,1230,1243,-178,1269,1282,1295,1308,-173
1777950891830,2026-05-05T03:14:51.830Z,353,882,895,908,921,-162,947,960,973,986,-197,1012,1025,1038,1051,-192,1077,1090,1103,1116,-187,1142,1155,1168,1181,-182,1207,1220,1233,1246,-177,1272,1285,1298,1311,-172
1777950891937,2026-05-05T03:14:51.937Z,354,885,898,911,924,-161,950,963,976,989,-196,1015,1028,1041,1054,-191,1080,1093,1106,1119,-186,1145,1158,1171,1184,-181,1210,1223,1236,1249,-176,1275,1288,1301,1314,-171
1777950892044,2026-05-05T03:14:52.044Z,355,888,901,914,927,-200,953,966,979,992,-195,1018,1031,1044,1057,-190,1083,1096,1109,1122,-185,1148,1161,1174,1187,-180,1213,1226,1239,1252,-175,1278,1291,1304,1317,-170
1777950892154,2026-05-05T03:14:52.154Z,356,891,904,917,930,-199,956,969,982,995,-194,1021,1034,1047,1060,-189,1086,1099,1112,1125,-184,1151,1164,1177,1190,-179,1216,1229,1242,1255,-174,1281,1294,1307,1320,-169
1777950892263,2026-05-05T03:14:52.263Z,357,894,907,920,933,-198,959,972,985,998,-193,1024,1037,1050,1063,-188,1089,1102,1115,1128,-183,1154,1167,1180,1193,-178,1219,1232,1245,1258,-173,1284,1297,1310,1323,-168
1777950892373,2026-05-05T03:14:52.373Z,358,897,910,923,936,-197,962,975,988,1001,-192,1027,1040,1053,1066,-187,1092,1105,1118,1131,-182,1157,1170,1183,1196,-177,1222,1235,1248,1261,-172,1287,1300,1313,1326,-167
1777950892482,2026-05-05T03:14:52.482Z,359,900,913,926,939,-196,965,978,991,1004,-191,1030,1043,1056,1069,-186,1095,1108,1121,1134,-181,1160,1173,1186,1199,-176,1225,1238,1251,1264,-171,1290,1303,1316,1329,-166
1777950892591,2026-05-05T03:14:52.591Z,360,813,826,839,852,-195,878,891,904,917,-190,943,956,969,982,-185,1008,1021,1034,1047,-180,1073,1086,1099,1112,-175,1138,1151,1164,1177,-170,1203,1216,1229,1242,-165
1777950892699,2026-05-05T03:14:52.699Z,361,816,829,842,855,-194,881,894,907,920,-189,946,959,972,985,-184,1011,1024,1037,1050,-179,1076,1089,1102,1115,-174,1141,1154,1167,1180,-169,1206,1219,1232,1245,-164
1777950892807,2026-05-05T03:14:52.807Z,362,819,832,845,858,-193,884,897,910,923,-188,949,962,975,988,-183,1014,1027,1040,1053,-178,1079,1092,1105,1118,-173,1144,1157,1170,1183,-168,1209,1222,1235,1248,-163
1777950892916,2026-05-05T03:14:52.916Z,363,822,835,848,861,-192,887,900,913,926,-187,952,965,978,991,-182,1017,1030,1043,1056,-177,1082,1095,1108,1121,-172,1147,1160,1173,1186,-167,1212,1225,1238,1251,-162
1777950893024,2026-05-05T03:14:53.024Z,364,825,838,851,864,-191,890,903,916,929,-186,955,968,981,994,-181,1020,1033,1046,1059,-176,1085,1098,1111,1124,-171,1150,1163,1176,1189,-166,1215,1228,1241,1254,-161
1777950893133,2026-05-05T03:14:53.133Z,365,828,841,854,867,-190,893,906,919,932,-185,958,971,984,997,-180,1023,1036,1049,1062,-175,1088,1101,1114,1127,-170,1153,1166,1179,1192,-165,1218,1231,1244,1257,-200
1777950893242,2026-05-05T03:14:53.242Z,366,831,844,857,870,-189,896,909,922,935,-184,961,974,987,1000,-179,1026,1039,1052,1065,-174,1091,1104,1117,1130,-169,1156,1169,1182,1195,-164,1221,1234,1247,1260,-199
1777950893351,2026-05-05T03:14:53.351Z,367,834,847,860,873,-188,899,912,925,938,-183,964,977,990,1003,-178,1029,1042,1055,1068,-173,1094,1107,1120,1133,-168,1159,1172,1185,1198,-163,1224,1237,1250,1263,-198
1777950893460,2026-05-05T03:14:53.460Z,368,837,850,863,876,-187,902,915,928,941,-182,967,980,993,1006,-177,1032,1045,1058,1071,-172,1097,1110,1123,1136,-167,1162,1175,1188,1201,-162,1227,1240,1253,1266,-197
1777950893569,2026-05-05T03:14:53.569Z,369,840,853,866,879,-186,905,918,931,944,-181,970,983,996,1009,-176,1035,1048,1061,1074,-171,1100,1113,1126,1139,-166,1165,1178,1191,1204,-161,1230,1243,1256,1269,-196
1777950893678,2026-05-05T03:14:53.678Z,370,843,856,869,882,-185,908,921,934,947,-180,973,986,999,1012,-175,1038,1051,1064,1077,-170,1103,1116,1129,1142,-165,1168,1181,1194,1207,-200,1233,1246,1259,1272,-195
1777950893787,2026-05-05T03:14:53.787Z,371,846,859,872,885,-184,911,924,937,950,-179,976,989,1002,1015,-174,1041,1054,1067,1080,-169,1106,1119,1132,1145,-164,1171,1184,1197,1210,-199,1236,1249,1262,1275,-194
1777950893895,2026-05-05T03:14:53.895Z,372,849,862,875,888,-183,914,927,940,953,-178,979,992,1005,1018,-173,1044,1057,1070,1083,-168,1109,1122,1135,1148,-163,1174,1187,1200,1213,-198,1239,1252,1265,1278,-193
1777950894005,2026-05-05T03:14:54.005Z,373,852,865,878,891,-182,917,930,943,956,-177,982,995,1008,1021,-172,1047,1060,1073,1086,-167,1112,1125,1138,1151,-162,1177,1190,1203,1216,-197,1242,1255,1268,1281,-192
1777950894113,2026-05-05T03:14:54.113Z,374,855,868,881,894,-181,920,933,946,959,-176,985,998,1011,1024,-171,1050,1063,1076,1089,-166,1115,1128,1141,1154,-161,1180,1193,1206,1219,-196,1245,1258,1271,1284,-191
1777950894222,2026-05-05T03:14:54.222Z,375,858,871,884,897,-180,923,936,949,962,-175,988,1001,1014,1027,-170,1053,1066,1079,1092,-165,1118,1131,1144,1157,-200,1183,1196,1209,1222,-195,1248,1261,1274,1287,-190
1777950894330,2026-05-05T03:14:54.330Z,376,861,874,887,900,-179,926,939,952,965,-174,991,1004,1017,1030,-169,1056,1069,1082,1095,-164,1121,1134,1147,1160,-199,1186,1199,1212,1225,-194,1251,1264,1277,1290,-189
1777950894441,2026-05-05T03:14:54.441Z,377,864,877,890,903,-178,929,942,955,968,-173,994,1007,1020,1033,-168,1059,1072,1085,1098,-163,1124,1137,1150,1163,-198,1189,1202,1215,1228,-193,1254,1267,1280,1293,-188
1777950894549,2026-05-05T03:14:54.549Z,378,867,880,893,906,-177,932,945,958,971,-172,997,1010,1023,1036,-167,1062,1075,1088,1101,-162,1127,1140,1153,1166,-197,1192,1205,1218,1231,-192,1257,1270,1283,1296,-187
1777950894659,2026-05-05T03:14:54.659Z,379,870,883,896,909,-176,935,948,961,974,-171,1000,1013,1026,1039,-166,1065,1078,1091,1104,-161,1130,1143,1156,1169,-196,1195,1208,1221,1234,-191,1260,1273,1286,1299,-186
1777950894768,2026-05-05T03:14:54.768Z,380,873,886,899,912,-175,938,951,964,977,-170,1003,1016,1029,1042,-165,1068,1081,1094,1107,-200,1133,1146,1159,1172,-195,1198,1211,1224,1237,-190,1263,1276,1289,1302,-185
1777950894875,2026-05-05T03:14:54.875Z,381,876,889,902,915,-174,941,954,967,980,-169,1006,1019,1032,1045,-164,1071,1084,1097,1110,-199,1136,1149,1162,1175,-194,1201,1214,1227,1240,-189,1266,1279,1292,1305,-184
1777950894984,2026-05-05T03:14:54.984Z,382,879,892,905,918,-173,944,957,970,983,-168,1009,1022,1035,1048,-163,1074,1087,1100,1113,-198,1139,1152,1165,1178,-193,1204,1217,1230,1243,-188,1269,1282,1295,1308,-183
1777950895093,2026-05-05T03:14:55.093Z,383,882,895,908,921,-172,947,960,973,986,-167,1012,1025,1038,1051,-162,1077,1090,1103,1116,-197,1142,1155,1168,1181,-192,1207,1220,1233,1246,-187,1272,1285,1298,1311,-182
1777950895201,2026-05-05T03:14:55.201Z,384,885,898,911,924,-171,950,963,976,989,-166,1015,1028,1041,1054,-161,1080,1093,1106,1119,-196,1145,1158,1171,1184,-191,1210,1223,1236,1249,-186,1275,1288,1301,1314,-181
1777950895311,2026-05-05T03:14:55.311Z,385,888,901,914,927,-170,953,966,979,992,-165,1018,1031,1044,1057,-200,1083,1096,1109,1122,-195,1148,1161,1174,1187,-190,1213,1226,1239,1252,-185,1278,1291,1304,1317,-180
1777950895419,2026-05-05T03:14:55.419Z,386,891,904,917,930,-169,956,969,982,995,-164,1021,1034,1047,1060,-199,1086,1099,1112,1125,-194,1151,1164,1177,1190,-189,1216,1229,1242,1255,-184,1281,1294,1307,1320,-179
1777950895529,2026-05-05T03:14:55.529Z,387,894,907,920,933,-168,959,972,985,998,-163,1024,1037,1050,1063,-198,1089,1102,1115,1128,-193,1154,1167,1180,1193,-188,1219,1232,1245,1258,-183,1284,1297,1310,1323,-178
1777950895638,2026-05-05T03:14:55.638Z,388,897,910,923,936,-167,962,975,988,1001,-162,1027,1040,1053,1066,-197,1092,1105,1118,1131,-192,1157,1170,1183,1196,-187,1222,1235,1248,1261,-182,1287,1300,1313,1326,-177
1777950895747,2026-05-05T03:14:55.747Z,389,900,913,926,939,-166,965,978,991,1004,-161,1030,1043,1056,1069,-196,1095,1108,1121,1134,-191,1160,1173,1186,1199,-186,1225,1238,1251,1264,-181,1290,1303,1316,1329,-176
1777950895857,2026-05-05T03:14:55.857Z,390,813,826,839,852,-165,878,891,904,917,-200,943,956,969,982,-195,1008,1021,1034,1047,-190,1073,1086,1099,1112,-185,1138,1151,1164,1177,-180,1203,1216,1229,1242,-175
1777950895965,2026-05-05T03:14:55.965Z,391,816,829,842,855,-164,881,894,907,920,-199,946,959,972,985,-194,1011,1024,1037,1050,-189,1076,1089,1102,1115,-184,1141,1154,1167,1180,-179,1206,1219,1232,1245,-174
1777950896075,2026-05-05T03:14:56.075Z,392,819,832,845,858,-163,884,897,910,923,-198,949,962,975,988,-193,1014,1027,1040,1053,-188,1079,1092,1105,1118,-183,1144,1157,1170,1183,-178,1209,1222,1235,1248,-173
1777950896183,2026-05-05T03:14:56.183Z,393,822,835,848,861,-162,887,900,913,926,-197,952,965,978,991,-192,1017,1030,1043,1056,-187,1082,1095,1108,1121,-182,1147,1160,1173,1186,-177,1212,1225,1238,1251,-172
1777950896292,2026-05-05T03:14:56.292Z,394,825,838,851,864,-161,890,903,916,929,-196,955,968,981,994,-191,1020,1033,1046,1059,-186,1085,1098,1111,1124,-181,1150,1163,1176,1189,-176,1215,1228,1241,1254,-171
1777950896400,2026-05-05T03:14:56.400Z,395,828,841,854,867,-200,893,906,919,932,-195,958,971,984,997,-190,1023,1036,1049,1062,-185,1088,1101,1114,1127,-180,1153,1166,1179,1192,-175,1218,1231,1244,1257,-170
1777950896509,2026-05-05T03:14:56.509Z,396,831,844,857,870,-199,896,909,922,935,-194,961,974,987,1000,-189,1026,1039,1052,1065,-184,1091,1104,1117,1130,-179,1156,1169,1182,1195,-174,1221,1234,1247,1260,-169
1777950896616,2026-05-05T03:14:56.616Z,397,834,847,860,873,-198,899,912,925,938,-193,964,977,990,1003,-188,1029,1042,1055,1068,-183,1094,1107,1120,1133,-178,1159,1172,1185,1198,-173,1224,1237,1250,1263,-168
1777950896725,2026-05-05T03:14:56.725Z,398,837,850,863,876,-197,902,915,928,941,-192,967,980,993,1006,-187,1032,1045,1058,1071,-182,1097,1110,1123,1136,-177,1162,1175,1188,1201,-172,1227,1240,1253,1266,-167
1777950896834,2026-05-05T03:14:56.834Z,399,840,853,866,879,-196,905,918,931,944,-191,970,983,996,1009,-186,1035,1048,1061,1074,-181,1100,1113,1126,1139,-176,1165,1178,1191,1204,-171,1230,1243,1256,1269,-166
1777950896943,2026-05-05T03:14:56.943Z,400,843,856,869,882,-195,908,921,934,947,-190,973,986,999,1012,-185,1038,1051,1064,1077,-180,1103,1116,1129,1142,-175,1168,1181,1194,1207,-170,1233,1246,1259,1272,-165
1777950897052,2026-05-05T03:14:57.052Z,401,846,859,872,885,-194,911,924,937,950,-189,976,989,1002,1015,-184,1041,1054,1067,1080,-179,1106,1119,1132,1145,-174,1171,1184,1197,1210,-169,1236,1249,1262,1275,-164
1777950897161,2026-05-05T03:14:57.161Z,402,849,862,875,888,-193,914,927,940,953,-188,979,992,1005,1018,-183,1044,1057,1070,1083,-178,1109,1122,1135,1148,-173,1174,1187,1200,1213,-168,1239,1252,1265,1278,-163
1777950897269,2026-05-05T03:14:57.269Z,403,852,865,878,891,-192,917,930,943,956,-187,982,995,1008,1021,-182,1047,1060,1073,1086,-177,1112,1125,1138,1151,-172,1177,1190,1203,1216,-167,1242,1255,1268,1281,-162
1777950897377,2026-05-05T03:14:57.377Z,404,855,868,881,894,-191,920,933,946,959,-186,985,998,1011,1024,-181,1050,1063,1076,1089,-176,1115,1128,1141,1154,-171,1180,1193,1206,1219,-166,1245,1258,1271,1284,-161
1777950897486,2026-05-05T03:14:57.486Z,405,858,871,884,897,-190,923,936,949,962,-185,988,1001,1014,1027,-180,1053,1066,1079,1092,-175,1118,1131,1144,1157,-170,1183,1196,1209,1222,-165,1248,1261,1274,1287,-200
1777950897595,2026-05-05T03:14:57.595Z,406,861,874,887,900,-189,926,939,952,965,-184,991,1004,1017,1030,-179,1056,1069,1082,1095,-174,1121,1134,1147,1160,-169,1186,1199,1212,1225,-164,1251,1264,1277,1290,-199
1777950897703,2026-05-05T03:14:57.703Z,407,864,877,890,903,-188,929,942,955,968,-183,994,1007,1020,1033,-178,1059,1072,1085,1098,-173,1124,1137,1150,1163,-168,1189,1202,1215,1228,-163,1254,1267,1280,1293,-198
1777950897812,2026-05-05T03:14:57.812Z,408,867,880,893,906,-187,932,945,958,971,-182,997,1010,1023,1036,-177,1062,1075,1088,1101,-172,1127,1140,1153,1166,-167,1192,1205,1218,1231,-162,1257,1270,1283,1296,-197
1777950897921,2026-05-05T03:14:57.921Z,409,870,883,896,909,-186,935,948,961,974,-181,1000,1013,1026,1039,-176,1065,1078,1091,1104,-171,1130,1143,1156,1169,-166,1195,1208,1221,1234,-161,1260,1273,1286,1299,-196
1777950898029,2026-05-05T03:14:58.029Z,410,873,886,899,912,-185,938,951,964,977,-180,1003,1016,1029,1042,-175,1068,1081,1094,1107,-170,1133,1146,1159,1172,-165,1198,1211,1224,1237,-200,1263,1276,1289,1302,-195
1777950898138,2026-05-05T03:14:58.138Z,411,876,889,902,915,-184,941,954,967,980,-179,1006,1019,1032,1045,-174,1071,1084,1097,1110,-169,1136,1149,1162,1175,-164,1201,1214,1227,1240,-199,1266,1279,1292,1305,-194
1777950898248,2026-05-05T03:14:58.248Z,412,879,892,905,918,-183,944,957,970,983,-178,1009,1022,1035,1048,-173,1074,1087,1100,1113,-168,1139,1152,1165,1178,-163,1204,1217,1230,1243,-198,1269,1282,1295,1308,-193
1777950898357,2026-05-05T03:14:58.357Z,413,882,895,908,921,-182,947,960,973,986,-177,1012,1025,1038,1051,-172,1077,1090,1103,1116,-167,1142,1155,1168,1181,-162,1207,1220,1233,1246,-197,1272,1285,1298,1311,-192
1777950898467,2026-05-05T03:14:58.467Z,414,885,898,911,924,-181,950,963,976,989,-176,1015,1028,1041,1054,-171,1080,1093,1106,1119,-166,1145,1158,1171,1184,-161,1210,1223,1236,1249,-196,1275,1288,1301,1314,-191
1777950898577,2026-05-05T03:14:58.577Z,415,888,901,914,927,-180,953,966,979,992,-175,1018,1031,1044,1057,-170,1083,1096,1109,1122,-165,1148,1161,1174,1187,-200,1213,1226,1239,1252,-195,1278,1291,1304,1317,-190
1777950898686,2026-05-05T03:14:58.686Z,416,891,904,917,930,-179,956,969,982,995,-174,1021,1034,1047,1060,-169,1086,1099,1112,1125,-164,1151,1164,1177,1190,-199,1216,1229,1242,1255,-194,1281,1294,1307,1320,-189
1777950898795,2026-05-05T03:14:58.795Z,417,894,907,920,933,-178,959,972,985,998,-173,1024,1037,1050,1063,-168,1089,1102,1115,1128,-163,1154,1167,1180,1193,-198,1219,1232,1245,1258,-193,1284,1297,1310,1323,-188
1777950898905,2026-05-05T03:14:58.905Z,418,897,910,923,936,-177,962,975,988,1001,-172,1027,1040,1053,1066,-167,1092,1105,1118,1131,-162,1157,1170,1183,1196,-197,1222,1235,1248,1261,-192,1287,1300,1313,1326,-187
1777950899013,2026-05-05T03:14:59.013Z,419,900,913,926,939,-176,965,978,991,1004,-171,1030,1043,1056,1069,-166,1095,1108,1121,1134,-161,1160,1173,1186,1199,-196,1225,1238,1251,1264,-191,1290,1303,1316,1329,-186
1777950899121,2026-05-05T03:14:59.121Z,420,813,826,839,852,-175,878,891,904,917,-170,943,956,969,982,-165,1008,1021,1034,1047,-200,1073,1086,1099,1112,-195,1138,1151,1164,1177,-190,1203,1216,1229,1242,-185
1777950899231,2026-05-05T03:14:59.231Z,421,816,829,842,855,-174,881,894,907,920,-169,946,959,972,985,-164,1011,1024,1037,1050,-199,1076,1089,1102,1115,-194,1141,1154,1167,1180,-189,1206,1219,1232,1245,-184
1777950899341,2026-05-05T03:14:59.341Z,422,819,832,845,858,-173,884,897,910,923,-168,949,962,975,988,-163,1014,1027,1040,1053,-198,1079,1092,1105,1118,-193,1144,1157,1170,1183,-188,1209,1222,1235,1248,-183
1777950899449,2026-05-05T03:14:59.449Z,423,822,835,848,861,-172,887,900,913,926,-167,952,965,978,991,-162,1017,1030,1043,1056,-197,1082,1095,1108,1121,-192,1147,1160,1173,1186,-187,1212,1225,1238,1251,-182
1777950899558,2026-05-05T03:14:59.558Z,424,825,838,851,864,-171,890,903,916,929,-166,955,968,981,994,-161,1020,1033,1046,1059,-196,1085,1098,1111,1124,-191,1150,1163,1176,1189,-186,1215,1228,1241,1254,-181
1777950899668,2026-05-05T03:14:59.668Z,425,828,841,854,867,-170,893,906,919,932,-165,958,971,984,997,-200,1023,1036,1049,1062,-195,1088,1101,1114,1127,-190,1153,1166,1179,1192,-185,1218,1231,1244,1257,-180
1777950899778,2026-05-05T03:14:59.778Z,426,831,844,857,870,-169,896,909,922,935,-164,961,974,987,1000,-199,1026,1039,1052,1065,-194,1091,1104,1117,1130,-189,1156,1169,1182,1195,-184,1221,1234,1247,1260,-179
1777950899886,2026-05-05T03:14:59.886Z,427,834,847,860,873,-168,899,912,925,938,-163,964,977,990,1003,-198,1029,1042,1055,1068,-193,1094,1107,1120,1133,-188,1159,1172,1185,1198,-183,1224,1237,1250,1263,-178
1777950899995,2026-05-05T03:14:59.995Z,428,837,850,863,876,-167,902,915,928,941,-162,967,980,993,1006,-197,1032,1045,1058,1071,-192,1097,1110,1123,1136,-187,1162,1175,1188,1201,-182,1227,1240,1253,1266,-177
1777950900102,2026-05-05T03:15:00.102Z,429,840,853,866,879,-166,905,918,931,944,-161,970,983,996,1009,-196,1035,1048,1061,1074,-191,1100,1113,1126,1139,-186,1165,1178,1191,1204,-181,1230,1243,1256,1269,-176
1777950900211,2026-05-05T03:15:00.211Z,430,843,856,869,882,-165,908,921,934,947,-200,973,986,999,1012,-195,1038,1051,1064,1077,-190,1103,1116,1129,1142,-185,1168,1181,1194,1207,-180,1233,1246,1259,1272,-175
1777950900321,2026-05-05T03:15:00.321Z,431,846,859,872,885,-164,911,924,937,950,-199,976,989,1002,1015,-194,1041,1054,1067,1080,-189,1106,1119,1132,1145,-184,1171,1184,1197,1210,-179,1236,1249,1262,1275,-174
1777950900430,2026-05-05T03:15:00.430Z,432,849,862,875,888,-163,914,927,940,953,-198,979,992,1005,1018,-193,1044,1057,1070,1083,-188,1109,1122,1135,1148,-183,1174,1187,1200,1213,-178,1239,1252,1265,1278,-173
1777950900540,2026-05-05T03:15:00.540Z,433,852,865,878,891,-162,917,930,943,956,-197,982,995,1008,1021,-192,1047,1060,1073,1086,-187,1112,1125,1138,1151,-182,1177,1190,1203,1216,-177,1242,1255,1268,1281,-172
1777950900648,2026-05-05T03:15:00.648Z,434,855,868,881,894,-161,920,933,946,959,-196,985,998,1011,1024,-191,1050,1063,1076,1089,-186,1115,1128,1141,1154,-181,1180,1193,1206,1219,-176,1245,1258,1271,1284,-171
1777950900757,2026-05-05T03:15:00.757Z,435,858,871,884,897,-200,923,936,949,962,-195,988,1001,1014,1027,-190,1053,1066,1079,1092,-185,1118,1131,1144,1157,-180,1183,1196,1209,1222,-175,1248,1261,1274,1287,-170
1777950900865,2026-05-05T03:15:00.865Z,436,861,874,887,900,-199,926,939,952,965,-194,991,1004,1017,1030,-189,1056,1069,1082,1095,-184,1121,1134,1147,1160,-179,1186,1199,1212,1225,-174,1251,1264,1277,1290,-169
1777950900974,2026-05-05T03:15:00.974Z,437,864,877,890,903,-198,929,942,955,968,-193,994,1007,1020,1033,-188,1059,1072,1085,1098,-183,1124,1137,1150,1163,-178,1189,1202,1215,1228,-173,1254,1267,1280,1293,-168
1777950901083,2026-05-05T03:15:01.083Z,438,867,880,893,906,-197,932,945,958,971,-192,997,1010,1023,1036,-187,1062,1075,1088,1101,-182,1127,1140,1153,1166,-177,1192,1205,1218,1231,-172,1257,1270,1283,1296,-167
1777950901192,2026-05-05T03:15:01.192Z,439,870,883,896,909,-196,935,948,961,974,-191,1000,1013,1026,1039,-186,1065,1078,1091,1104,-181,1130,1143,1156,1169,-176,1195,1208,1221,1234,-171,1260,1273,1286,1299,-166
1777950901302,2026-05-05T03:15:01.302Z,440,873,886,899,912,-195,938,951,964,977,-190,1003,1016,1029,1042,-185,1068,1081,1094,1107,-180,1133,1146,1159,1172,-175,1198,1211,1224,1237,-170,1263,1276,1289,1302,-165
1777950901411,2026-05-05T03:15:01.411Z,441,876,889,902,915,-194,941,954,967,980,-189,1006,1019,1032,1045,-184,1071,1084,1097,1110,-179,1136,1149,1162,1175,-174,1201,1214,1227,1240,-169,1266,1279,1292,1305,-164
1777950901520,2026-05-05T03:15:01.520Z,442,879,892,905,918,-193,944,957,970,983,-188,1009,1022,1035,1048,-183,1074,1087,1100,1113,-178,1139,1152,1165,1178,-173,1204,1217,1230,1243,-168,1269,1282,1295,1308,-163
1777950901629,2026-05-05T03:15:01.629Z,443,882,895,908,921,-192,947,960,973,986,-187,1012,1025,1038,1051,-182,1077,1090,1103,1116,-177,1142,1155,1168,1181,-172,1207,1220,1233,1246,-167,1272,1285,1298,1311,-162
1777950901738,2026-05-05T03:15:01.738Z,444,885,898,911,924,-191,950,963,976,989,-186,1015,1028,1041,1054,-181,1080,1093,1106,1119,-176,1145,1158,1171,1184,-171,1210,1223,1236,1249,-166,1275,1288,1301,1314,-161
1777950901847,2026-05-05T03:15:01.847Z,445,888,901,914,927,-190,953,966,979,992,-185,1018,1031,1044,1057,-180,1083,1096,1109,1122,-175,1148,1161,1174,1187,-170,1213,1226,1239,1252,-165,1278,1291,1304,1317,-200
1777950901956,2026-05-05T03:15:01.956Z,446,891,904,917,930,-189,956,969,982,995,-184,1021,1034,1047,1060,-179,1086,1099,1112,1125,-174,1151,1164,1177,1190,-169,1216,1229,1242,1255,-164,1281,1294,1307,1320,-199
1777950902064,2026-05-05T03:15:02.064Z,447,894,907,920,933,-188,959,972,985,998,-183,1024,1037,1050,1063,-178,1089,1102,1115,1128,-173,1154,1167,1180,1193,-168,1219,1232,1245,1258,-163,1284,1297,1310,1323,-198
1777950902173,2026-05-05T03:15:02.173Z,448,897,910,923,936,-187,962,975,988,1001,-182,1027,1040,1053,1066,-177,1092,1105,1118,1131,-172,1157,1170,1183,1196,-167,1222,1235,1248,1261,-162,1287,1300,1313,1326,-197
1777950902282,2026-05-05T03:15:02.282Z,449,900,913,926,939,-186,965,978,991,1004,-181,1030,1043,1056,1069,-176,1095,1108,1121,1134,-171,1160,1173,1186,1199,-166,1225,1238,1251,1264,-161,1290,1303,1316,1329,-196
1777950902391,2026-05-05T03:15:02.391Z,450,813,826,839,852,-185,878,891,904,917,-180,943,956,969,982,-175,1008,1021,1034,1047,-170,1073,1086,1099,1112,-165,1138,1151,1164,1177,-200,1203,1216,1229,1242,-195
1777950902501,2026-05-05T03:15:02.501Z,451,816,829,842,855,-184,881,894,907,920,-179,946,959,972,985,-174,1011,1024,1037,1050,-169,1076,1089,1102,1115,-164,1141,1154,1167,1180,-199,1206,1219,1232,1245,-194
1777950902611,2026-05-05T03:15:02.611Z,452,819,832,845,858,-183,884,897,910,923,-178,949,962,975,988,-173,1014,1027,1040,1053,-168,1079,1092,1105,1118,-163,1144,1157,1170,1183,-198,1209,1222,1235,1248,-193
1777950902718,2026-05-05T03:15:02.718Z,453,822,835,848,861,-182,887,900,913,926,-177,952,965,978,991,-172,1017,1030,1043,1056,-167,1082,1095,1108,1121,-162,1147,1160,1173,1186,-197,1212,1225,1238,1251,-192
1777950902826,2026-05-05T03:15:02.826Z,454,825,838,851,864,-181,890,903,916,929,-176,955,968,981,994,-171,1020,1033,1046,1059,-166,1085,1098,1111,1124,-161,1150,1163,1176,1189,-196,1215,1228,1241,1254,-191
1777950902935,2026-05-05T03:15:02.935Z,455,828,841,854,867,-180,893,906,919,932,-175,958,971,984,997,-170,1023,1036,1049,1062,-165,1088,1101,1114,1127,-200,1153,1166,1179,1192,-195,1218,1231,1244,1257,-190
1777950903043,2026-05-05T03:15:03.043Z,456,831,844,857,870,-179,896,909,922,935,-174,961,974,987,1000,-169,1026,1039,1052,1065,-164,1091,1104,1117,1130,-199,1156,1169,1182,1195,-194,1221,1234,1247,1260,-189
1777950903152,2026-05-05T03:15:03.152Z,457,834,847,860,873,-178,899,912,925,938,-173,964,977,990,1003,-168,1029,1042,1055,1068,-163,1094,1107,1120,1133,-198,1159,1172,1185,1198,-193,1224,1237,1250,1263,-188
1777950903259,2026-05-05T03:15:03.259Z,458,837,850,863,876,-177,902,915,928,941,-172,967,980,993,1006,-167,1032,1045,1058,1071,-162,1097,1110,1123,1136,-197,1162,1175,1188,1201,-192,1227,1240,1253,1266,-187
1777950903369,2026-05-05T03:15:03.369Z,459,840,853,866,879,-176,905,918,931,944,-171,970,983,996,1009,-166,1035,1048,1061,1074,-161,1100,1113,1126,1139,-196,1165,1178,1191,1204,-191,1230,1243,1256,1269,-186
1777950903478,2026-05-05T03:15:03.478Z,460,843,856,869,882,-175,908,921,934,947,-170,973,986,999,1012,-165,1038,1051,1064,1077,-200,1103,1116,1129,1142,-195,1168,1181,1194,1207,-190,1233,1246,1259,1272,-185
1777950903586,2026-05-05T03:15:03.586Z,461,846,859,872,885,-174,911,924,937,950,-169,976,989,1002,1015,-164,1041,1054,1067,1080,-199,1106,1119,1132,1145,-194,1171,1184,1197,1210,-189,1236,1249,1262,1275,-184
1777950903696,2026-05-05T03:15:03.696Z,462,849,862,875,888,-173,914,927,940,953,-168,979,992,1005,1018,-163,1044,1057,1070,1083,-198,1109,1122,1135,1148,-193,1174,1187,1200,1213,-188,1239,1252,1265,1278,-183
1777950903806,2026-05-05T03:15:03.806Z,463,852,865,878,891,-172,917,930,943,956,-167,982,995,1008,1021,-162,1047,1060,1073,1086,-197,1112,1125,1138,1151,-192,1177,1190,1203,1216,-187,1242,1255,1268,1281,-182
1777950903917,2026-05-05T03:15:03.917Z,464,855,868,881,894,-171,920,933,946,959,-166,985,998,1011,1024,-161,1050,1063,1076,1089,-196,1115,1128,1141,1154,-191,1180,1193,1206,1219,-186,1245,1258,1271,1284,-181
1777950904026,2026-05-05T03:15:04.026Z,465,858,871,884,897,-170,923,936,949,962,-165,988,1001,1014,1027,-200,1053,1066,1079,1092,-195,1118,1131,1144,1157,-190,1183,1196,1209,1222,-185,1248,1261,1274,1287,-180
1777950904133,2026-05-05T03:15:04.133Z,466,861,874,887,900,-169,926,939,952,965,-164,991,1004,1017,1030,-199,1056,1069,1082,1095,-194,1121,1134,1147,1160,-189,1186,1199,1212,1225,-184,1251,1264,1277,1290,-179
1777950904243,2026-05-05T03:15:04.243Z,467,864,877,890,903,-168,929,942,955,968,-163,994,1007,1020,1033,-198,1059,1072,1085,1098,-193,1124,1137,1150,1163,-188,1189,1202,1215,1228,-183,1254,1267,1280,1293,-178
1777950904353,2026-05-05T03:15:04.353Z,468,867,880,893,906,-167,932,945,958,971,-162,997,1010,1023,1036,-197,1062,1075,1088,1101,-192,1127,1140,1153,1166,-187,1192,1205,1218,1231,-182,1257,1270,1283,1296,-177
1777950904463,2026-05-05T03:15:04.463Z,469,870,883,896,909,-166,935,948,961,974,-161,1000,1013,1026,1039,-196,1065,1078,1091,1104,-191,1130,1143,1156,1169,-186,1195,1208,1221,1234,-181,1260,1273,1286,1299,-176
1777950904571,2026-05-05T03:15:04.571Z,470,873,886,899,912,-165,938,951,964,977,-200,1003,1016,1029,1042,-195,1068,1081,1094,1107,-190,1133,1146,1159,1172,-185,1198,1211,1224,1237,-180,1263,1276,1289,1302,-175
1777950904680,2026-05-05T03:15:04.680Z,471,876,889,902,915,-164,941,954,967,980,-199,1006,1019,1032,1045,-194,1071,1084,1097,1110,-189,1136,1149,1162,1175,-184,1201,1214,1227,1240,-179,1266,1279,1292,1305,-174
1777950904790,2026-05-05T03:15:04.790Z,472,879,892,905,918,-163,944,957,970,983,-198,1009,1022,1035,1048,-193,1074,1087,1100,1113,-188,1139,1152,1165,1178,-183,1204,1217,1230,1243,-178,1269,1282,1295,1308,-173
1777950904899,2026-05-05T03:15:04.899Z,473,882,895,908,921,-162,947,960,973,986,-197,1012,1025,1038,1051,-192,1077,1090,1103,1116,-187,1142,1155,1168,1181,-182,1207,1220,1233,1246,-177,1272,1285,1298,1311,-172
1777950905009,2026-05-05T03:15:05.009Z,474,885,898,911,924,-161,950,963,976,989,-196,1015,1028,1041,1054,-191,1080,1093,1106,1119,-186,1145,1158,1171,1184,-181,1210,1223,1236,1249,-176,1275,1288,1301,1314,-171
1777950905117,2026-05-05T03:15:05.117Z,475,888,901,914,927,-200,953,966,979,992,-195,1018,1031,1044,1057,-190,1083,1096,1109,1122,-185,1148,1161,1174,1187,-180,1213,1226,1239,1252,-175,1278,1291,1304,1317,-170
1777950905227,2026-05-05T03:15:05.227Z,476,891,904,917,930,-199,956,969,982,995,-194,1021,1034,1047,1060,-189,1086,1099,1112,1125,-184,1151,1164,1177,1190,-179,1216,1229,1242,1255,-174,1281,1294,1307,1320,-169
1777950905335,2026-05-05T03:15:05.335Z,477,894,907,920,933,-198,959,972,985,998,-193,1024,1037,1050,1063,-188,1089,1102,1115,1128,-183,1154,1167,1180,1193,-178,1219,1232,1245,1258,-173,1284,1297,1310,1323,-168
1777950905444,2026-05-05T03:15:05.444Z,478,897,910,923,936,-197,962,975,988,1001,-192,1027,1040,1053,1066,-187,1092,1105,1118,1131,-182,1157,1170,1183,1196,-177,1222,1235,1248,1261,-172,1287,1300,1313,1326,-167
1777950905554,2026-05-05T03:15:05.554Z,479,900,913,926,939,-196,965,978,991,1004,-191,1030,1043,1056,1069,-186,1095,1108,1121,1134,-181,1160,1173,1186,1199,-176,1225,1238,1251,1264,-171,1290,1303,1316,1329,-166
1777950905664,2026-05-05T03:15:05.664Z,480,813,826,839,852,-195,878,891,904,917,-190,943,956,969,982,-185,1008,1021,1034,1047,-180,1073,1086,1099,1112,-175,1138,1151,1164,1177,-170,1203,1216,1229,1242,-165
1777950905774,2026-05-05T03:15:05.774Z,481,816,829,842,855,-194,881,894,907,920,-189,946,959,972,985,-184,1011,1024,1037,1050,-179,1076,1089,1102,1115,-174,1141,1154,1167,1180,-169,1206,1219,1232,1245,-164
1777950905884,2026-05-05T03:15:05.884Z,482,819,832,845,858,-193,884,897,910,923,-188,949,962,975,988,-183,1014,1027,1040,1053,-178,1079,1092,1105,1118,-173,1144,1157,1170,1183,-168,1209,1222,1235,1248,-163
1777950905993,2026-05-05T03:15:05.993Z,483,822,835,848,861,-192,887,900,913,926,-187,952,965,978,991,-182,1017,1030,1043,1056,-177,1082,1095,1108,1121,-172,1147,1160,1173,1186,-167,1212,1225,1238,1251,-162
1777950906102,2026-05-05T03:15:06.102Z,484,825,838,851,864,-191,890,903,916,929,-186,955,968,981,994,-181,1020,1033,1046,1059,-176,1085,1098,1111,1124,-171,1150,1163,1176,1189,-166,1215,1228,1241,1254,-161
1777950906212,2026-05-05T03:15:06.212Z,485,828,841,854,867,-190,893,906,919,932,-185,958,971,984,997,-180,1023,1036,1049,1062,-175,1088,1101,1114,1127,-170,1153,1166,1179,1192,-165,1218,1231,1244,1257,-200
1777950906321,2026-05-05T03:15:06.321Z,486,831,844,857,870,-189,896,909,922,935,-184,961,974,987,1000,-179,1026,1039,1052,1065,-174,1091,1104,1117,1130,-169,1156,1169,1182,1195,-164,1221,1234,1247,1260,-199
1777950906430,2026-05-05T03:15:06.430Z,487,834,847,860,873,-188,899,912,925,938,-183,964,977,990,1003,-178,1029,1042,1055,1068,-173,1094,1107,1120,1133,-168,1159,1172,1185,1198,-163,1224,1237,1250,1263,-198
1777950906540,2026-05-05T03:15:06.540Z,488,837,850,863,876,-187,902,915,928,941,-182,967,980,993,1006,-177,1032,1045,1058,1071,-172,1097,1110,1123,1136,-167,1162,1175,1188,1201,-162,1227,1240,1253,1266,-197
1777950906651,2026-05-05T03:15:06.651Z,489,840,853,866,879,-186,905,918,931,944,-181,970,983,996,1009,-176,1035,1048,1061,1074,-171,1100,1113,1126,1139,-166,1165,1178,1191,1204,-161,1230,1243,1256,1269,-196
1777950906759,2026-05-05T03:15:06.759Z,490,843,856,869,882,-185,908,921,934,947,-180,973,986,999,1012,-175,1038,1051,1064,1077,-170,1103,1116,1129,1142,-165,1168,1181,1194,1207,-200,1233,1246,1259,1272,-195
1777950906868,2026-05-05T03:15:06.868Z,491,846,859,872,885,-184,911,924,937,950,-179,976,989,1002,1015,-174,1041,1054,1067,1080,-169,1106,1119,1132,1145,-164,1171,1184,1197,1210,-199,1236,1249,1262,1275,-194
1777950906978,2026-05-05T03:15:06.978Z,492,849,862,875,888,-183,914,927,940,953,-178,979,992,1005,1018,-173,1044,1057,1070,1083,-168,1109,1122,1135,1148,-163,1174,1187,1200,1213,-198,1239,1252,1265,1278,-193
1777950907088,2026-05-05T03:15:07.088Z,493,852,865,878,891,-182,917,930,943,956,-177,982,995,1008,1021,-172,1047,1060,1073,1086,-167,1112,1125,1138,1151,-162,1177,1190,1203,1216,-197,1242,1255,1268,1281,-192
1777950907199,2026-05-05T03:15:07.199Z,494,855,868,881,894,-181,920,933,946,959,-176,985,998,1011,1024,-171,1050,1063,1076,1089,-166,1115,1128,1141,1154,-161,1180,1193,1206,1219,-196,1245,1258,1271,1284,-191
1777950907310,2026-05-05T03:15:07.310Z,495,858,871,884,897,-180,923,936,949,962,-175,988,1001,1014,1027,-170,1053,1066,1079,1092,-165,1118,1131,1144,1157,-200,1183,1196,1209,1222,-195,1248,1261,1274,1287,-190
1777950907419,2026-05-05T03:15:07.419Z,496,861,874,887,900,-179,926,939,952,965,-174,991,1004,1017,1030,-169,1056,1069,1082,1095,-164,1121,1134,1147,1160,-199,1186,1199,1212,1225,-194,1251,1264,1277,1290,-189
1777950907528,2026-05-05T03:15:07.528Z,497,864,877,890,903,-178,929,942,955,968,-173,994,1007,1020,1033,-168,1059,1072,1085,1098,-163,1124,1137,1150,1163,-198,1189,1202,1215,1228,-193,1254,1267,1280,1293,-188
1777950907637,2026-05-05T03:15:07.637Z,498,867,880,893,906,-177,932,945,958,971,-172,997,1010,1023,1036,-167,1062,1075,1088,1101,-162,1127,1140,1153,1166,-197,1192,1205,1218,1231,-192,1257,1270,1283,1296,-187
1777950907747,2026-05-05T03:15:07.747Z,499,870,883,896,909,-176,935,948,961,974,-171,1000,1013,1026,1039,-166,1065,1078,1091,1104,-161,1130,1143,1156,1169,-196,1195,1208,1221,1234,-191,1260,1273,1286,1299,-186
1777950907857,2026-05-05T03:15:07.857Z,500,873,886,899,912,-175,938,951,964,977,-170,1003,1016,1029,1042,-165,1068,1081,1094,1107,-200,1133,1146,1159,1172,-195,1198,1211,1224,1237,-190,1263,1276,1289,1302,-185
1777950907965,2026-05-05T03:15:07.965Z,501,876,889,902,915,-174,941,954,967,980,-169,1006,1019,1032,1045,-164,1071,1084,1097,1110,-199,1136,1149,1162,1175,-194,1201,1214,1227,1240,-189,1266,1279,1292,1305,-184
1777950908072,2026-05-05T03:15:08.072Z,502,879,892,905,918,-173,944,957,970,983,-168,1009,1022,1035,1048,-163,1074,1087,1100,1113,-198,1139,1152,1165,1178,-193,1204,1217,1230,1243,-188,1269,1282,1295,1308,-183
1777950908180,2026-05-05T03:15:08.180Z,503,882,895,908,921,-172,947,960,973,986,-167,1012,1025,1038,1051,-162,1077,1090,1103,1116,-197,1142,1155,1168,1181,-192,1207,1220,1233,1246,-187,1272,1285,1298,1311,-182
1777950908289,2026-05-05T03:15:08.289Z,504,885,898,911,924,-171,950,963,976,989,-166,1015,1028,1041,1054,-161,1080,1093,1106,1119,-196,1145,1158,1171,1184,-191,1210,1223,1236,1249,-186,1275,1288,1301,1314,-181
1777950908398,2026-05-05T03:15:08.398Z,505,888,901,914,927,-170,953,966,979,992,-165,1018,1031,1044,1057,-200,1083,1096,1109,1122,-195,1148,1161,1174,1187,-190,1213,1226,1239,1252,-185,1278,1291,1304,1317,-180
1777950908508,2026-05-05T03:15:08.508Z,506,891,904,917,930,-169,956,969,982,995,-164,1021,1034,1047,1060,-199,1086,1099,1112,1125,-194,1151,1164,1177,1190,-189,1216,1229,1242,1255,-184,1281,1294,1307,1320,-179
1777950908618,2026-05-05T03:15:08.618Z,507,894,907,920,933,-168,959,972,985,998,-163,1024,1037,1050,1063,-198,1089,1102,1115,1128,-193,1154,1167,1180,1193,-188,1219,1232,1245,1258,-183,1284,1297,1310,1323,-178
1777950908728,2026-05-05T03:15:08.728Z,508,897,910,923,936,-167,962,975,988,1001,-162,1027,1040,1053,1066,-197,1092,1105,1118,1131,-192,1157,1170,1183,1196,-187,1222,1235,1248,1261,-182,1287,1300,1313,1326,-177
1777950908837,2026-05-05T03:15:08.837Z,509,900,913,926,939,-166,965,978,991,1004,-161,1030,1043,1056,1069,-196,1095,1108,1121,1134,-191,1160,1173,1186,1199,-186,1225,1238,1251,1264,-181,1290,1303,1316,1329,-176
1777950908947,2026-05-05T03:15:08.947Z,510,813,826,839,852,-165,878,891,904,917,-200,943,956,969,982,-195,1008,1021,1034,1047,-190,1073,1086,1099,1112,-185,1138,1151,1164,1177,-180,1203,1216,1229,1242,-175
1777950909055,2026-05-05T03:15:09.055Z,511,816,829,842,855,-164,881,894,907,920,-199,946,959,972,985,-194,1011,1024,1037,1050,-189,1076,1089,1102,1115,-184,1141,1154,1167,1180,-179,1206,1219,1232,1245,-174
1777950909164,2026-05-05T03:15:09.164Z,512,819,832,845,858,-163,884,897,910,923,-198,949,962,975,988,-193,1014,1027,1040,1053,-188,1079,1092,1105,1118,-183,1144,1157,1170,1183,-178,1209,1222,1235,1248,-173
1777950909274,2026-05-05T03:15:09.274Z,513,822,835,848,861,-162,887,900,913,926,-197,952,965,978,991,-192,1017,1030,1043,1056,-187,1082,1095,1108,1121,-182,1147,1160,1173,1186,-177,1212,1225,1238,1251,-172
1777950909383,2026-05-05T03:15:09.383Z,514,825,838,851,864,-161,890,903,916,929,-196,955,968,981,994,-191,1020,1033,1046,1059,-186,1085,1098,1111,1124,-181,1150,1163,1176,1189,-176,1215,1228,1241,1254,-171
1777950909490,2026-05-05T03:15:09.490Z,515,828,841,854,867,-200,893,906,919,932,-195,958,971,984,997,-190,1023,1036,1049,1062,-185,1088,1101,1114,1127,-180,1153,1166,1179,1192,-175,1218,1231,1244,1257,-170
1777950909598,2026-05-05T03:15:09.598Z,516,831,844,857,870,-199,896,909,922,935,-194,961,974,987,1000,-189,1026,1039,1052,1065,-184,1091,1104,1117,1130,-179,1156,1169,1182,1195,-174,1221,1234,1247,1260,-169
1777950909707,2026-05-05T03:15:09.707Z,517,834,847,860,873,-198,899,912,925,938,-193,964,977,990,1003,-188,1029,1042,1055,1068,-183,1094,1107,1120,1133,-178,1159,1172,1185,1198,-173,1224,1237,1250,1263,-168
1777950909816,2026-05-05T03:15:09.816Z,518,837,850,863,876,-197,902,915,928,941,-192,967,980,993,1006,-187,1032,1045,1058,1071,-182,1097,1110,1123,1136,-177,1162,1175,1188,1201,-172,1227,1240,1253,1266,-167
1777950909926,2026-05-05T03:15:09.926Z,519,840,853,866,879,-196,905,918,931,944,-191,970,983,996,1009,-186,1035,1048,1061,1074,-181,1100,1113,1126,1139,-176,1165,1178,1191,1204,-171,1230,1243,1256,1269,-166
1777950910035,2026-05-05T03:15:10.035Z,520,843,856,869,882,-195,908,921,934,947,-190,973,986,999,1012,-185,1038,1051,1064,1077,-180,1103,1116,1129,1142,-175,1168,1181,1194,1207,-170,1233,1246,1259,1272,-165
1777950910145,2026-05-05T03:15:10.145Z,521,846,859,872,885,-194,911,924,937,950,-189,976,989,1002,1015,-184,1041,1054,1067,1080,-179,1106,1119,1132,1145,-174,1171,1184,1197,1210,-169,1236,1249,1262,1275,-164
1777950910254,2026-05-05T03:15:10.254Z,522,849,862,875,888,-193,914,927,940,953,-188,979,992,1005,1018,-183,1044,1057,1070,1083,-178,1109,1122,1135,1148,-173,1174,1187,1200,1213,-168,1239,1252,1265,1278,-163
1777950910362,2026-05-05T03:15:10.362Z,523,852,865,878,891,-192,917,930,943,956,-187,982,995,1008,1021,-182,1047,1060,1073,1086,-177,1112,1125,1138,1151,-172,1177,1190,1203,1216,-167,1242,1255,1268,1281,-162
1777950910471,2026-05-05T03:15:10.471Z,524,855,868,881,894,-191,920,933,946,959,-186,985,998,1011,1024,-181,1050,1063,1076,1089,-176,1115,1128,1141,1154,-171,1180,1193,1206,1219,-166,1245,1258,1271,1284,-161
1777950910581,2026-05-05T03:15:10.581Z,525,858,871,884,897,-190,923,936,949,962,-185,988,1001,1014,1027,-180,1053,1066,1079,1092,-175,1118,1131,1144,1157,-170,1183,1196,1209,1222,-165,1248,1261,1274,1287,-200
1777950910690,2026-05-05T03:15:10.690Z,526,861,874,887,900,-189,926,939,952,965,-184,991,1004,1017,1030,-179,1056,1069,1082,1095,-174,1121,1134,1147,1160,-169,1186,1199,1212,1225,-164,1251,1264,1277,1290,-199
1777950910798,2026-05-05T03:15:10.798Z,527,864,877,890,903,-188,929,942,955,968,-183,994,1007,1020,1033,-178,1059,1072,1085,1098,-173,1124,1137,1150,1163,-168,1189,1202,1215,1228,-163,1254,1267,1280,1293,-198
1777950910907,2026-05-05T03:15:10.907Z,528,867,880,893,906,-187,932,945,958,971,-182,997,1010,1023,1036,-177,1062,1075,1088,1101,-172,1127,1140,1153,1166,-167,1192,1205,1218,1231,-162,1257,1270,1283,1296,-197
1777950911015,2026-05-05T03:15:11.015Z,529,870,883,896,909,-186,935,948,961,974,-181,1000,1013,1026,1039,-176,1065,1078,1091,1104,-171,1130,1143,1156,1169,-166,1195,1208,1221,1234,-161,1260,1273,1286,1299,-196
1777950911125,2026-05-05T03:15:11.125Z,530,873,886,899,912,-185,938,951,964,977,-180,1003,1016,1029,1042,-175,1068,1081,1094,1107,-170,1133,1146,1159,1172,-165,1198,1211,1224,1237,-200,1263,1276,1289,1302,-195
1777950911233,2026-05-05T03:15:11.233Z,531,876,889,902,915,-184,941,954,967,980,-179,1006,1019,1032,1045,-174,1071,1084,1097,1110,-169,1136,1149,1162,1175,-164,1201,1214,1227,1240,-199,1266,1279,1292,1305,-194
1777950911342,2026-05-05T03:15:11.342Z,532,879,892,905,918,-183,944,957,970,983,-178,1009,1022,1035,1048,-173,1074,1087,1100,1113,-168,1139,1152,1165,1178,-163,1204,1217,1230,1243,-198,1269,1282,1295,1308,-193
1777950911450,2026-05-05T03:15:11.450Z,533,882,895,908,921,-182,947,960,973,986,-177,1012,1025,1038,1051,-172,1077,1090,1103,1116,-167,1142,1155,1168,1181,-162,1207,1220,1233,1246,-197,1272,1285,1298,1311,-192
1777950911560,2026-05-05T03:15:11.560Z,534,885,898,911,924,-181,950,963,976,989,-176,1015,1028,1041,1054,-171,1080,1093,1106,1119,-166,1145,1158,1171,1184,-161,1210,1223,1236,1249,-196,1275,1288,1301,1314,-191
1777950911669,2026-05-05T03:15:11.669Z,535,888,901,914,927,-180,953,966,979,992,-175,1018,1031,1044,1057,-170,1083,1096,1109,1122,-165,1148,1161,1174,1187,-200,1213,1226,1239,1252,-195,1278,1291,1304,1317,-190
1777950911777,2026-05-05T03:15:11.777Z,536,891,904,917,930,-179,956,969,982,995,-174,1021,1034,1047,1060,-169,1086,1099,1112,1125,-164,1151,1164,1177,1190,-199,1216,1229,1242,1255,-194,1281,1294,1307,1320,-189
1777950911887,2026-05-05T03:15:11.887Z,537,894,907,920,933,-178,959,972,985,998,-173,1024,1037,1050,1063,-168,1089,1102,1115,1128,-163,1154,1167,1180,1193,-198,1219,1232,1245,1258,-193,1284,1297,1310,1323,-188
1777950911994,2026-05-05T03:15:11.994Z,538,897,910,923,936,-177,962,975,988,1001,-172,1027,1040,1053,1066,-167,1092,1105,1118,1131,-162,1157,1170,1183,1196,-197,1222,1235,1248,1261,-192,1287,1300,1313,1326,-187
1777950912103,2026-05-05T03:15:12.103Z,539,900,913,926,939,-176,965,978,991,1004,-171,1030,1043,1056,1069,-166,1095,1108,1121,1134,-161,1160,1173,1186,1199,-196,1225,1238,1251,1264,-191,1290,1303,1316,1329,-186
1777950912213,2026-05-05T03:15:12.213Z,540,813,826,839,852,-175,878,891,904,917,-170,943,956,969,982,-165,1008,1021,1034,1047,-200,1073,1086,1099,1112,-195,1138,1151,1164,1177,-190,1203,1216,1229,1242,-185
1777950912322,2026-05-05T03:15:12.322Z,541,816,829,842,855,-174,881,894,907,920,-169,946,959,972,985,-164,1011,1024,1037,1050,-199,1076,1089,1102,1115,-194,1141,1154,1167,1180,-189,1206,1219,1232,1245,-184
1777950912433,2026-05-05T03:15:12.433Z,542,819,832,845,858,-173,884,897,910,923,-168,949,962,975,988,-163,1014,1027,1040,1053,-198,1079,1092,1105,1118,-193,1144,1157,1170,1183,-188,1209,1222,1235,1248,-183
1777950912543,2026-05-05T03:15:12.543Z,543,822,835,848,861,-172,887,900,913,926,-167,952,965,978,991,-162,1017,1030,1043,1056,-197,1082,1095,1108,1121,-192,1147,1160,1173,1186,-187,1212,1225,1238,1251,-182
1777950912653,2026-05-05T03:15:12.653Z,544,825,838,851,864,-171,890,903,916,929,-166,955,968,981,994,-161,1020,1033,1046,1059,-196,1085,1098,1111,1124,-191,1150,1163,1176,1189,-186,1215,1228,1241,1254,-181
1777950912761,2026-05-05T03:15:12.761Z,545,828,841,854,867,-170,893,906,919,932,-165,958,971,984,997,-200,1023,1036,1049,1062,-195,1088,1101,1114,1127,-190,1153,1166,1179,1192,-185,1218,1231,1244,1257,-180
1777950912871,2026-05-05T03:15:12.871Z,546,831,844,857,870,-169,896,909,922,935,-164,961,974,987,1000,-199,1026,1039,1052,1065,-194,1091,1104,1117,1130,-189,1156,1169,1182,1195,-184,1221,1234,1247,1260,-179
1777950912979,2026-05-05T03:15:12.979Z,547,834,847,860,873,-168,899,912,925,938,-163,964,977,990,1003,-198,1029,1042,1055,1068,-193,1094,1107,1120,1133,-188,1159,1172,1185,1198,-183,1224,1237,1250,1263,-178
1777950913088,2026-05-05T03:15:13.088Z,548,837,850,863,876,-167,902,915,928,941,-162,967,980,993,1006,-197,1032,1045,1058,1071,-192,1097,1110,1123,1136,-187,1162,1175,1188,1201,-182,1227,1240,1253,1266,-177
1777950913197,2026-05-05T03:15:13.197Z,549,840,853,866,879,-166,905,918,931,944,-161,970,983,996,1009,-196,1035,1048,1061,1074,-191,1100,1113,1126,1139,-186,1165,1178,1191,1204,-181,1230,1243,1256,1269,-176
1777950913305,2026-05-05T03:15:13.305Z,550,843,856,869,882,-165,908,921,934,947,-200,973,986,999,1012,-195,1038,1051,1064,1077,-190,1103,1116,1129,1142,-185,1168,1181,1194,1207,-180,1233,1246,1259,1272,-175
1777950913415,2026-05-05T03:15:13.415Z,551,846,859,872,885,-164,911,924,937,950,-199,976,989,1002,1015,-194,1041,1054,1067,1080,-189,1106,1119,1132,1145,-184,1171,1184,1197,1210,-179,1236,1249,1262,1275,-174
1777950913525,2026-05-05T03:15:13.525Z,552,849,862,875,888,-163,914,927,940,953,-198,979,992,1005,1018,-193,1044,1057,1070,1083,-188,1109,1122,1135,1148,-183,1174,1187,1200,1213,-178,1239,1252,1265,1278,-173
1777950913634,2026-05-05T03:15:13.634Z,553,852,865,878,891,-162,917,930,943,956,-197,982,995,1008,1021,-192,1047,1060,1073,1086,-187,1112,1125,1138,1151,-182,1177,1190,1203,1216,-177,1242,1255,1268,1281,-172
1777950913743,2026-05-05T03:15:13.743Z,554,855,868,881,894,-161,920,933,946,959,-196,985,998,1011,1024,-191,1050,1063,1076,1089,-186,1115,1128,1141,1154,-181,1180,1193,1206,1219,-176,1245,1258,1271,1284,-171
1777950913851,2026-05-05T03:15:13.851Z,555,858,871,884,897,-200,923,936,949,962,-195,988,1001,1014,1027,-190,1053,1066,1079,1092,-185,1118,1131,1144,1157,-180,1183,1196,1209,1222,-175,1248,1261,1274,1287,-170
1777950913961,2026-05-05T03:15:13.961Z,556,861,874,887,900,-199,926,939,952,965,-194,991,1004,1017,1030,-189,1056,1069,1082,1095,-184,1121,1134,1147,1160,-179,1186,1199,1212,1225,-174,1251,1264,1277,1290,-169
1777950914070,2026-05-05T03:15:14.070Z,557,864,877,890,903,-198,929,942,955,968,-193,994,1007,1020,1033,-188,1059,1072,1085,1098,-183,1124,1137,1150,1163,-178,1189,1202,1215,1228,-173,1254,1267,1280,1293,-168
1777950914179,2026-05-05T03:15:14.179Z,558,867,880,893,906,-197,932,945,958,971,-192,997,1010,1023,1036,-187,1062,1075,1088,1101,-182,1127,1140,1153,1166,-177,1192,1205,1218,1231,-172,1257,1270,1283,1296,-167
1777950914289,2026-05-05T03:15:14.289Z,559,870,883,896,909,-196,935,948,961,974,-191,1000,1013,1026,1039,-186,1065,1078,1091,1104,-181,1130,1143,1156,1169,-176,1195,1208,1221,1234,-171,1260,1273,1286,1299,-166
1777950914398,2026-05-05T03:15:14.398Z,560,873,886,899,912,-195,938,951,964,977,-190,1003,1016,1029,1042,-185,1068,1081,1094,1107,-180,1133,1146,1159,1172,-175,1198,1211,1224,1237,-170,1263,1276,1289,1302,-165
1777950914507,2026-05-05T03:15:14.507Z,561,876,889,902,915,-194,941,954,967,980,-189,1006,1019,1032,1045,-184,1071,1084,1097,1110,-179,1136,1149,1162,1175,-174,1201,1214,1227,1240,-169,1266,1279,1292,1305,-164
1777950914616,2026-05-05T03:15:14.616Z,562,879,892,905,918,-193,944,957,970,983,-188,1009,1022,1035,1048,-183,1074,1087,1100,1113,-178,1139,1152,1165,1178,-173,1204,1217,1230,1243,-168,1269,1282,1295,1308,-163
1777950914725,2026-05-05T03:15:14.725Z,563,882,895,908,921,-192,947,960,973,986,-187,1012,1025,1038,1051,-182,1077,1090,1103,1116,-177,1142,1155,1168,1181,-172,1207,1220,1233,1246,-167,1272,1285,1298,1311,-162
1777950914834,2026-05-05T03:15:14.834Z,564,885,898,911,924,-191,950,963,976,989,-186,1015,1028,1041,1054,-181,1080,1093,1106,1119,-176,1145,1158,1171,1184,-171,1210,1223,1236,1249,-166,1275,1288,1301,1314,-161
1777950914943,2026-05-05T03:15:14.943Z,565,888,901,914,927,-190,953,966,979,992,-185,1018,1031,1044,1057,-180,1083,1096,1109,1122,-175,1148,1161,1174,1187,-170,1213,1226,1239,1252,-165,1278,1291,1304,1317,-200
1777950915051,2026-05-05T03:15:15.051Z,566,891,904,917,930,-189,956,969,982,995,-184,1021,1034,1047,1060,-179,1086,1099,1112,1125,-174,1151,1164,1177,1190,-169,1216,1229,1242,1255,-164,1281,1294,1307,1320,-199
1777950915160,2026-05-05T03:15:15.160Z,567,894,907,920,933,-188,959,972,985,998,-183,1024,1037,1050,1063,-178,1089,1102,1115,1128,-173,1154,1167,1180,1193,-168,1219,1232,1245,1258,-163,1284,1297,1310,1323,-198
1777950915268,2026-05-05T03:15:15.268Z,568,897,910,923,936,-187,962,975,988,1001,-182,1027,1040,1053,1066,-177,1092,1105,1118,1131,-172,1157,1170,1183,1196,-167,1222,1235,1248,1261,-162,1287,1300,1313,1326,-197
1777950915378,2026-05-05T03:15:15.378Z,569,900,913,926,939,-186,965,978,991,1004,-181,1030,1043,1056,1069,-176,1095,1108,1121,1134,-171,1160,1173,1186,1199,-166,1225,1238,1251,1264,-161,1290,1303,1316,1329,-196
1777950915487,2026-05-05T03:15:15.487Z,570,813,826,839,852,-185,878,891,904,917,-180,943,956,969,982,-175,1008,1021,1034,1047,-170,1073,1086,1099,1112,-165,1138,1151,1164,1177,-200,1203,1216,1229,1242,-195
1777950915598,2026-05-05T03:15:15.598Z,571,816,829,842,855,-184,881,894,907,920,-179,946,959,972,985,-174,1011,1024,1037,1050,-169,1076,1089,1102,1115,-164,1141,1154,1167,1180,-199,1206,1219,1232,1245,-194
1777950915707,2026-05-05T03:15:15.707Z,572,819,832,845,858,-183,884,897,910,923,-178,949,962,975,988,-173,1014,1027,1040,1053,-168,1079,1092,1105,1118,-163,1144,1157,1170,1183,-198,1209,1222,1235,1248,-193
1777950915821,2026-05-05T03:15:15.821Z,573,822,835,848,861,-182,887,900,913,926,-177,952,965,978,991,-172,1017,1030,1043,1056,-167,1082,1095,1108,1121,-162,1147,1160,1173,1186,-197,1212,1225,1238,1251,-192
1777950915924,2026-05-05T03:15:15.924Z,574,825,838,851,864,-181,890,903,916,929,-176,955,968,981,994,-171,1020,1033,1046,1059,-166,1085,1098,1111,1124,-161,1150,1163,1176,1189,-196,1215,1228,1241,1254,-191
1777950916033,2026-05-05T03:15:16.033Z,575,828,841,854,867,-180,893,906,919,932,-175,958,971,984,997,-170,1023,1036,1049,1062,-165,1088,1101,1114,1127,-200,1153,1166,1179,1192,-195,1218,1231,1244,1257,-190
1777950916142,2026-05-05T03:15:16.142Z,576,831,844,857,870,-179,896,909,922,935,-174,961,974,987,1000,-169,1026,1039,1052,1065,-164,1091,1104,1117,1130,-199,1156,1169,1182,1195,-194,1221,1234,1247,1260,-189
1777950916251,2026-05-05T03:15:16.251Z,577,834,847,860,873,-178,899,912,925,938,-173,964,977,990,1003,-168,1029,1042,1055,1068,-163,1094,1107,1120,1133,-198,1159,1172,1185,1198,-193,1224,1237,1250,1263,-188
1777950916359,2026-05-05T03:15:16.359Z,578,837,850,863,876,-177,902,915,928,941,-172,967,980,993,1006,-167,1032,1045,1058,1071,-162,1097,1110,1123,1136,-197,1162,1175,1188,1201,-192,1227,1240,1253,1266,-187
1777950916468,2026-05-05T03:15:16.468Z,579,840,853,866,879,-176,905,918,931,944,-171,970,983,996,1009,-166,1035,1048,1061,1074,-161,1100,1113,1126,1139,-196,1165,1178,1191,1204,-191,1230,1243,1256,1269,-186
1777950916578,2026-05-05T03:15:16.578Z,580,843,856,869,882,-175,908,921,934,947,-170,973,986,999,1012,-165,1038,1051,1064,1077,-200,1103,1116,1129,1142,-195,1168,1181,1194,1207,-190,1233,1246,1259,1272,-185
1777950916686,2026-05-05T03:15:16.686Z,581,846,859,872,885,-174,911,924,937,950,-169,976,989,1002,1015,-164,1041,1054,1067,1080,-199,1106,1119,1132,1145,-194,1171,1184,1197,1210,-189,1236,1249,1262,1275,-184
1777950916795,2026-05-05T03:15:16.795Z,582,849,862,875,888,-173,914,927,940,953,-168,979,992,1005,1018,-163,1044,1057,1070,1083,-198,1109,1122,1135,1148,-193,1174,1187,1200,1213,-188,1239,1252,1265,1278,-183
1777950916904,2026-05-05T03:15:16.904Z,583,852,865,878,891,-172,917,930,943,956,-167,982,995,1008,1021,-162,1047,1060,1073,1086,-197,1112,1125,1138,1151,-192,1177,1190,1203,1216,-187,1242,1255,1268,1281,-182
1777950917012,2026-05-05T03:15:17.012Z,584,855,868,881,894,-171,920,933,946,959,-166,985,998,1011,1024,-161,1050,1063,1076,1089,-196,1115,1128,1141,1154,-191,1180,1193,1206,1219,-186,1245,1258,1271,1284,-181
1777950917121,2026-05-05T03:15:17.121Z,585,858,871,884,897,-170,923,936,949,962,-165,988,1001,1014,1027,-200,1053,1066,1079,1092,-195,1118,1131,1144,1157,-190,1183,1196,1209,1222,-185,1248,1261,1274,1287,-180
1777950917231,2026-05-05T03:15:17.231Z,586,861,874,887,900,-169,926,939,952,965,-164,991,1004,1017,1030,-199,1056,1069,1082,1095,-194,1121,1134,1147,1160,-189,1186,1199,1212,1225,-184,1251,1264,1277,1290,-179
1777950917340,2026-05-05T03:15:17.340Z,587,864,877,890,903,-168,929,942,955,968,-163,994,1007,1020,1033,-198,1059,1072,1085,1098,-193,1124,1137,1150,1163,-188,1189,1202,1215,1228,-183,1254,1267,1280,1293,-178
1777950917447,2026-05-05T03:15:17.447Z,588,867,880,893,906,-167,932,945,958,971,-162,997,1010,1023,1036,-197,1062,1075,1088,1101,-192,1127,1140,1153,1166,-187,1192,1205,1218,1231,-182,1257,1270,1283,1296,-177
1777950917557,2026-05-05T03:15:17.557Z,589,870,883,896,909,-166,935,948,961,974,-161,1000,1013,1026,1039,-196,1065,1078,1091,1104,-191,1130,1143,1156,1169,-186,1195,1208,1221,1234,-181,1260,1273,1286,1299,-176
1777950917666,2026-05-05T03:15:17.666Z,590,873,886,899,912,-165,938,951,964,977,-200,1003,1016,1029,1042,-195,1068,1081,1094,1107,-190,1133,1146,1159,1172,-185,1198,1211,1224,1237,-180,1263,1276,1289,1302,-175
1777950917777,2026-05-05T03:15:17.777Z,591,876,889,902,915,-164,941,954,967,980,-199,1006,1019,1032,1045,-194,1071,1084,1097,1110,-189,1136,1149,1162,1175,-184,1201,1214,1227,1240,-179,1266,1279,1292,1305,-174
1777950917884,2026-05-05T03:15:17.884Z,592,879,892,905,918,-163,944,957,970,983,-198,1009,1022,1035,1048,-193,1074,1087,1100,1113,-188,1139,1152,1165,1178,-183,1204,1217,1230,1243,-178,1269,1282,1295,1308,-173
1777950917994,2026-05-05T03:15:17.994Z,593,882,895,908,921,-162,947,960,973,986,-197,1012,1025,1038,1051,-192,1077,1090,1103,1116,-187,1142,1155,1168,1181,-182,1207,1220,1233,1246,-177,1272,1285,1298,1311,-172
1777950918101,2026-05-05T03:15:18.101Z,594,885,898,911,924,-161,950,963,976,989,-196,1015,1028,1041,1054,-191,1080,1093,1106,1119,-186,1145,1158,1171,1184,-181,1210,1223,1236,1249,-176,1275,1288,1301,1314,-171
1777950918210,2026-05-05T03:15:18.210Z,595,888,901,914,927,-200,953,966,979,992,-195,1018,1031,1044,1057,-190,1083,1096,1109,1122,-185,1148,1161,1174,1187,-180,1213,1226,1239,1252,-175,1278,1291,1304,1317,-170
1777950918319,2026-05-05T03:15:18.319Z,596,891,904,917,930,-199,956,969,982,995,-194,1021,1034,1047,1060,-189,1086,1099,1112,1125,-184,1151,1164,1177,1190,-179,1216,1229,1242,1255,-174,1281,1294,1307,1320,-169
1777950918427,2026-05-05T03:15:18.427Z,597,894,907,920,933,-198,959,972,985,998,-193,1024,1037,1050,1063,-188,1089,1102,1115,1128,-183,1154,1167,1180,1193,-178,1219,1232,1245,1258,-173,1284,1297,1310,1323,-168
1777950918536,2026-05-05T03:15:18.536Z,598,897,910,923,936,-197,962,975,988,1001,-192,1027,1040,1053,1066,-187,1092,1105,1118,1131,-182,1157,1170,1183,1196,-177,1222,1235,1248,1261,-172,1287,1300,1313,1326,-167
1777950918644,2026-05-05T03:15:18.644Z,599,900,913,926,939,-196,965,978,991,1004,-191,1030,1043,1056,1069,-186,1095,1108,1121,1134,-181,1160,1173,1186,1199,-176,1225,1238,1251,1264,-171,1290,1303,1316,1329,-166
1777950918753,2026-05-05T03:15:18.753Z,600,813,826,839,852,-195,878,891,904,917,-190,943,956,969,982,-185,1008,1021,1034,1047,-180,1073,1086,1099,1112,-175,1138,1151,1164,1177,-170,1203,1216,1229,1242,-165
1777950918860,2026-05-05T03:15:18.860Z,601,816,829,842,855,-194,881,894,907,920,-189,946,959,972,985,-184,1011,1024,1037,1050,-179,1076,1089,1102,1115,-174,1141,1154,1167,1180,-169,1206,1219,1232,1245,-164
1777950918968,2026-05-05T03:15:18.968Z,602,819,832,845,858,-193,884,897,910,923,-188,949,962,975,988,-183,1014,1027,1040,1053,-178,1079,1092,1105,1118,-173,1144,1157,1170,1183,-168,1209,1222,1235,1248,-163
1777950919077,2026-05-05T03:15:19.077Z,603,822,835,848,861,-192,887,900,913,926,-187,952,965,978,991,-182,1017,1030,1043,1056,-177,1082,1095,1108,1121,-172,1147,1160,1173,1186,-167,1212,1225,1238,1251,-162
1777950919185,2026-05-05T03:15:19.185Z,604,825,838,851,864,-191,890,903,916,929,-186,955,968,981,994,-181,1020,1033,1046,1059,-176,1085,1098,1111,1124,-171,1150,1163,1176,1189,-166,1215,1228,1241,1254,-161
1777950919295,2026-05-05T03:15:19.295Z,605,828,841,854,867,-190,893,906,919,932,-185,958,971,984,997,-180,1023,1036,1049,1062,-175,1088,1101,1114,1127,-170,1153,1166,1179,1192,-165,1218,1231,1244,1257,-200
1777950919403,2026-05-05T03:15:19.403Z,606,831,844,857,870,-189,896,909,922,935,-184,961,974,987,1000,-179,1026,1039,1052,1065,-174,1091,1104,1117,1130,-169,1156,1169,1182,1195,-164,1221,1234,1247,1260,-199
1777950919511,2026-05-05T03:15:19.511Z,607,834,847,860,873,-188,899,912,925,938,-183,964,977,990,1003,-178,1029,1042,1055,1068,-173,1094,1107,1120,1133,-168,1159,1172,1185,1198,-163,1224,1237,1250,1263,-198
1777950919620,2026-05-05T03:15:19.620Z,608,837,850,863,876,-187,902,915,928,941,-182,967,980,993,1006,-177,1032,1045,1058,1071,-172,1097,1110,1123,1136,-167,1162,1175,1188,1201,-162,1227,1240,1253,1266,-197
1777950919727,2026-05-05T03:15:19.727Z,609,840,853,866,879,-186,905,918,931,944,-181,970,983,996,1009,-176,1035,1048,1061,1074,-171,1100,1113,1126,1139,-166,1165,1178,1191,1204,-161,1230,1243,1256,1269,-196
1777950919837,2026-05-05T03:15:19.837Z,610,843,856,869,882,-185,908,921,934,947,-180,973,986,999,1012,-175,1038,1051,1064,1077,-170,1103,1116,1129,1142,-165,1168,1181,1194,1207,-200,1233,1246,1259,1272,-195
1777950919945,2026-05-05T03:15:19.945Z,611,846,859,872,885,-184,911,924,937,950,-179,976,989,1002,1015,-174,1041,1054,1067,1080,-169,1106,1119,1132,1145,-164,1171,1184,1197,1210,-199,1236,1249,1262,1275,-194
1777950920055,2026-05-05T03:15:20.055Z,612,849,862,875,888,-183,914,927,940,953,-178,979,992,1005,1018,-173,1044,1057,1070,1083,-168,1109,1122,1135,1148,-163,1174,1187,1200,1213,-198,1239,1252,1265,1278,-193
1777950920163,2026-05-05T03:15:20.163Z,613,852,865,878,891,-182,917,930,943,956,-177,982,995,1008,1021,-172,1047,1060,1073,1086,-167,1112,1125,1138,1151,-162,1177,1190,1203,1216,-197,1242,1255,1268,1281,-192
1777950920271,2026-05-05T03:15:20.271Z,614,855,868,881,894,-181,920,933,946,959,-176,985,998,1011,1024,-171,1050,1063,1076,1089,-166,1115,1128,1141,1154,-161,1180,1193,1206,1219,-196,1245,1258,1271,1284,-191
1777950920381,2026-05-05T03:15:20.381Z,615,858,871,884,897,-180,923,936,949,962,-175,988,1001,1014,1027,-170,1053,1066,1079,1092,-165,1118,1131,1144,1157,-200,1183,1196,1209,1222,-195,1248,1261,1274,1287,-190
1777950920490,2026-05-05T03:15:20.490Z,616,861,874,887,900,-179,926,939,952,965,-174,991,1004,1017,1030,-169,1056,1069,1082,1095,-164,1121,1134,1147,1160,-199,1186,1199,1212,1225,-194,1251,1264,1277,1290,-189
1777950920599,2026-05-05T03:15:20.599Z,617,864,877,890,903,-178,929,942,955,968,-173,994,1007,1020,1033,-168,1059,1072,1085,1098,-163,1124,1137,1150,1163,-198,1189,1202,1215,1228,-193,1254,1267,1280,1293,-188
1777950920707,2026-05-05T03:15:20.707Z,618,867,880,893,906,-177,932,945,958,971,-172,997,1010,1023,1036,-167,1062,1075,1088,1101,-162,1127,1140,1153,1166,-197,1192,1205,1218,1231,-192,1257,1270,1283,1296,-187
1777950920815,2026-05-05T03:15:20.815Z,619,870,883,896,909,-176,935,948,961,974,-171,1000,1013,1026,1039,-166,1065,1078,1091,1104,-161,1130,1143,1156,1169,-196,1195,1208,1221,1234,-191,1260,1273,1286,1299,-186
1777950920924,2026-05-05T03:15:20.924Z,620,873,886,899,912,-175,938,951,964,977,-170,1003,1016,1029,1042,-165,1068,1081,1094,1107,-200,1133,1146,1159,1172,-195,1198,1211,1224,1237,-190,1263,1276,1289,1302,-185
1777950921034,2026-05-05T03:15:21.034Z,621,876,889,902,915,-174,941,954,967,980,-169,1006,1019,1032,1045,-164,1071,1084,1097,1110,-199,1136,1149,1162,1175,-194,1201,1214,1227,1240,-189,1266,1279,1292,1305,-184
1777950921142,2026-05-05T03:15:21.142Z,622,879,892,905,918,-173,944,957,970,983,-168,1009,1022,1035,1048,-163,1074,1087,1100,1113,-198,1139,1152,1165,1178,-193,1204,1217,1230,1243,-188,1269,1282,1295,1308,-183
1777950921251,2026-05-05T03:15:21.251Z,623,882,895,908,921,-172,947,960,973,986,-167,1012,1025,1038,1051,-162,1077,1090,1103,1116,-197,1142,1155,1168,1181,-192,1207,1220,1233,1246,-187,1272,1285,1298,1311,-182
1777950921358,2026-05-05T03:15:21.358Z,624,885,898,911,924,-171,950,963,976,989,-166,1015,1028,1041,1054,-161,1080,1093,1106,1119,-196,1145,1158,1171,1184,-191,1210,1223,1236,1249,-186,1275,1288,1301,1314,-181
1777950921466,2026-05-05T03:15:21.466Z,625,888,901,914,927,-170,953,966,979,992,-165,1018,1031,1044,1057,-200,1083,1096,1109,1122,-195,1148,1161,1174,1187,-190,1213,1226,1239,1252,-185,1278,1291,1304,1317,-180
1777950921577,2026-05-05T03:15:21.577Z,626,891,904,917,930,-169,956,969,982,995,-164,1021,1034,1047,1060,-199,1086,1099,1112,1125,-194,1151,1164,1177,1190,-189,1216,1229,1242,1255,-184,1281,1294,1307,1320,-179
1777950921686,2026-05-05T03:15:21.686Z,627,894,907,920,933,-168,959,972,985,998,-163,1024,1037,1050,1063,-198,1089,1102,1115,1128,-193,1154,1167,1180,1193,-188,1219,1232,1245,1258,-183,1284,1297,1310,1323,-178
1777950921795,2026-05-05T03:15:21.795Z,628,897,910,923,936,-167,962,975,988,1001,-162,1027,1040,1053,1066,-197,1092,1105,1118,1131,-192,1157,1170,1183,1196,-187,1222,1235,1248,1261,-182,1287,1300,1313,1326,-177
1777950921903,2026-05-05T03:15:21.903Z,629,900,913,926,939,-166,965,978,991,1004,-161,1030,1043,1056,1069,-196,1095,1108,1121,1134,-191,1160,1173,1186,1199,-186,1225,1238,1251,1264,-181,1290,1303,1316,1329,-176
1777950922012,2026-05-05T03:15:22.012Z,630,813,826,839,852,-165,878,891,904,917,-200,943,956,969,982,-195,1008,1021,1034,1047,-190,1073,1086,1099,1112,-185,1138,1151,1164,1177,-180,1203,1216,1229,1242,-175
1777950922121,2026-05-05T03:15:22.121Z,631,816,829,842,855,-164,881,894,907,920,-199,946,959,972,985,-194,1011,1024,1037,1050,-189,1076,1089,1102,1115,-184,1141,1154,1167,1180,-179,1206,1219,1232,1245,-174
1777950922230,2026-05-05T03:15:22.230Z,632,819,832,845,858,-163,884,897,910,923,-198,949,962,975,988,-193,1014,1027,1040,1053,-188,1079,1092,1105,1118,-183,1144,1157,1170,1183,-178,1209,1222,1235,1248,-173
1777950922336,2026-05-05T03:15:22.336Z,633,822,835,848,861,-162,887,900,913,926,-197,952,965,978,991,-192,1017,1030,1043,1056,-187,1082,1095,1108,1121,-182,1147,1160,1173,1186,-177,1212,1225,1238,1251,-172
1777950922444,2026-05-05T03:15:22.444Z,634,825,838,851,864,-161,890,903,916,929,-196,955,968,981,994,-191,1020,1033,1046,1059,-186,1085,1098,1111,1124,-181,1150,1163,1176,1189,-176,1215,1228,1241,1254,-171
1777950922553,2026-05-05T03:15:22.553Z,635,828,841,854,867,-200,893,906,919,932,-195,958,971,984,997,-190,1023,1036,1049,1062,-185,1088,1101,1114,1127,-180,1153,1166,1179,1192,-175,1218,1231,1244,1257,-170
1777950922661,2026-05-05T03:15:22.661Z,636,831,844,857,870,-199,896,909,922,935,-194,961,974,987,1000,-189,1026,1039,1052,1065,-184,1091,1104,1117,1130,-179,1156,1169,1182,1195,-174,1221,1234,1247,1260,-169
1777950922771,2026-05-05T03:15:22.771Z,637,834,847,860,873,-198,899,912,925,938,-193,964,977,990,1003,-188,1029,1042,1055,1068,-183,1094,1107,1120,1133,-178,1159,1172,1185,1198,-173,1224,1237,1250,1263,-168
1777950922880,2026-05-05T03:15:22.880Z,638,837,850,863,876,-197,902,915,928,941,-192,967,980,993,1006,-187,1032,1045,1058,1071,-182,1097,1110,1123,1136,-177,1162,1175,1188,1201,-172,1227,1240,1253,1266,-167
1777950922989,2026-05-05T03:15:22.989Z,639,840,853,866,879,-196,905,918,931,944,-191,970,983,996,1009,-186,1035,1048,1061,1074,-181,1100,1113,1126,1139,-176,1165,1178,1191,1204,-171,1230,1243,1256,1269,-166
1777950923098,2026-05-05T03:15:23.098Z,640,843,856,869,882,-195,908,921,934,947,-190,973,986,999,1012,-185,1038,1051,1064,1077,-180,1103,1116,1129,1142,-175,1168,1181,1194,1207,-170,1233,1246,1259,1272,-165
1777950923206,2026-05-05T03:15:23.206Z,641,846,859,872,885,-194,911,924,937,950,-189,976,989,1002,1015,-184,1041,1054,1067,1080,-179,1106,1119,1132,1145,-174,1171,1184,1197,1210,-169,1236,1249,1262,1275,-164
1777950923315,2026-05-05T03:15:23.315Z,642,849,862,875,888,-193,914,927,940,953,-188,979,992,1005,1018,-183,1044,1057,1070,1083,-178,1109,1122,1135,1148,-173,1174,1187,1200,1213,-168,1239,1252,1265,1278,-163
1777950923423,2026-05-05T03:15:23.423Z,643,852,865,878,891,-192,917,930,943,956,-187,982,995,1008,1021,-182,1047,1060,1073,1086,-177,1112,1125,1138,1151,-172,1177,1190,1203,1216,-167,1242,1255,1268,1281,-162
1777950923532,2026-05-05T03:15:23.532Z,644,855,868,881,894,-191,920,933,946,959,-186,985,998,1011,1024,-181,1050,1063,1076,1089,-176,1115,1128,1141,1154,-171,1180,1193,1206,1219,-166,1245,1258,1271,1284,-161
1777950923641,2026-05-05T03:15:23.641Z,645,858,871,884,897,-190,923,936,949,962,-185,988,1001,1014,1027,-180,1053,1066,1079,1092,-175,1118,1131,1144,1157,-170,1183,1196,1209,1222,-165,1248,1261,1274,1287,-200
1777950923751,2026-05-05T03:15:23.751Z,646,861,874,887,900,-189,926,939,952,965,-184,991,1004,1017,1030,-179,1056,1069,1082,1095,-174,1121,1134,1147,1160,-169,1186,1199,1212,1225,-164,1251,1264,1277,1290,-199
1777950923858,2026-05-05T03:15:23.858Z,647,864,877,890,903,-188,929,942,955,968,-183,994,1007,1020,1033,-178,1059,1072,1085,1098,-173,1124,1137,1150,1163,-168,1189,1202,1215,1228,-163,1254,1267,1280,1293,-198
1777950923966,2026-05-05T03:15:23.966Z,648,867,880,893,906,-187,932,945,958,971,-182,997,1010,1023,1036,-177,1062,1075,1088,1101,-172,1127,1140,1153,1166,-167,1192,1205,1218,1231,-162,1257,1270,1283,1296,-197
1777950924076,2026-05-05T03:15:24.076Z,649,870,883,896,909,-186,935,948,961,974,-181,1000,1013,1026,1039,-176,1065,1078,1091,1104,-171,1130,1143,1156,1169,-166,1195,1208,1221,1234,-161,1260,1273,1286,1299,-196
1777950924186,2026-05-05T03:15:24.186Z,650,873,886,899,912,-185,938,951,964,977,-180,1003,1016,1029,1042,-175,1068,1081,1094,1107,-170,1133,1146,1159,1172,-165,1198,1211,1224,1237,-200,1263,1276,1289,1302,-195
1777950924294,2026-05-05T03:15:24.294Z,651,876,889,902,915,-184,941,954,967,980,-179,1006,1019,1032,1045,-174,1071,1084,1097,1110,-169,1136,1149,1162,1175,-164,1201,1214,1227,1240,-199,1266,1279,1292,1305,-194
1777950924403,2026-05-05T03:15:24.403Z,652,879,892,905,918,-183,944,957,970,983,-178,1009,1022,1035,1048,-173,1074,1087,1100,1113,-168,1139,1152,1165,1178,-163,1204,1217,1230,1243,-198,1269,1282,1295,1308,-193
1777950924511,2026-05-05T03:15:24.511Z,653,882,895,908,921,-182,947,960,973,986,-177,1012,1025,1038,1051,-172,1077,1090,1103,1116,-167,1142,1155,1168,1181,-162,1207,1220,1233,1246,-197,1272,1285,1298,1311,-192
1777950924619,2026-05-05T03:15:24.619Z,654,885,898,911,924,-181,950,963,976,989,-176,1015,1028,1041,1054,-171,1080,1093,1106,1119,-166,1145,1158,1171,1184,-161,1210,1223,1236,1249,-196,1275,1288,1301,1314,-191
1777950924728,2026-05-05T03:15:24.728Z,655,888,901,914,927,-180,953,966,979,992,-175,1018,1031,1044,1057,-170,1083,1096,1109,1122,-165,1148,1161,1174,1187,-200,1213,1226,1239,1252,-195,1278,1291,1304,1317,-190
1777950924837,2026-05-05T03:15:24.837Z,656,891,904,917,930,-179,956,969,982,995,-174,1021,1034,1047,1060,-169,1086,1099,1112,1125,-164,1151,1164,1177,1190,-199,1216,1229,1242,1255,-194,1281,1294,1307,1320,-189
1777950924946,2026-05-05T03:15:24.946Z,657,894,907,920,933,-178,959,972,985,998,-173,1024,1037,1050,1063,-168,1089,1102,1115,1128,-163,1154,1167,1180,1193,-198,1219,1232,1245,1258,-193,1284,1297,1310,1323,-188
1777950925053,2026-05-05T03:15:25.053Z,658,897,910,923,936,-177,962,975,988,1001,-172,1027,1040,1053,1066,-167,1092,1105,1118,1131,-162,1157,1170,1183,1196,-197,1222,1235,1248,1261,-192,1287,1300,1313,1326,-187
1777950925163,2026-05-05T03:15:25.163Z,659,900,913,926,939,-176,965,978,991,1004,-171,1030,1043,1056,1069,-166,1095,1108,1121,1134,-161,1160,1173,1186,1199,-196,1225,1238,1251,1264,-191,1290,1303,1316,1329,-186
1777950925273,2026-05-05T03:15:25.273Z,660,813,826,839,852,-175,878,891,904,917,-170,943,956,969,982,-165,1008,1021,1034,1047,-200,1073,1086,1099,1112,-195,1138,1151,1164,1177,-190,1203,1216,1229,1242,-185
1777950925382,2026-05-05T03:15:25.382Z,661,816,829,842,855,-174,881,894,907,920,-169,946,959,972,985,-164,1011,1024,1037,1050,-199,1076,1089,1102,1115,-194,1141,1154,1167,1180,-189,1206,1219,1232,1245,-184
1777950925489,2026-05-05T03:15:25.489Z,662,819,832,845,858,-173,884,897,910,923,-168,949,962,975,988,-163,1014,1027,1040,1053,-198,1079,1092,1105,1118,-193,1144,1157,1170,1183,-188,1209,1222,1235,1248,-183
1777950925598,2026-05-05T03:15:25.598Z,663,822,835,848,861,-172,887,900,913,926,-167,952,965,978,991,-162,1017,1030,1043,1056,-197,1082,1095,1108,1121,-192,1147,1160,1173,1186,-187,1212,1225,1238,1251,-182
1777950925707,2026-05-05T03:15:25.707Z,664,825,838,851,864,-171,890,903,916,929,-166,955,968,981,994,-161,1020,1033,1046,1059,-196,1085,1098,1111,1124,-191,1150,1163,1176,1189,-186,1215,1228,1241,1254,-181
1777950925815,2026-05-05T03:15:25.815Z,665,828,841,854,867,-170,893,906,919,932,-165,958,971,984,997,-200,1023,1036,1049,1062,-195,1088,1101,1114,1127,-190,1153,1166,1179,1192,-185,1218,1231,1244,1257,-180
1777950925924,2026-05-05T03:15:25.924Z,666,831,844,857,870,-169,896,909,922,935,-164,961,974,987,1000,-199,1026,1039,1052,1065,-194,1091,1104,1117,1130,-189,1156,1169,1182,1195,-184,1221,1234,1247,1260,-179
1777950926034,2026-05-05T03:15:26.034Z,667,834,847,860,873,-168,899,912,925,938,-163,964,977,990,1003,-198,1029,1042,1055,1068,-193,1094,1107,1120,1133,-188,1159,1172,1185,1198,-183,1224,1237,1250,1263,-178
1777950926140,2026-05-05T03:15:26.140Z,668,837,850,863,876,-167,902,915,928,941,-162,967,980,993,1006,-197,1032,1045,1058,1071,-192,1097,1110,1123,1136,-187,1162,1175,1188,1201,-182,1227,1240,1253,1266,-177
1777950926248,2026-05-05T03:15:26.248Z,669,840,853,866,879,-166,905,918,931,944,-161,970,983,996,1009,-196,1035,1048,1061,1074,-191,1100,1113,1126,1139,-186,1165,1178,1191,1204,-181,1230,1243,1256,1269,-176
1777950926356,2026-05-05T03:15:26.356Z,670,843,856,869,882,-165,908,921,934,947,-200,973,986,999,1012,-195,1038,1051,1064,1077,-190,1103,1116,1129,1142,-185,1168,1181,1194,1207,-180,1233,1246,1259,1272,-175
1777950926465,2026-05-05T03:15:26.465Z,671,846,859,872,885,-164,911,924,937,950,-199,976,989,1002,1015,-194,1041,1054,1067,1080,-189,1106,1119,1132,1145,-184,1171,1184,1197,1210,-179,1236,1249,1262,1275,-174
1777950926574,2026-05-05T03:15:26.574Z,672,849,862,875,888,-163,914,927,940,953,-198,979,992,1005,1018,-193,1044,1057,1070,1083,-188,1109,1122,1135,1148,-183,1174,1187,1200,1213,-178,1239,1252,1265,1278,-173
1777950926682,2026-05-05T03:15:26.682Z,673,852,865,878,891,-162,917,930,943,956,-197,982,995,1008,1021,-192,1047,1060,1073,1086,-187,1112,1125,1138,1151,-182,1177,1190,1203,1216,-177,1242,1255,1268,1281,-172
1777950926791,2026-05-05T03:15:26.791Z,674,855,868,881,894,-161,920,933,946,959,-196,985,998,1011,1024,-191,1050,1063,1076,1089,-186,1115,1128,1141,1154,-181,1180,1193,1206,1219,-176,1245,1258,1271,1284,-171
1777950926900,2026-05-05T03:15:26.900Z,675,858,871,884,897,-200,923,936,949,962,-195,988,1001,1014,1027,-190,1053,1066,1079,1092,-185,1118,1131,1144,1157,-180,1183,1196,1209,1222,-175,1248,1261,1274,1287,-170
1777950927009,2026-05-05T03:15:27.009Z,676,861,874,887,900,-199,926,939,952,965,-194,991,1004,1017,1030,-189,1056,1069,1082,1095,-184,1121,1134,1147,1160,-179,1186,1199,1212,1225,-174,1251,1264,1277,1290,-169
1777950927118,2026-05-05T03:15:27.118Z,677,864,877,890,903,-198,929,942,955,968,-193,994,1007,1020,1033,-188,1059,1072,1085,1098,-183,1124,1137,1150,1163,-178,1189,1202,1215,1228,-173,1254,1267,1280,1293,-168
1777950927228,2026-05-05T03:15:27.228Z,678,867,880,893,906,-197,932,945,958,971,-192,997,1010,1023,1036,-187,1062,1075,1088,1101,-182,1127,1140,1153,1166,-177,1192,1205,1218,1231,-172,1257,1270,1283,1296,-167
1777950927337,2026-05-05T03:15:27.337Z,679,870,883,896,909,-196,935,948,961,974,-191,1000,1013,1026,1039,-186,1065,1078,1091,1104,-181,1130,1143,1156,1169,-176,1195,1208,1221,1234,-171,1260,1273,1286,1299,-166
1777950927446,2026-05-05T03:15:27.446Z,680,873,886,899,912,-195,938,951,964,977,-190,1003,1016,1029,1042,-185,1068,1081,1094,1107,-180,1133,1146,1159,1172,-175,1198,1211,1224,1237,-170,1263,1276,1289,1302,-165
1777950927555,2026-05-05T03:15:27.555Z,681,876,889,902,915,-194,941,954,967,980,-189,1006,1019,1032,1045,-184,1071,1084,1097,1110,-179,1136,1149,1162,1175,-174,1201,1214,1227,1240,-169,1266,1279,1292,1305,-164
1777950927664,2026-05-05T03:15:27.664Z,682,879,892,905,918,-193,944,957,970,983,-188,1009,1022,1035,1048,-183,1074,1087,1100,1113,-178,1139,1152,1165,1178,-173,1204,1217,1230,1243,-168,1269,1282,1295,1308,-163
1777950927774,2026-05-05T03:15:27.774Z,683,882,895,908,921,-192,947,960,973,986,-187,1012,1025,1038,1051,-182,1077,1090,1103,1116,-177,1142,1155,1168,1181,-172,1207,1220,1233,1246,-167,1272,1285,1298,1311,-162
1777950927884,2026-05-05T03:15:27.884Z,684,885,898,911,924,-191,950,963,976,989,-186,1015,1028,1041,1054,-181,1080,1093,1106,1119,-176,1145,1158,1171,1184,-171,1210,1223,1236,1249,-166,1275,1288,1301,1314,-161
1777950927992,2026-05-05T03:15:27.992Z,685,888,901,914,927,-190,953,966,979,992,-185,1018,1031,1044,1057,-180,1083,1096,1109,1122,-175,1148,1161,1174,1187,-170,1213,1226,1239,1252,-165,1278,1291,1304,1317,-200
1777950928102,2026-05-05T03:15:28.102Z,686,891,904,917,930,-189,956,969,982,995,-184,1021,1034,1047,1060,-179,1086,1099,1112,1125,-174,1151,1164,1177,1190,-169,1216,1229,1242,1255,-164,1281,1294,1307,1320,-199
1777950928212,2026-05-05T03:15:28.212Z,687,894,907,920,933,-188,959,972,985,998,-183,1024,1037,1050,1063,-178,1089,1102,1115,1128,-173,1154,1167,1180,1193,-168,1219,1232,1245,1258,-163,1284,1297,1310,1323,-198
1777950928321,2026-05-05T03:15:28.321Z,688,897,910,923,936,-187,962,975,988,1001,-182,1027,1040,1053,1066,-177,1092,1105,1118,1131,-172,1157,1170,1183,1196,-167,1222,1235,1248,1261,-162,1287,1300,1313,1326,-197
1777950928431,2026-05-05T03:15:28.431Z,689,900,913,926,939,-186,965,978,991,1004,-181,1030,1043,1056,1069,-176,1095,1108,1121,1134,-171,1160,1173,1186,1199,-166,1225,1238,1251,1264,-161,1290,1303,1316,1329,-196
1777950928542,2026-05-05T03:15:28.542Z,690,813,826,839,852,-185,878,891,904,917,-180,943,956,969,982,-175,1008,1021,1034,1047,-170,1073,1086,1099,1112,-165,1138,1151,1164,1177,-200,1203,1216,1229,1242,-195
1777950928651,2026-05-05T03:15:28.651Z,691,816,829,842,855,-184,881,894,907,920,-179,946,959,972,985,-174,1011,1024,1037,1050,-169,1076,1089,1102,1115,-164,1141,1154,1167,1180,-199,1206,1219,1232,1245,-194
1777950928760,2026-05-05T03:15:28.760Z,692,819,832,845,858,-183,884,897,910,923,-178,949,962,975,988,-173,1014,1027,1040,1053,-168,1079,1092,1105,1118,-163,1144,1157,1170,1183,-198,1209,1222,1235,1248,-193
1777950928870,2026-05-05T03:15:28.870Z,693,822,835,848,861,-182,887,900,913,926,-177,952,965,978,991,-172,1017,1030,1043,1056,-167,1082,1095,1108,1121,-162,1147,1160,1173,1186,-197,1212,1225,1238,1251,-192
1777950928978,2026-05-05T03:15:28.978Z,694,825,838,851,864,-181,890,903,916,929,-176,955,968,981,994,-171,1020,1033,1046,1059,-166,1085,1098,1111,1124,-161,1150,1163,1176,1189,-196,1215,1228,1241,1254,-191
1777950929087,2026-05-05T03:15:29.087Z,695,828,841,854,867,-180,893,906,919,932,-175,958,971,984,997,-170,1023,1036,1049,1062,-165,1088,1101,1114,1127,-200,1153,1166,1179,1192,-195,1218,1231,1244,1257,-190
1777950929194,2026-05-05T03:15:29.194Z,696,831,844,857,870,-179,896,909,922,935,-174,961,974,987,1000,-169,1026,1039,1052,1065,-164,1091,1104,1117,1130,-199,1156,1169,1182,1195,-194,1221,1234,1247,1260,-189
1777950929304,2026-05-05T03:15:29.304Z,697,834,847,860,873,-178,899,912,925,938,-173,964,977,990,1003,-168,1029,1042,1055,1068,-163,1094,1107,1120,1133,-198,1159,1172,1185,1198,-193,1224,1237,1250,1263,-188
1777950929413,2026-05-05T03:15:29.413Z,698,837,850,863,876,-177,902,915,928,941,-172,967,980,993,1006,-167,1032,1045,1058,1071,-162,1097,1110,1123,1136,-197,1162,1175,1188,1201,-192,1227,1240,1253,1266,-187
1777950929522,2026-05-05T03:15:29.522Z,699,840,853,866,879,-176,905,918,931,944,-171,970,983,996,1009,-166,1035,1048,1061,1074,-161,1100,1113,1126,1139,-196,1165,1178,1191,1204,-191,1230,1243,1256,1269,-186
1777950929629,2026-05-05T03:15:29.629Z,700,843,856,869,882,-175,908,921,934,947,-170,973,986,999,1012,-165,1038,1051,1064,1077,-200,1103,1116,1129,1142,-195,1168,1181,1194,1207,-190,1233,1246,1259,1272,-185
1777950929738,2026-05-05T03:15:29.738Z,701,846,859,872,885,-174,911,924,937,950,-169,976,989,1002,1015,-164,1041,1054,1067,1080,-199,1106,1119,1132,1145,-194,1171,1184,1197,1210,-189,1236,1249,1262,1275,-184
1777950929848,2026-05-05T03:15:29.848Z,702,849,862,875,888,-173,914,927,940,953,-168,979,992,1005,1018,-163,1044,1057,1070,1083,-198,1109,1122,1135,1148,-193,1174,1187,1200,1213,-188,1239,1252,1265,1278,-183
1777950929958,2026-05-05T03:15:29.958Z,703,852,865,878,891,-172,917,930,943,956,-167,982,995,1008,1021,-162,1047,1060,1073,1086,-197,1112,1125,1138,1151,-192,1177,1190,1203,1216,-187,1242,1255,1268,1281,-182
1777950930068,2026-05-05T03:15:30.068Z,704,855,868,881,894,-171,920,933,946,959,-166,985,998,1011,1024,-161,1050,1063,1076,1089,-196,1115,1128,1141,1154,-191,1180,1193,1206,1219,-186,1245,1258,1271,1284,-181
1777950930177,2026-05-05T03:15:30.177Z,705,858,871,884,897,-170,923,936,949,962,-165,988,1001,1014,1027,-200,1053,1066,1079,1092,-195,1118,1131,1144,1157,-190,1183,1196,1209,1222,-185,1248,1261,1274,1287,-180
1777950930287,2026-05-05T03:15:30.287Z,706,861,874,887,900,-169,926,939,952,965,-164,991,1004,1017,1030,-199,1056,1069,1082,1095,-194,1121,1134,1147,1160,-189,1186,1199,1212,1225,-184,1251,1264,1277,1290,-179
1777950930397,2026-05-05T03:15:30.397Z,707,864,877,890,903,-168,929,942,955,968,-163,994,1007,1020,1033,-198,1059,1072,1085,1098,-193,1124,1137,1150,1163,-188,1189,1202,1215,1228,-183,1254,1267,1280,1293,-178
1777950930506,2026-05-05T03:15:30.506Z,708,867,880,893,906,-167,932,945,958,971,-162,997,1010,1023,1036,-197,1062,1075,1088,1101,-192,1127,1140,1153,1166,-187,1192,1205,1218,1231,-182,1257,1270,1283,1296,-177
1777950930614,2026-05-05T03:15:30.614Z,709,870,883,896,909,-166,935,948,961,974,-161,1000,1013,1026,1039,-196,1065,1078,1091,1104,-191,1130,1143,1156,1169,-186,1195,1208,1221,1234,-181,1260,1273,1286,1299,-176
1777950930723,2026-05-05T03:15:30.723Z,710,873,886,899,912,-165,938,951,964,977,-200,1003,1016,1029,1042,-195,1068,1081,1094,1107,-190,1133,1146,1159,1172,-185,1198,1211,1224,1237,-180,1263,1276,1289,1302,-175
1777950930832,2026-05-05T03:15:30.832Z,711,876,889,902,915,-164,941,954,967,980,-199,1006,1019,1032,1045,-194,1071,1084,1097,1110,-189,1136,1149,1162,1175,-184,1201,1214,1227,1240,-179,1266,1279,1292,1305,-174
1777950930942,2026-05-05T03:15:30.942Z,712,879,892,905,918,-163,944,957,970,983,-198,1009,1022,1035,1048,-193,1074,1087,1100,1113,-188,1139,1152,1165,1178,-183,1204,1217,1230,1243,-178,1269,1282,1295,1308,-173
1777950931051,2026-05-05T03:15:31.051Z,713,882,895,908,921,-162,947,960,973,986,-197,1012,1025,1038,1051,-192,1077,1090,1103,1116,-187,1142,1155,1168,1181,-182,1207,1220,1233,1246,-177,1272,1285,1298,1311,-172
1777950931162,2026-05-05T03:15:31.162Z,714,885,898,911,924,-161,950,963,976,989,-196,1015,1028,1041,1054,-191,1080,1093,1106,1119,-186,1145,1158,1171,1184,-181,1210,1223,1236,1249,-176,1275,1288,1301,1314,-171
1777950931271,2026-05-05T03:15:31.271Z,715,888,901,914,927,-200,953,966,979,992,-195,1018,1031,1044,1057,-190,1083,1096,1109,1122,-185,1148,1161,1174,1187,-180,1213,1226,1239,1252,-175,1278,1291,1304,1317,-170
1777950931379,2026-05-05T03:15:31.379Z,716,891,904,917,930,-199,956,969,982,995,-194,1021,1034,1047,1060,-189,1086,1099,1112,1125,-184,1151,1164,1177,1190,-179,1216,1229,1242,1255,-174,1281,1294,1307,1320,-169
1777950931487,2026-05-05T03:15:31.487Z,717,894,907,920,933,-198,959,972,985,998,-193,1024,1037,1050,1063,-188,1089,1102,1115,1128,-183,1154,1167,1180,1193,-178,1219,1232,1245,1258,-173,1284,1297,1310,1323,-168
1777950931596,2026-05-05T03:15:31.596Z,718,897,910,923,936,-197,962,975,988,1001,-192,1027,1040,1053,1066,-187,1092,1105,1118,1131,-182,1157,1170,1183,1196,-177,1222,1235,1248,1261,-172,1287,1300,1313,1326,-167
1777950931704,2026-05-05T03:15:31.704Z,719,900,913,926,939,-196,965,978,991,1004,-191,1030,1043,1056,1069,-186,1095,1108,1121,1134,-181,1160,1173,1186,1199,-176,1225,1238,1251,1264,-171,1290,1303,1316,1329,-166
1777950931813,2026-05-05T03:15:31.813Z,720,813,826,839,852,-195,878,891,904,917,-190,943,956,969,982,-185,1008,1021,1034,1047,-180,1073,1086,1099,1112,-175,1138,1151,1164,1177,-170,1203,1216,1229,1242,-165
1777950931922,2026-05-05T03:15:31.922Z,721,816,829,842,855,-194,881,894,907,920,-189,946,959,972,985,-184,1011,1024,1037,1050,-179,1076,1089,1102,1115,-174,1141,1154,1167,1180,-169,1206,1219,1232,1245,-164
1777950932031,2026-05-05T03:15:32.031Z,722,819,832,845,858,-193,884,897,910,923,-188,949,962,975,988,-183,1014,1027,1040,1053,-178,1079,1092,1105,1118,-173,1144,1157,1170,1183,-168,1209,1222,1235,1248,-163
1777950932139,2026-05-05T03:15:32.139Z,723,822,835,848,861,-192,887,900,913,926,-187,952,965,978,991,-182,1017,1030,1043,1056,-177,1082,1095,1108,1121,-172,1147,1160,1173,1186,-167,1212,1225,1238,1251,-162
1777950932249,2026-05-05T03:15:32.249Z,724,825,838,851,864,-191,890,903,916,929,-186,955,968,981,994,-181,1020,1033,1046,1059,-176,1085,1098,1111,1124,-171,1150,1163,1176,1189,-166,1215,1228,1241,1254,-161
1777950932356,2026-05-05T03:15:32.356Z,725,828,841,854,867,-190,893,906,919,932,-185,958,971,984,997,-180,1023,1036,1049,1062,-175,1088,1101,1114,1127,-170,1153,1166,1179,1192,-165,1218,1231,1244,1257,-200
1777950932465,2026-05-05T03:15:32.465Z,726,831,844,857,870,-189,896,909,922,935,-184,961,974,987,1000,-179,1026,1039,1052,1065,-174,1091,1104,1117,1130,-169,1156,1169,1182,1195,-164,1221,1234,1247,1260,-199
